Workbook
Name BO: #REF!
Name BO點數: [1]期貨!$A$1:$AH$1
Name DATE: #REF!
Name 日期: 日期!$A$1:$AG$3
Name 月供應率: 月供應率!$A$1:$P$22
Name 月供應率ALL: 月供應率ALL!$A$1:$O$23
Name 月庫存金額: 月庫存金額!$A$1:$AB$26
Name 月點數BO: 月點數BO!$A$1:$O$20
Name 供應率: 供應率!$A$1:$AI$22
Name 供應率ALL: 供應率ALL!$A$1:$AH$23
Name 庫存金額: 庫存金額!$A$1:$AI$25
Name 庫存金額A類: 庫存金額A類!$A$1:$AH$4
Name 期貨: [1]當年月推移!$A$1:$AI$1
Name 期貨金額: 期貨金額!$A$1:$AI$21
Name 點數BO: 點數BO!$A$1:$AH$20

Sheet 當月份
A2: ㄧ、庫存金額日推移123
A3: 商品別 | D3: =YEAR(日期!C2)-1&"/"&MONTH(日期!C2) -> 2024/5 | E3: =YEAR(日期!C2)&"/"&MONTH(日期!C2) -> 2025/5 | F3: =YEAR(日期!C2) -> 2025 | G3: =YEAR(日期!C2) -> 2025 | H3: =YEAR(日期!C2) -> 2025 | I3: =日期!C2 -> 2025/05/01 | J3: =日期!D2 -> 2025/05/02 | K3: =日期!E2 -> 2025/05/03 | L3: =日期!F2 -> 2025/05/04 | M3: =日期!G2 -> 2025/05/05 | N3: =日期!H2 -> 2025/05/06 | O3: =日期!I2 -> 2025/05/07 | P3: =日期!J2 -> 2025/05/08 | ... AM3: =日期!AG2 -> 2025/05/31 | AN3: 日推移增減 | AO3: 本月庫存平均
D4: 實績 | E4: 目標 | F4: 至前月目標平均 | G4: 至前月實績(平均) | H4: 至前月實績(月底) | I4: =日期!C3 -> Thu | J4: =日期!D3 -> Fri | K4: =日期!E3 -> Sat | L4: =日期!F3 -> Sun | M4: =日期!G3 -> Mon | N4: =日期!H3 -> Tue | O4: =日期!I3 -> Wed | P4: =日期!J3 -> Thu | ... AM4: =日期!AG3 -> Sat
A5: 管理全商品 | D5: =D6+D13+D18+D26 -> 5.5484451e+08 | E5: =E6+E13+E18+E26 -> 6.2406008e+08 | F5: =F6+F13+F18+F26 -> 6.419635e+08 | G5: =G6+G13+G18+G26 -> 609877385 | H5: =H6+H13+H18+H26 -> 636071307 | I5: =I6+I13+I18+I26 -> 684014258 | J5: =J6+J13+J18+J26 -> 676952599 | K5: =K6+K13+K18+K26 -> 661941396 | ... AO5: =AO6+AO13+AO18+AO26 -> 6.4398309e+08 | AP5: =AJ5/10000 -> 61978.482 | AQ5: =AO5/10000 -> 64398.309
B6: 主商品 | D6: =SUM(D7:D12) -> 3.3071575e+08 | E6: =SUM(E7:E12) -> 3.4355299e+08 | F6: =SUM(F7:F12) -> 3.4793065e+08 | G6: =SUM(G7:G12) -> 346020235 | H6: =SUM(H7:H12) -> 363133490 | I6: =SUM(I7:I12) -> 369084774 | J6: =SUM(J7:J12) -> 359856476 | K6: =SUM(K7:K12) -> 350053666 | ... AO6: =SUM(AO7:AO12) -> 3.4129516e+08 | AP6: =AJ6/10000 -> 32571.811 | AQ6: =AO6/10000 -> 34129.516
C7: A 豐 田 | D7: =HLOOKUP(MONTH(日期!$C$2),去年月推移!$D$1:$O$33,5,TRUE) -> 2.9049416e+08 | E7: =HLOOKUP(MONTH(日期!$C$2),當年目標設定!$D$1:$O$33,5,TRUE) -> 2.9986129e+08 | F7: =HLOOKUP(MONTH(日期!$C$2),當年目標設定!$R$1:$AC$33,5,TRUE) -> 3.0119345e+08 | G7: =當年月推移!P5 -> 298934055 | H7: =當年月推移!P39 -> 308322760 | I7: =VALUE(庫存金額!C2) -> 311974084 | J7: =VALUE(庫存金額!D2) -> 307339949 | K7: =VALUE(庫存金額!E2) -> 304349072 | L7: =VALUE(庫存金額!F2) -> 304335526 | M7: =VALUE(庫存金額!G2) -> 305949450 | N7: =VALUE(庫存金額!H2) -> 304814994 | O7: =VALUE(庫存金額!I2) -> 313159147 | P7: =VALUE(庫存金額!J2) -> 315264198 | ... AO7: =VALUE(庫存金額!AI2) -> 2.9821125e+08 | AP7: =AJ7/10000 -> 27825.346 | AQ7: =AO7/10000 -> 29821.125
C8: J 油 料 | D8: =HLOOKUP(MONTH(日期!$C$2),去年月推移!$D$1:$O$33,6,TRUE) -> 5803713.5 | E8: =HLOOKUP(MONTH(日期!$C$2),當年目標設定!$D$1:$O$33,6,TRUE) -> 5817287.8 | F8: =HLOOKUP(MONTH(日期!$C$2),當年目標設定!$R$1:$AC$33,6,TRUE) -> 6699898.7 | G8: =當年月推移!$P6 -> 6609067 | H8: =當年月推移!P40 -> 8190649 | I8: =VALUE(庫存金額!C4) -> 6400194 | J8: =VALUE(庫存金額!D4) -> 5793832 | K8: =VALUE(庫存金額!E4) -> 4172804 | L8: =VALUE(庫存金額!F4) -> 4172804 | M8: =VALUE(庫存金額!G4) -> 4090908 | N8: =VALUE(庫存金額!H4) -> 5178997 | O8: =VALUE(庫存金額!I4) -> 4948274 | P8: =VALUE(庫存金額!J4) -> 5571175 | ... AO8: =VALUE(庫存金額!AI4) -> 5731138 | AP8: =AJ8/10000 -> 567.0066 | AQ8: =AO8/10000 -> 573.1138
C9: O 工具對策 | D9: =HLOOKUP(MONTH(日期!$C$2),去年月推移!$D$1:$O$33,7,TRUE) -> 3746962.9 | E9: =HLOOKUP(MONTH(日期!$C$2),當年目標設定!$D$1:$O$33,7,TRUE) -> 7794994.3 | F9: =HLOOKUP(MONTH(日期!$C$2),當年目標設定!$R$1:$AC$33,7,TRUE) -> 9312238.8 | G9: =當年月推移!$P7 -> 9291496 | H9: =當年月推移!P41 -> 8866156 | I9: =VALUE(庫存金額!C5) -> 6800876 | J9: =VALUE(庫存金額!D5) -> 7018299 | K9: =VALUE(庫存金額!E5) -> 6929576 | L9: =VALUE(庫存金額!F5) -> 6929576 | M9: =VALUE(庫存金額!G5) -> 6811797 | N9: =VALUE(庫存金額!H5) -> 6680095 | O9: =VALUE(庫存金額!I5) -> 6447781 | P9: =VALUE(庫存金額!J5) -> 6289744 | ... AO9: =VALUE(庫存金額!AI5) -> 5885981.3 | AP9: =AJ9/10000 -> 524.1109 | AQ9: =AO9/10000 -> 588.59813
C10: N 用品補修件 | D10: =HLOOKUP(MONTH(日期!$C$2),去年月推移!$D$1:$O$33,8,TRUE) -> 19958825 | E10: =HLOOKUP(MONTH(日期!$C$2),當年目標設定!$D$1:$O$33,8,TRUE) -> 18097093 | F10: =HLOOKUP(MONTH(日期!$C$2),當年目標設定!$R$1:$AC$33,8,TRUE) -> 18767602 | G10: =當年月推移!$P8 -> 19818962 | H10: =當年月推移!P42 -> 21051552 | I10: =VALUE(庫存金額!C6) -> 21065273 | J10: =VALUE(庫存金額!D6) -> 21030984 | K10: =VALUE(庫存金額!E6) -> 18935940 | L10: =VALUE(庫存金額!F6) -> 18944440 | M10: =VALUE(庫存金額!G6) -> 19015629 | N10: =VALUE(庫存金額!H6) -> 19222197 | O10: =VALUE(庫存金額!I6) -> 18480250 | P10: =VALUE(庫存金額!J6) -> 19224641 | ... AO10: =VALUE(庫存金額!AI6) -> 19873426 | AP10: =AJ10/10000 -> 2326.4593 | AQ10: =AO10/10000 -> 1987.3426
C11: C 日 野 | D11: =HLOOKUP(MONTH(日期!$C$2),去年月推移!$D$1:$O$33,9,TRUE) -> 0 | E11: =HLOOKUP(MONTH(日期!$C$2),當年目標設定!$D$1:$O$33,9,TRUE) -> 0 | F11: =HLOOKUP(MONTH(日期!$C$2),當年目標設定!$R$1:$AC$33,9,TRUE) -> 0 | G11: =當年月推移!$P9 -> 0 | H11: =當年月推移!P43 -> 0 | I11: =VALUE(庫存金額!C7) -> 0 | J11: =VALUE(庫存金額!D7) -> 0 | K11: =VALUE(庫存金額!E7) -> 0 | L11: =VALUE(庫存金額!F7) -> 0 | M11: =VALUE(庫存金額!G7) -> 0 | N11: =VALUE(庫存金額!H7) -> 0 | O11: =VALUE(庫存金額!I7) -> 0 | P11: =VALUE(庫存金額!J7) -> 0 | ... AO11: =VALUE(庫存金額!AI7) -> 0 | AP11: =AJ11/10000 -> 0 | AQ11: =AO11/10000 -> 0
C12: H 輪 胎 | D12: =HLOOKUP(MONTH(日期!$C$2),去年月推移!$D$1:$O$33,10,TRUE) -> 10712095 | E12: =HLOOKUP(MONTH(日期!$C$2),當年目標設定!$D$1:$O$33,10,TRUE) -> 11982324 | F12: =HLOOKUP(MONTH(日期!$C$2),當年目標設定!$R$1:$AC$33,10,TRUE) -> 11957463 | G12: =當年月推移!$P10 -> 11366655 | H12: =當年月推移!P44 -> 16702373 | I12: =VALUE(庫存金額!C8) -> 22844347 | J12: =VALUE(庫存金額!D8) -> 18673412 | K12: =VALUE(庫存金額!E8) -> 15666274 | L12: =VALUE(庫存金額!F8) -> 15666274 | M12: =VALUE(庫存金額!G8) -> 12022271 | N12: =VALUE(庫存金額!H8) -> 12367191 | O12: =VALUE(庫存金額!I8) -> 12485632 | P12: =VALUE(庫存金額!J8) -> 11439101 | ... AO12: =VALUE(庫存金額!AI8) -> 11593368 | AP12: =AJ12/10000 -> 1328.8885 | AQ12: =AO12/10000 -> 1159.3368
B13: 其他 | D13: =SUM(D14:D17) -> 13122132 | E13: =SUM(E14:E17) -> 12222079 | F13: =SUM(F14:F17) -> 11024745 | G13: =SUM(G14:G17) -> 1986660 | H13: =SUM(H14:H17) -> 2177264 | I13: =SUM(I14:I17) -> 13956053 | J13: =SUM(J14:J17) -> 14246366 | K13: =SUM(K14:K17) -> 12743986 | ... AO13: =SUM(AO14:AO17) -> 11788373 | AP13: =AJ13/10000 -> 1520.0992 | AQ13: =AO13/10000 -> 1178.8373
C14: E 噴射泵 | D14: =HLOOKUP(MONTH(日期!$C$2),去年月推移!$D$1:$O$33,12,TRUE) -> 0 | E14: =HLOOKUP(MONTH(日期!$C$2),當年目標設定!$D$1:$O$33,12,TRUE) -> 0 | F14: =HLOOKUP(MONTH(日期!$C$2),當年目標設定!$R$1:$AC$33,12,TRUE) -> 0 | G14: =當年月推移!P12 -> 0 | H14: =當年月推移!P46 -> 0 | I14: =VALUE(庫存金額!C9) -> 0 | J14: =VALUE(庫存金額!D9) -> 0 | K14: =VALUE(庫存金額!E9) -> 0 | L14: =VALUE(庫存金額!F9) -> 0 | M14: =VALUE(庫存金額!G9) -> 0 | N14: =VALUE(庫存金額!H9) -> 0 | O14: =VALUE(庫存金額!I9) -> 0 | P14: =VALUE(庫存金額!J9) -> 0 | ... AO14: =VALUE(庫存金額!AI9) -> 0
C15: F 電 裝 | D15: =HLOOKUP(MONTH(日期!$C$2),去年月推移!$D$1:$O$33,13,TRUE) -> 3735778.2 | E15: =HLOOKUP(MONTH(日期!$C$2),當年目標設定!$D$1:$O$33,13,TRUE) -> 3075747.8 | F15: =HLOOKUP(MONTH(日期!$C$2),當年目標設定!$R$1:$AC$33,13,TRUE) -> 1648865.1 | G15: =當年月推移!P13 -> 1695067 | H15: =當年月推移!P47 -> 1886353 | I15: =VALUE(庫存金額!C10) -> 2642042 | J15: =VALUE(庫存金額!D10) -> 2489817 | K15: =VALUE(庫存金額!E10) -> 2382952 | L15: =VALUE(庫存金額!F10) -> 2382952 | M15: =VALUE(庫存金額!G10) -> 2203662 | N15: =VALUE(庫存金額!H10) -> 2083032 | O15: =VALUE(庫存金額!I10) -> 2616642 | P15: =VALUE(庫存金額!J10) -> 2461137 | ... AO15: =VALUE(庫存金額!AI10) -> 2055329.9
C16: U 咖啡 | D16: =HLOOKUP(MONTH(日期!$C$2),去年月推移!$D$1:$O$33,14,TRUE) -> 173471.55 | E16: =HLOOKUP(MONTH(日期!$C$2),當年目標設定!$D$1:$O$33,14,TRUE) -> 303775.24 | F16: =HLOOKUP(MONTH(日期!$C$2),當年目標設定!$R$1:$AC$33,14,TRUE) -> 344969.48 | G16: =當年月推移!P15 -> 291593 | H16: =當年月推移!P49 -> 290911 | I16: =VALUE(庫存金額!C14) -> 243488 | J16: =VALUE(庫存金額!D14) -> 240788 | K16: =VALUE(庫存金額!E14) -> 238238 | L16: =VALUE(庫存金額!F14) -> 238238 | M16: =VALUE(庫存金額!G14) -> 234458 | N16: =VALUE(庫存金額!H14) -> 233378 | O16: =VALUE(庫存金額!I14) -> 245258 | P16: =VALUE(庫存金額!J14) -> 244718 | ... AO16: =VALUE(庫存金額!AI14) -> 226225.1
C17: 6 國採用品零件 | D17: =HLOOKUP(MONTH(日期!$C$2),去年月推移!$D$1:$O$33,15,TRUE) -> 9212882.6 | E17: =HLOOKUP(MONTH(日期!$C$2),當年目標設定!$D$1:$O$33,15,TRUE) -> 8842556.1 | F17: =HLOOKUP(MONTH(日期!$C$2),當年目標設定!$R$1:$AC$33,15,TRUE) -> 9030910.3 | G17: =當年月推移!P33 -> 0 | H17: =當年月推移!P67 -> 0 | I17: =VALUE(庫存金額!C24) -> 11070523 | J17: =VALUE(庫存金額!D24) -> 11515761 | K17: =VALUE(庫存金額!E24) -> 10122796 | L17: =VALUE(庫存金額!F24) -> 10122796 | M17: =VALUE(庫存金額!G24) -> 8860220 | N17: =VALUE(庫存金額!H24) -> 8522101 | O17: =VALUE(庫存金額!I24) -> 7658952 | P17: =VALUE(庫存金額!J24) -> 10206107 | ... AO17: =VALUE(庫存金額!AI24) -> 9506818.2
B18: LEXUS零件 | D18: =SUM(D19:D25) -> 2.0928344e+08 | E18: =SUM(E19:E25) -> 2.6828502e+08 | F18: =SUM(F19:F25) -> 2.830081e+08 | G18: =SUM(G19:G25) -> 246876181 | H18: =SUM(H19:H25) -> 255041305 | I18: =SUM(I19:I25) -> 292848960 | J18: =SUM(J19:J25) -> 294587385 | K18: =SUM(K19:K25) -> 291035772 | ... AO18: =SUM(AO19:AO25) -> 2.8299989e+08 | AP18: =AJ18/10000 -> 26820.987 | AQ18: =AO18/10000 -> 28299.989
C19: D LEXUS | D19: =HLOOKUP(MONTH(日期!$C$2),去年月推移!$D$1:$O$33,17,TRUE) -> 1.8175839e+08 | E19: =HLOOKUP(MONTH(日期!$C$2),當年目標設定!$D$1:$O$33,17,TRUE) -> 2.4372645e+08 | F19: =HLOOKUP(MONTH(日期!$C$2),當年目標設定!$R$1:$AC$33,17,TRUE) -> 2.5749941e+08 | G19: =當年月推移!P17 -> 225770603 | H19: =當年月推移!P51 -> 232645519 | I19: =VALUE(庫存金額!C3) -> 249410081 | J19: =VALUE(庫存金額!D3) -> 251063268 | K19: =VALUE(庫存金額!E3) -> 249183991 | L19: =VALUE(庫存金額!F3) -> 249183991 | M19: =VALUE(庫存金額!G3) -> 250375060 | N19: =VALUE(庫存金額!H3) -> 250382011 | O19: =VALUE(庫存金額!I3) -> 250622297 | P19: =VALUE(庫存金額!J3) -> 249929837 | ... AO19: =VALUE(庫存金額!AI3) -> 2.4436522e+08
C20: M 油 料 | D20: =HLOOKUP(MONTH(日期!$C$2),去年月推移!$D$1:$O$33,18,TRUE) -> 2373800.7 | E20: =HLOOKUP(MONTH(日期!$C$2),當年目標設定!$D$1:$O$33,18,TRUE) -> 2079356.2 | F20: =HLOOKUP(MONTH(日期!$C$2),當年目標設定!$R$1:$AC$33,18,TRUE) -> 2031522.1 | G20: =當年月推移!P18 -> 2247630 | H20: =當年月推移!P52 -> 2644689 | I20: =VALUE(庫存金額!C13) -> 1381676 | J20: =VALUE(庫存金額!D13) -> 1660145 | K20: =VALUE(庫存金額!E13) -> 1497869 | L20: =VALUE(庫存金額!F13) -> 1497869 | M20: =VALUE(庫存金額!G13) -> 953630 | N20: =VALUE(庫存金額!H13) -> 1067226 | O20: =VALUE(庫存金額!I13) -> 841090 | P20: =VALUE(庫存金額!J13) -> 1124538 | ... AO20: =VALUE(庫存金額!AI13) -> 1542560.2
C21: S 工具對策 | D21: =HLOOKUP(MONTH(日期!$C$2),去年月推移!$D$1:$O$33,19,TRUE) -> 7812749.6 | E21: =HLOOKUP(MONTH(日期!$C$2),當年目標設定!$D$1:$O$33,19,TRUE) -> 5673644.6 | F21: =HLOOKUP(MONTH(日期!$C$2),當年目標設定!$R$1:$AC$33,19,TRUE) -> 6722407.6 | G21: =當年月推移!P19 -> 161176 | H21: =當年月推移!P53 -> 161176 | I21: =VALUE(庫存金額!C18) -> 22038535 | J21: =VALUE(庫存金額!D18) -> 21937400 | K21: =VALUE(庫存金額!E18) -> 21770553 | L21: =VALUE(庫存金額!F18) -> 21770553 | M21: =VALUE(庫存金額!G18) -> 21704746 | N21: =VALUE(庫存金額!H18) -> 21524694 | O21: =VALUE(庫存金額!I18) -> 21405046 | P21: =VALUE(庫存金額!J18) -> 21254419 | ... AO21: =VALUE(庫存金額!AI18) -> 20431668
C22: V 用品補修件 | D22: =HLOOKUP(MONTH(日期!$C$2),去年月推移!$D$1:$O$33,20,TRUE) -> 12864030 | E22: =HLOOKUP(MONTH(日期!$C$2),當年目標設定!$D$1:$O$33,20,TRUE) -> 10373819 | F22: =HLOOKUP(MONTH(日期!$C$2),當年目標設定!$R$1:$AC$33,20,TRUE) -> 10394302 | G22: =當年月推移!P20 -> 162800 | H22: =當年月推移!P54 -> 162800 | I22: =VALUE(庫存金額!C17) -> 10247940 | J22: =VALUE(庫存金額!D17) -> 10807041 | K22: =VALUE(庫存金額!E17) -> 10073622 | L22: =VALUE(庫存金額!F17) -> 10073622 | M22: =VALUE(庫存金額!G17) -> 9994226 | N22: =VALUE(庫存金額!H17) -> 9123488 | O22: =VALUE(庫存金額!I17) -> 9112326 | P22: =VALUE(庫存金額!J17) -> 10120532 | ... AO22: =VALUE(庫存金額!AI17) -> 9849791.7
C23: T 輪 胎 | D23: =HLOOKUP(MONTH(日期!$C$2),去年月推移!$D$1:$O$33,21,TRUE) -> 4186738.3 | E23: =HLOOKUP(MONTH(日期!$C$2),當年目標設定!$D$1:$O$33,21,TRUE) -> 6248420.6 | F23: =HLOOKUP(MONTH(日期!$C$2),當年目標設定!$R$1:$AC$33,21,TRUE) -> 6179311.5 | G23: =當年月推移!P21 -> 18267350 | H23: =當年月推移!P55 -> 19145149 | I23: =VALUE(庫存金額!C16) -> 9516089 | J23: =VALUE(庫存金額!D16) -> 8864892 | K23: =VALUE(庫存金額!E16) -> 8255098 | L23: =VALUE(庫存金額!F16) -> 8255098 | M23: =VALUE(庫存金額!G16) -> 7645206 | N23: =VALUE(庫存金額!H16) -> 7757589 | O23: =VALUE(庫存金額!I16) -> 7621441 | P23: =VALUE(庫存金額!J16) -> 7309649 | ... AO23: =VALUE(庫存金額!AI16) -> 6556006.6
C24: P 電 裝 | D24: =HLOOKUP(MONTH(日期!$C$2),去年月推移!$D$1:$O$33,22,TRUE) -> 124926.1 | E24: =HLOOKUP(MONTH(日期!$C$2),當年目標設定!$D$1:$O$33,22,TRUE) -> 183323.22 | F24: =HLOOKUP(MONTH(日期!$C$2),當年目標設定!$R$1:$AC$33,22,TRUE) -> 181150.27 | G24: =當年月推移!P22 -> 101611 | H24: =當年月推移!P56 -> 99652 | I24: =VALUE(庫存金額!C11) -> 91839 | J24: =VALUE(庫存金額!D11) -> 91839 | K24: =VALUE(庫存金額!E11) -> 91839 | L24: =VALUE(庫存金額!F11) -> 91839 | M24: =VALUE(庫存金額!G11) -> 91839 | N24: =VALUE(庫存金額!H11) -> 91839 | O24: =VALUE(庫存金額!I11) -> 91839 | P24: =VALUE(庫存金額!J11) -> 91839 | ... AO24: =VALUE(庫存金額!AI11) -> 91839
C25: Q 咖 啡 | D25: =HLOOKUP(MONTH(日期!$C$2),去年月推移!$D$1:$O$33,23,TRUE) -> 162800 | E25: =HLOOKUP(MONTH(日期!$C$2),當年目標設定!$D$1:$O$33,23,TRUE) -> 0 | F25: =HLOOKUP(MONTH(日期!$C$2),當年目標設定!$R$1:$AC$33,23,TRUE) -> 0 | G25: =當年月推移!P23 -> 165011 | H25: =當年月推移!P57 -> 182320 | I25: =VALUE(庫存金額!C19) -> 162800 | J25: =VALUE(庫存金額!D19) -> 162800 | K25: =VALUE(庫存金額!E19) -> 162800 | L25: =VALUE(庫存金額!F19) -> 162800 | M25: =VALUE(庫存金額!G19) -> 162800 | N25: =VALUE(庫存金額!H19) -> 162800 | O25: =VALUE(庫存金額!I19) -> 162800 | P25: =VALUE(庫存金額!J19) -> 162800 | ... AO25: =VALUE(庫存金額!AI19) -> 162800
C26: 二通路零件 | D26: =SUM(D27:D31) -> 1723192 | E26: =SUM(E27:E31) -> 0 | F26: =SUM(F27:F31) -> 0 | G26: =SUM(G27:G31) -> 14994309 | H26: =SUM(H27:H31) -> 15719248 | I26: =SUM(I27:I31) -> 8124471 | J26: =SUM(J27:J31) -> 8262372 | K26: =SUM(K27:K31) -> 8107972 | ... AO26: =SUM(AO27:AO31) -> 7899670.9
C27: 2 二品牌零件(HOT專用) | D27: =HLOOKUP(MONTH(日期!$C$2),去年月推移!$D$1:$O$33,25,TRUE) -> 161176 | E27: =HLOOKUP(MONTH(日期!$C$2),當年目標設定!$D$1:$O$33,25,TRUE) -> 0 | F27: =HLOOKUP(MONTH(日期!$C$2),當年目標設定!$R$1:$AC$33,25,TRUE) -> 0 | G27: =當年月推移!P25 -> 0 | H27: =當年月推移!P59 -> 0 | I27: =VALUE(庫存金額!C20) -> 161176 | J27: =VALUE(庫存金額!D20) -> 161176 | K27: =VALUE(庫存金額!E20) -> 161176 | L27: =VALUE(庫存金額!F20) -> 161176 | M27: =VALUE(庫存金額!G20) -> 161176 | N27: =VALUE(庫存金額!H20) -> 161176 | O27: =VALUE(庫存金額!I20) -> 161176 | P27: =VALUE(庫存金額!J20) -> 161176 | ... AO27: =VALUE(庫存金額!AI20) -> 161176
C28: 3 二品牌油料(HOT專用) | D28: =HLOOKUP(MONTH(日期!$C$2),去年月推移!$D$1:$O$33,26,TRUE) -> 173744.45 | E28: =HLOOKUP(MONTH(日期!$C$2),當年目標設定!$D$1:$O$33,26,TRUE) -> 0 | F28: =HLOOKUP(MONTH(日期!$C$2),當年目標設定!$R$1:$AC$33,26,TRUE) -> 0 | G28: =當年月推移!P26 -> 0 | H28: =當年月推移!P60 -> 0 | I28: =VALUE(庫存金額!C21) -> 209338 | J28: =VALUE(庫存金額!D21) -> 209338 | K28: =VALUE(庫存金額!E21) -> 209338 | L28: =VALUE(庫存金額!F21) -> 209338 | M28: =VALUE(庫存金額!G21) -> 209338 | N28: =VALUE(庫存金額!H21) -> 209338 | O28: =VALUE(庫存金額!I21) -> 115978 | P28: =VALUE(庫存金額!J21) -> 132178 | ... AO28: =VALUE(庫存金額!AI21) -> 136660.58
C29: 4 二品牌零件(CPO專用) | D29: =HLOOKUP(MONTH(日期!$C$2),去年月推移!$D$1:$O$33,27,TRUE) -> 0 | E29: =HLOOKUP(MONTH(日期!$C$2),當年目標設定!$D$1:$O$33,27,TRUE) -> 0 | F29: =HLOOKUP(MONTH(日期!$C$2),當年目標設定!$R$1:$AC$33,27,TRUE) -> 0 | G29: =當年月推移!P27 -> 9192419 | H29: =當年月推移!P61 -> 9592211 | I29: =VALUE(庫存金額!C22) -> 0 | J29: =VALUE(庫存金額!D22) -> 0 | K29: =VALUE(庫存金額!E22) -> 0 | L29: =VALUE(庫存金額!F22) -> 0 | M29: =VALUE(庫存金額!G22) -> 0 | N29: =VALUE(庫存金額!H22) -> 0 | O29: =VALUE(庫存金額!I22) -> 0 | P29: =VALUE(庫存金額!J22) -> 0 | ... AO29: =VALUE(庫存金額!AI22) -> 0
C30: 5 二品牌油料(CPO專用) | D30: =HLOOKUP(MONTH(日期!$C$2),去年月推移!$D$1:$O$33,28,TRUE) -> 0 | E30: =HLOOKUP(MONTH(日期!$C$2),當年目標設定!$D$1:$O$33,28,TRUE) -> 0 | F30: =HLOOKUP(MONTH(日期!$C$2),當年目標設定!$R$1:$AC$33,28,TRUE) -> 0 | G30: =當年月推移!P28 -> 5801890 | H30: =當年月推移!P62 -> 6127037 | I30: =VALUE(庫存金額!C23) -> 0 | J30: =VALUE(庫存金額!D23) -> 0 | K30: =VALUE(庫存金額!E23) -> 0 | L30: =VALUE(庫存金額!F23) -> 0 | M30: =VALUE(庫存金額!G23) -> 0 | N30: =VALUE(庫存金額!H23) -> 0 | O30: =VALUE(庫存金額!I23) -> 0 | P30: =VALUE(庫存金額!J23) -> 0 | ... AO30: =VALUE(庫存金額!AI23) -> 0
C31: 7 二品牌零件(車美仕專用) | D31: =HLOOKUP(MONTH(日期!$C$2),去年月推移!$D$1:$O$33,29,TRUE) -> 1388271.5 | E31: =HLOOKUP(MONTH(日期!$C$2),當年目標設定!$D$1:$O$33,29,TRUE) -> 0 | F31: =HLOOKUP(MONTH(日期!$C$2),當年目標設定!$R$1:$AC$33,29,TRUE) -> 0 | G31: =當年月推移!P34 -> 0 | H31: =當年月推移!P68 -> 0 | I31: =VALUE(庫存金額!C25) -> 7753957 | J31: =VALUE(庫存金額!D25) -> 7891858 | K31: =VALUE(庫存金額!E25) -> 7737458 | L31: =VALUE(庫存金額!F25) -> 7737458 | M31: =VALUE(庫存金額!G25) -> 7638137 | N31: =VALUE(庫存金額!H25) -> 6627115 | O31: =VALUE(庫存金額!I25) -> 6594735 | P31: =VALUE(庫存金額!J25) -> 6538735 | ... AO31: =VALUE(庫存金額!AI25) -> 7601834.4
A32: 非管理 | C32: L 小車用品 | D32: =HLOOKUP(MONTH(日期!$C$2),去年月推移!$D$1:$O$33,30,TRUE) -> 2763037.1 | E32: =HLOOKUP(MONTH(日期!$C$2),當年目標設定!$D$1:$O$33,30,TRUE) -> 0 | F32: =HLOOKUP(MONTH(日期!$C$2),當年目標設定!$R$1:$AC$33,30,TRUE) -> 0 | G32: =當年月推移!P29 -> 1616553 | H32: =當年月推移!P63 -> 1606723 | I32: =VALUE(庫存金額!C15) -> 1605674 | J32: =VALUE(庫存金額!D15) -> 1605674 | K32: =VALUE(庫存金額!E15) -> 1605674 | L32: =VALUE(庫存金額!F15) -> 1605674 | M32: =VALUE(庫存金額!G15) -> 1605674 | N32: =VALUE(庫存金額!H15) -> 1624429 | O32: =VALUE(庫存金額!I15) -> 1605674 | P32: =VALUE(庫存金額!J15) -> 1605674 | ... AO32: =VALUE(庫存金額!AI15) -> 1617368.2
C33: W 服務商品 | D33: =HLOOKUP(MONTH(日期!$C$2),去年月推移!$D$1:$O$33,31,TRUE) -> 0 | E33: =HLOOKUP(MONTH(日期!$C$2),當年目標設定!$D$1:$O$33,31,TRUE) -> 0 | F33: =HLOOKUP(MONTH(日期!$C$2),當年目標設定!$R$1:$AC$33,31,TRUE) -> 0 | G33: =當年月推移!P30 -> 0 | H33: =當年月推移!P64 -> 0 | I33: =VALUE(庫存金額!C26) -> 0 | J33: =VALUE(庫存金額!D26) -> 0 | K33: =VALUE(庫存金額!E26) -> 0 | L33: =VALUE(庫存金額!F26) -> 0 | M33: =VALUE(庫存金額!G26) -> 0 | N33: =VALUE(庫存金額!H26) -> 0 | O33: =VALUE(庫存金額!I26) -> 0 | P33: =VALUE(庫存金額!J26) -> 0 | ... AO33: =VALUE(庫存金額!AI26) -> 0
C34: X Lexus精品 | D34: =HLOOKUP(MONTH(日期!$C$2),去年月推移!$D$1:$O$33,32,TRUE) -> 0 | E34: =HLOOKUP(MONTH(日期!$C$2),當年目標設定!$D$1:$O$33,32,TRUE) -> 0 | F34: =HLOOKUP(MONTH(日期!$C$2),當年目標設定!$R$1:$AC$33,32,TRUE) -> 0 | G34: =當年月推移!P31 -> 6048482 | H34: =當年月推移!P65 -> 8136926 | I34: =VALUE(庫存金額!C26) -> 0 | J34: =VALUE(庫存金額!D26) -> 0 | K34: =VALUE(庫存金額!E26) -> 0 | L34: =VALUE(庫存金額!F26) -> 0 | M34: =VALUE(庫存金額!G26) -> 0 | N34: =VALUE(庫存金額!H26) -> 0 | O34: =VALUE(庫存金額!I26) -> 0 | P34: =VALUE(庫存金額!J26) -> 0 | ... AO34: =VALUE(庫存金額!AI26) -> 0
C35: 8 活動贈品 | D35: =HLOOKUP(MONTH(日期!$C$2),去年月推移!$D$1:$O$33,33,TRUE) -> 0 | E35: =HLOOKUP(MONTH(日期!$C$2),當年目標設定!$D$1:$O$33,33,TRUE) -> 0 | F35: =HLOOKUP(MONTH(日期!$C$2),當年目標設定!$R$1:$AC$33,33,TRUE) -> 0 | G35: =當年月推移!P32 -> 11362159 | H35: =當年月推移!P66 -> 11154318 | I35: =VALUE(庫存金額!C26) -> 0 | J35: =VALUE(庫存金額!D26) -> 0 | K35: =VALUE(庫存金額!E26) -> 0 | L35: =VALUE(庫存金額!F26) -> 0 | M35: =VALUE(庫存金額!G26) -> 0 | N35: =VALUE(庫存金額!H26) -> 0 | O35: =VALUE(庫存金額!I26) -> 0 | P35: =VALUE(庫存金額!J26) -> 0 | ... AO35: =VALUE(庫存金額!AI26) -> 0
A37: 二、全省供應率日推移(異動等級='全部')
A38: 商品別 | D38: =D3 -> 2024/5 | E38: =E3 -> 2025/5 | G38: =YEAR(日期!C2) -> 2025 | I38: =日期!C2 -> 2025/05/01 | J38: =日期!D2 -> 2025/05/02 | K38: =日期!E2 -> 2025/05/03 | L38: =日期!F2 -> 2025/05/04 | M38: =日期!G2 -> 2025/05/05 | N38: =日期!H2 -> 2025/05/06 | O38: =日期!I2 -> 2025/05/07 | P38: =日期!J2 -> 2025/05/08 | ... AM38: =日期!AG2 -> 2025/05/31 | AN38: 合計
G39: 1~12月實績 | I39: =日期!C3 -> Thu | J39: =日期!D3 -> Fri | K39: =日期!E3 -> Sat | L39: =日期!F3 -> Sun | M39: =日期!G3 -> Mon | N39: =日期!H3 -> Tue | O39: =日期!I3 -> Wed | P39: =日期!J3 -> Thu | ... AM39: =日期!AG3 -> Sat
A40: A 豐田 | D40: =HLOOKUP(MONTH(日期!$C$2),去年月推移!$D$1:$O$200,98,TRUE) -> 98.731241 | E40: 97.8 | F40: - | G40: =ROUND(當年月推移!P99,1) -> 98.3 | I40: =ROUND(供應率ALL!C2,1) -> 0 | J40: =ROUND(供應率ALL!D2,1) -> 98.1 | K40: =ROUND(供應率ALL!E2,1) -> 98.6 | L40: =ROUND(供應率ALL!F2,1) -> 0 | M40: =ROUND(供應率ALL!G2,1) -> 98.6 | N40: =ROUND(供應率ALL!H2,1) -> 98.4 | O40: =ROUND(供應率ALL!I2,1) -> 98.4 | P40: =ROUND(供應率ALL!J2,1) -> 98.4 | ... AN40: =ROUND(供應率ALL!AH2,1) -> 98.2
A41: J 油料 | D41: =HLOOKUP(MONTH(日期!$C$2),去年月推移!$D$1:$O$200,99,TRUE) -> 99.989088 | E41: 99 | F41: - | G41: =ROUND(當年月推移!P100,1) -> 99.7 | I41: =ROUND(供應率ALL!C4,1) -> 0 | J41: =ROUND(供應率ALL!D4,1) -> 100 | K41: =ROUND(供應率ALL!E4,1) -> 100 | L41: =ROUND(供應率ALL!F4,1) -> 0 | M41: =ROUND(供應率ALL!G4,1) -> 100 | N41: =ROUND(供應率ALL!H4,1) -> 100 | O41: =ROUND(供應率ALL!I4,1) -> 100 | P41: =ROUND(供應率ALL!J4,1) -> 100 | ... AN41: =ROUND(供應率ALL!AH4,1) -> 100
A42: O 工具對策 | D42: =HLOOKUP(MONTH(日期!$C$2),去年月推移!$D$1:$O$200,100,TRUE) -> 86.044273 | E42: 75 | F42: - | G42: =ROUND(當年月推移!P101,1) -> 92.4 | I42: =ROUND(供應率ALL!C5,1) -> 0 | J42: =ROUND(供應率ALL!D5,1) -> 100 | K42: =ROUND(供應率ALL!E5,1) -> 100 | L42: =ROUND(供應率ALL!F5,1) -> 0 | M42: =ROUND(供應率ALL!G5,1) -> 95.6 | N42: =ROUND(供應率ALL!H5,1) -> 87.1 | O42: =ROUND(供應率ALL!I5,1) -> 84.4 | P42: =ROUND(供應率ALL!J5,1) -> 82.8 | ... AN42: =ROUND(供應率ALL!AH5,1) -> 89
A43: N 用品補修件 | D43: =HLOOKUP(MONTH(日期!$C$2),去年月推移!$D$1:$O$200,101,TRUE) -> 99.48183 | E43: 99 | F43: - | G43: =ROUND(當年月推移!P102,1) -> 99.4 | I43: =ROUND(供應率ALL!C6,1) -> 0 | J43: =ROUND(供應率ALL!D6,1) -> 99.4 | K43: =ROUND(供應率ALL!E6,1) -> 99.4 | L43: =ROUND(供應率ALL!F6,1) -> 0 | M43: =ROUND(供應率ALL!G6,1) -> 97.9 | N43: =ROUND(供應率ALL!H6,1) -> 98.6 | O43: =ROUND(供應率ALL!I6,1) -> 99.5 | P43: =ROUND(供應率ALL!J6,1) -> 99.7 | ... AN43: =ROUND(供應率ALL!AH6,1) -> 99.7
A44: 6 國採用品零件 | D44: =HLOOKUP(MONTH(日期!$C$2),去年月推移!$D$1:$O$200,102,TRUE) -> 93.484419 | E44: 92 | F44: - | G44: =ROUND(當年月推移!P103,1) -> 94.9 | I44: =ROUND(供應率ALL!C23,1) -> 0 | J44: =ROUND(供應率ALL!D23,1) -> 95.3 | K44: =ROUND(供應率ALL!E23,1) -> 96.6 | L44: =ROUND(供應率ALL!F23,1) -> 0 | M44: =ROUND(供應率ALL!G23,1) -> 96.5 | N44: =ROUND(供應率ALL!H23,1) -> 95.2 | O44: =ROUND(供應率ALL!I23,1) -> 95 | P44: =ROUND(供應率ALL!J23,1) -> 97.1 | ... AN44: =ROUND(供應率ALL!AH23,1) -> 94.4
A45: H 輪胎 | D45: =HLOOKUP(MONTH(日期!$C$2),去年月推移!$D$1:$O$200,103,TRUE) -> 98.716326 | E45: 95 | F45: - | G45: =ROUND(當年月推移!P104,1) -> 98.5 | I45: =ROUND(供應率ALL!C8,1) -> 0 | J45: =ROUND(供應率ALL!D8,1) -> 98.7 | K45: =ROUND(供應率ALL!E8,1) -> 98.2 | L45: =ROUND(供應率ALL!F8,1) -> 0 | M45: =ROUND(供應率ALL!G8,1) -> 95.8 | N45: =ROUND(供應率ALL!H8,1) -> 95.1 | O45: =ROUND(供應率ALL!I8,1) -> 97.8 | P45: =ROUND(供應率ALL!J8,1) -> 99.7 | ... AN45: =ROUND(供應率ALL!AH8,1) -> 98
A46: 其他 | D46: =HLOOKUP(MONTH(日期!$C$2),去年月推移!$D$1:$O$200,104,TRUE) -> 99.816176 | E46: 95 | F46: - | G46: =ROUND(當年月推移!P105,1) -> 96 | I46: =ROUND(供應率ALL!C9,1) -> 0 | J46: =ROUND(供應率ALL!D9,1) -> 100 | K46: =ROUND(供應率ALL!E9,1) -> 100 | L46: =ROUND(供應率ALL!F9,1) -> 0 | M46: =ROUND(供應率ALL!G9,1) -> 100 | N46: =ROUND(供應率ALL!H9,1) -> 100 | O46: =ROUND(供應率ALL!I9,1) -> 95.4 | P46: =ROUND(供應率ALL!J9,1) -> 100 | ... AN46: =ROUND(供應率ALL!AH9,1) -> 96.2
A47: TOYOTA全商品 | D47: =HLOOKUP(MONTH(日期!$C$2),去年月推移!$D$1:$O$200,105,TRUE) -> 98.650399 | E47: 97.8 | G47: =ROUND(當年月推移!P106,1) -> 98.3 | I47: =ROUND(供應率ALL!C10,1) -> 0 | J47: =ROUND(供應率ALL!D10,1) -> 98.3 | K47: =ROUND(供應率ALL!E10,1) -> 98.7 | L47: =ROUND(供應率ALL!F10,1) -> 0 | M47: =ROUND(供應率ALL!G10,1) -> 98.4 | N47: =ROUND(供應率ALL!H10,1) -> 98.3 | O47: =ROUND(供應率ALL!I10,1) -> 98.4 | P47: =ROUND(供應率ALL!J10,1) -> 98.6 | ... AN47: =ROUND(供應率ALL!AH10,1) -> 98.3
A48: D LEXUS | D48: =HLOOKUP(MONTH(日期!$C$2),去年月推移!$D$1:$O$200,106,TRUE) -> 97.718209 | E48: 97.8 | F48: - | G48: =ROUND(當年月推移!P107,1) -> 98.2 | I48: =ROUND(供應率ALL!C3,1) -> 0 | J48: =ROUND(供應率ALL!D3,1) -> 99 | K48: =ROUND(供應率ALL!E3,1) -> 98.7 | L48: =ROUND(供應率ALL!F3,1) -> 0 | M48: =ROUND(供應率ALL!G3,1) -> 99.1 | N48: =ROUND(供應率ALL!H3,1) -> 98.5 | O48: =ROUND(供應率ALL!I3,1) -> 99 | P48: =ROUND(供應率ALL!J3,1) -> 98.6 | ... AN48: =ROUND(供應率ALL!AH3,1) -> 98.5
A49: M 油 料 | D49: =HLOOKUP(MONTH(日期!$C$2),去年月推移!$D$1:$O$200,107,TRUE) -> 99.682034 | E49: 99 | G49: =ROUND(當年月推移!P108,1) -> 98.9 | I49: =ROUND(供應率ALL!C11,1) -> 0 | J49: =ROUND(供應率ALL!D11,1) -> 100 | K49: =ROUND(供應率ALL!E11,1) -> 100 | L49: =ROUND(供應率ALL!F11,1) -> 0 | M49: =ROUND(供應率ALL!G11,1) -> 100 | N49: =ROUND(供應率ALL!H11,1) -> 100 | O49: =ROUND(供應率ALL!I11,1) -> 91.3 | P49: =ROUND(供應率ALL!J11,1) -> 100 | ... AN49: =ROUND(供應率ALL!AH11,1) -> 99.6
A50: S 工具對策 | D50: =HLOOKUP(MONTH(日期!$C$2),去年月推移!$D$1:$O$200,108,TRUE) -> 76.346153 | E50: 75 | G50: =ROUND(當年月推移!P109,1) -> 96.3 | I50: =ROUND(供應率ALL!C12,1) -> 0 | J50: =ROUND(供應率ALL!D12,1) -> 98.1 | K50: =ROUND(供應率ALL!E12,1) -> 97 | L50: =ROUND(供應率ALL!F12,1) -> 0 | M50: =ROUND(供應率ALL!G12,1) -> 97.2 | N50: =ROUND(供應率ALL!H12,1) -> 75 | O50: =ROUND(供應率ALL!I12,1) -> 86.3 | P50: =ROUND(供應率ALL!J12,1) -> 92.8 | ... AN50: =ROUND(供應率ALL!AH12,1) -> 95.8
A51: V 用品補修件 | D51: =HLOOKUP(MONTH(日期!$C$2),去年月推移!$D$1:$O$200,109,TRUE) -> 95.456924 | E51: 98.7 | G51: =ROUND(當年月推移!P110,1) -> 96.1 | I51: =ROUND(供應率ALL!C13,1) -> 0 | J51: =ROUND(供應率ALL!D13,1) -> 99.1 | K51: =ROUND(供應率ALL!E13,1) -> 98.9 | L51: =ROUND(供應率ALL!F13,1) -> 0 | M51: =ROUND(供應率ALL!G13,1) -> 99.1 | N51: =ROUND(供應率ALL!H13,1) -> 96.6 | O51: =ROUND(供應率ALL!I13,1) -> 97.9 | P51: =ROUND(供應率ALL!J13,1) -> 97.3 | ... AN51: =ROUND(供應率ALL!AH13,1) -> 97.4
A52: T 輪 胎 | D52: =HLOOKUP(MONTH(日期!$C$2),去年月推移!$D$1:$O$200,110,TRUE) -> 88.613477 | E52: 95 | G52: =ROUND(當年月推移!P111,1) -> 90.3 | I52: =ROUND(供應率ALL!C14,1) -> 0 | J52: =ROUND(供應率ALL!D14,1) -> 97 | K52: =ROUND(供應率ALL!E14,1) -> 91.8 | L52: =ROUND(供應率ALL!F14,1) -> 0 | M52: =ROUND(供應率ALL!G14,1) -> 95.7 | N52: =ROUND(供應率ALL!H14,1) -> 95 | O52: =ROUND(供應率ALL!I14,1) -> 100 | P52: =ROUND(供應率ALL!J14,1) -> 96.9 | ... AN52: =ROUND(供應率ALL!AH14,1) -> 95.6
A53: P 電 裝 | D53: =HLOOKUP(MONTH(日期!$C$2),去年月推移!$D$1:$O$200,111,TRUE) -> 50 | G53: =ROUND(當年月推移!P112,1) -> 37.5 | I53: =ROUND(供應率ALL!C15,1) -> 0 | J53: =ROUND(供應率ALL!D15,1) -> 0 | K53: =ROUND(供應率ALL!E15,1) -> 0 | L53: =ROUND(供應率ALL!F15,1) -> 0 | M53: =ROUND(供應率ALL!G15,1) -> 0 | N53: =ROUND(供應率ALL!H15,1) -> 0 | O53: =ROUND(供應率ALL!I15,1) -> 0 | P53: =ROUND(供應率ALL!J15,1) -> 0 | ... AN53: =ROUND(供應率ALL!AH15,1) -> 0
A54: LEXUS全商品 | D54: =HLOOKUP(MONTH(日期!$C$2),去年月推移!$D$1:$O$200,112,TRUE) -> 96.637554 | F54: - | G54: =ROUND(當年月推移!P113,1) -> 97.5 | I54: =ROUND(供應率ALL!C16,1) -> 0 | J54: =ROUND(供應率ALL!D16,1) -> 99 | K54: =ROUND(供應率ALL!E16,1) -> 98.5 | L54: =ROUND(供應率ALL!F16,1) -> 0 | M54: =ROUND(供應率ALL!G16,1) -> 99 | N54: =ROUND(供應率ALL!H16,1) -> 97.4 | O54: =ROUND(供應率ALL!I16,1) -> 98.5 | P54: =ROUND(供應率ALL!J16,1) -> 98.3 | ... AN54: =ROUND(供應率ALL!AH16,1) -> 98.2
A55: 2 二品牌零件(HOT專用) | D55: =HLOOKUP(MONTH(日期!$C$2),去年月推移!$D$1:$O$200,113,TRUE) -> 0 | G55: =ROUND(當年月推移!P114,1) -> 0 | I55: =ROUND(供應率ALL!C17,1) -> 0 | J55: =ROUND(供應率ALL!D17,1) -> 0 | K55: =ROUND(供應率ALL!E17,1) -> 0 | L55: =ROUND(供應率ALL!F17,1) -> 0 | M55: =ROUND(供應率ALL!G17,1) -> 0 | N55: =ROUND(供應率ALL!H17,1) -> 0 | O55: =ROUND(供應率ALL!I17,1) -> 0 | P55: =ROUND(供應率ALL!J17,1) -> 0 | ... AN55: =ROUND(供應率ALL!AH17,1) -> 0
A56: 3 二品牌油料(HOT專用) | D56: =HLOOKUP(MONTH(日期!$C$2),去年月推移!$D$1:$O$200,114,TRUE) -> 0 | G56: =ROUND(當年月推移!P115,1) -> 0 | I56: =ROUND(供應率ALL!C18,1) -> 0 | J56: =ROUND(供應率ALL!D18,1) -> 0 | K56: =ROUND(供應率ALL!E18,1) -> 0 | L56: =ROUND(供應率ALL!F18,1) -> 0 | M56: =ROUND(供應率ALL!G18,1) -> 0 | N56: =ROUND(供應率ALL!H18,1) -> 0 | O56: =ROUND(供應率ALL!I18,1) -> 0 | P56: =ROUND(供應率ALL!J18,1) -> 0 | ... AN56: =ROUND(供應率ALL!AH18,1) -> 0
A57: 4 二品牌零件(CPO專用) | D57: =HLOOKUP(MONTH(日期!$C$2),去年月推移!$D$1:$O$200,115,TRUE) -> 0 | G57: =ROUND(當年月推移!P116,1) -> 0 | I57: =ROUND(供應率ALL!C19,1) -> 0 | J57: =ROUND(供應率ALL!D19,1) -> 0 | K57: =ROUND(供應率ALL!E19,1) -> 0 | L57: =ROUND(供應率ALL!F19,1) -> 0 | M57: =ROUND(供應率ALL!G19,1) -> 0 | N57: =ROUND(供應率ALL!H19,1) -> 0 | O57: =ROUND(供應率ALL!I19,1) -> 0 | P57: =ROUND(供應率ALL!J19,1) -> 0 | ... AN57: =ROUND(供應率ALL!AH19,1) -> 0
A58: 5 二品牌油料(CPO專用) | D58: =HLOOKUP(MONTH(日期!$C$2),去年月推移!$D$1:$O$200,116,TRUE) -> 0 | G58: =ROUND(當年月推移!P117,1) -> 0 | I58: =ROUND(供應率ALL!C20,1) -> 0 | J58: =ROUND(供應率ALL!D20,1) -> 0 | K58: =ROUND(供應率ALL!E20,1) -> 0 | L58: =ROUND(供應率ALL!F20,1) -> 0 | M58: =ROUND(供應率ALL!G20,1) -> 0 | N58: =ROUND(供應率ALL!H20,1) -> 0 | O58: =ROUND(供應率ALL!I20,1) -> 0 | P58: =ROUND(供應率ALL!J20,1) -> 0 | ... AN58: =ROUND(供應率ALL!AH20,1) -> 0
A59: 7 二品牌零件(車美仕專用) | D59: =HLOOKUP(MONTH(日期!$C$2),去年月推移!$D$1:$O$200,117,TRUE) -> 0 | G59: =ROUND(當年月推移!P118,1) -> 0 | I59: =ROUND(供應率ALL!C22,1) -> 0 | J59: =ROUND(供應率ALL!D22,1) -> 0 | K59: =ROUND(供應率ALL!E22,1) -> 0 | L59: =ROUND(供應率ALL!F22,1) -> 0 | M59: =ROUND(供應率ALL!G22,1) -> 0 | N59: =ROUND(供應率ALL!H22,1) -> 0 | O59: =ROUND(供應率ALL!I22,1) -> 0 | P59: =ROUND(供應率ALL!J22,1) -> 0 | ... AN59: =ROUND(供應率ALL!AH22,1) -> 0
A60: 二通路零件 | D60: =HLOOKUP(MONTH(日期!$C$2),去年月推移!$D$1:$O$200,118,TRUE) -> 0 | G60: =ROUND(當年月推移!P119,1) -> 89.2 | I60: =ROUND(供應率ALL!C21,1) -> 0 | J60: =ROUND(供應率ALL!D21,1) -> 100 | K60: =ROUND(供應率ALL!E21,1) -> 100 | L60: =ROUND(供應率ALL!F21,1) -> 0 | M60: =ROUND(供應率ALL!G21,1) -> 100 | N60: =ROUND(供應率ALL!H21,1) -> 100 | O60: =ROUND(供應率ALL!I21,1) -> 100 | P60: =ROUND(供應率ALL!J21,1) -> 100 | ... AN60: =ROUND(供應率ALL!AH21,1) -> 100
A62: 三、主商品異動等級全省供應率日推移(異動等級='A~E')
A63: 商品別 | D63: =D3 -> 2024/5 | E63: =E3 -> 2025/5 | G63: =YEAR(日期!C2) -> 2025 | I63: =日期!C2 -> 2025/05/01 | J63: =日期!D2 -> 2025/05/02 | K63: =日期!E2 -> 2025/05/03 | L63: =日期!F2 -> 2025/05/04 | M63: =日期!G2 -> 2025/05/05 | N63: =日期!H2 -> 2025/05/06 | O63: =日期!I2 -> 2025/05/07 | P63: =日期!J2 -> 2025/05/08 | ... AM63: =日期!AG2 -> 2025/05/31 | AN63: 合計
G64: 1~12月實績 | I64: =日期!C3 -> Thu | J64: =日期!D3 -> Fri | K64: =日期!E3 -> Sat | L64: =日期!F3 -> Sun | M64: =日期!G3 -> Mon | N64: =日期!H3 -> Tue | O64: =日期!I3 -> Wed | P64: =日期!J3 -> Thu | ... AM64: =日期!AG3 -> Sat
A65: A1 豐 田 | D65: =HLOOKUP(MONTH(日期!$C$2),去年月推移!$D$1:$O$200,122,TRUE) -> 98.767424 | E65: 98 | F65: - | G65: =ROUND(當年月推移!P124,1) -> 98.3 | I65: =ROUND(供應率!D2,1) -> 0 | J65: =ROUND(供應率!E2,1) -> 98.6 | K65: =ROUND(供應率!F2,1) -> 98.7 | L65: =ROUND(供應率!G2,1) -> 0 | M65: =ROUND(供應率!H2,1) -> 98.7 | N65: =ROUND(供應率!I2,1) -> 98.1 | O65: =ROUND(供應率!J2,1) -> 98.2 | P65: =ROUND(供應率!K2,1) -> 98.4 | ... AN65: =ROUND(供應率!AI2,1) -> 98.5
A66: A3 豐 田 | D66: =HLOOKUP(MONTH(日期!$C$2),去年月推移!$D$1:$O$200,123,TRUE) -> 99.093311 | E66: 98 | F66: - | G66: =ROUND(當年月推移!P125,1) -> 98.5 | I66: =ROUND(供應率!D3,1) -> 0 | J66: =ROUND(供應率!E3,1) -> 98.1 | K66: =ROUND(供應率!F3,1) -> 98.6 | L66: =ROUND(供應率!G3,1) -> 0 | M66: =ROUND(供應率!H3,1) -> 98.8 | N66: =ROUND(供應率!I3,1) -> 99 | O66: =ROUND(供應率!J3,1) -> 98.7 | P66: =ROUND(供應率!K3,1) -> 98.9 | ... AN66: =ROUND(供應率!AI3,1) -> 98.2
A67: A4 豐 田 | D67: =HLOOKUP(MONTH(日期!$C$2),去年月推移!$D$1:$O$200,124,TRUE) -> 99.487926 | E67: 99.2 | F67: - | G67: =ROUND(當年月推移!P126,1) -> 99.3 | I67: =ROUND(供應率!D4,1) -> 0 | J67: =ROUND(供應率!E4,1) -> 99.2 | K67: =ROUND(供應率!F4,1) -> 98.9 | L67: =ROUND(供應率!G4,1) -> 0 | M67: =ROUND(供應率!H4,1) -> 99.2 | N67: =ROUND(供應率!I4,1) -> 98.7 | O67: =ROUND(供應率!J4,1) -> 98.8 | P67: =ROUND(供應率!K4,1) -> 98.9 | ... AN67: =ROUND(供應率!AI4,1) -> 99.2
A68: A 豐田小計 | D68: =HLOOKUP(MONTH(日期!$C$2),去年月推移!$D$1:$O$200,125,TRUE) -> 98.988433 | E68: 98.1 | F68: - | G68: =ROUND(當年月推移!P127,1) -> 98.5 | I68: =ROUND(供應率!D5,1) -> 0 | J68: =ROUND(供應率!E5,1) -> 98.5 | K68: =ROUND(供應率!F5,1) -> 98.7 | L68: =ROUND(供應率!G5,1) -> 0 | M68: =ROUND(供應率!H5,1) -> 98.8 | N68: =ROUND(供應率!I5,1) -> 98.6 | O68: =ROUND(供應率!J5,1) -> 98.5 | P68: =ROUND(供應率!K5,1) -> 98.7 | ... AN68: =ROUND(供應率!AI5,1) -> 98.5
A69: J 油 料 | D69: =HLOOKUP(MONTH(日期!$C$2),去年月推移!$D$1:$O$200,126,TRUE) -> 99.989021 | E69: 99 | F69: - | G69: =ROUND(當年月推移!P128,1) -> 99.7 | I69: =ROUND(供應率!D7,1) -> 0 | J69: =ROUND(供應率!E7,1) -> 100 | K69: =ROUND(供應率!F7,1) -> 100 | L69: =ROUND(供應率!G7,1) -> 0 | M69: =ROUND(供應率!H7,1) -> 100 | N69: =ROUND(供應率!I7,1) -> 100 | O69: =ROUND(供應率!J7,1) -> 100 | P69: =ROUND(供應率!K7,1) -> 100 | ... AN69: =ROUND(供應率!AI7,1) -> 99.9
A70: O 工具對策 | D70: =HLOOKUP(MONTH(日期!$C$2),去年月推移!$D$1:$O$200,127,TRUE) -> 89.557739 | E70: 70 | F70: - | G70: =ROUND(當年月推移!P129,1) -> 89.1 | I70: =ROUND(供應率!D8,1) -> 0 | J70: =ROUND(供應率!E8,1) -> 100 | K70: =ROUND(供應率!F8,1) -> 100 | L70: =ROUND(供應率!G8,1) -> 0 | M70: =ROUND(供應率!H8,1) -> 95.4 | N70: =ROUND(供應率!I8,1) -> 94.2 | O70: =ROUND(供應率!J8,1) -> 97.4 | P70: =ROUND(供應率!K8,1) -> 100 | ... AN70: =ROUND(供應率!AI8,1) -> 92.2
A71: N 用品補修件 | D71: =HLOOKUP(MONTH(日期!$C$2),去年月推移!$D$1:$O$200,128,TRUE) -> 99.512129 | E71: 99.1 | F71: - | G71: =ROUND(當年月推移!P130,1) -> 99.4 | I71: =ROUND(供應率!D9,1) -> 0 | J71: =ROUND(供應率!E9,1) -> 99.4 | K71: =ROUND(供應率!F9,1) -> 99.5 | L71: =ROUND(供應率!G9,1) -> 0 | M71: =ROUND(供應率!H9,1) -> 98 | N71: =ROUND(供應率!I9,1) -> 98.6 | O71: =ROUND(供應率!J9,1) -> 99.5 | P71: =ROUND(供應率!K9,1) -> 99.7 | ... AN71: =ROUND(供應率!AI9,1) -> 99.6
A72: 6 國採用品零件 | D72: =HLOOKUP(MONTH(日期!$C$2),[2]去年月推移!$D$1:$O$200,129,TRUE) -> 0 | E72: 92.3 | F72: - | G72: =ROUND(當年月推移!P131,1) -> 96.2 | I72: =ROUND(供應率!D22,1) -> 0 | J72: =ROUND(供應率!E22,1) -> 96.5 | K72: =ROUND(供應率!F22,1) -> 98 | L72: =ROUND(供應率!G22,1) -> 0 | M72: =ROUND(供應率!H22,1) -> 97.3 | N72: =ROUND(供應率!I22,1) -> 96.7 | O72: =ROUND(供應率!J22,1) -> 98.1 | P72: =ROUND(供應率!K22,1) -> 98.9 | ... AN72: =ROUND(供應率!AI22,1) -> 95.8
A73: H 輪 胎 | D73: =HLOOKUP(MONTH(日期!$C$2),去年月推移!$D$1:$O$200,130,TRUE) -> 98.751808 | E73: 95 | F73: - | G73: =ROUND(當年月推移!P132,1) -> 98.6 | I73: =ROUND(供應率!D11,1) -> 0 | J73: =ROUND(供應率!E11,1) -> 98.7 | K73: =ROUND(供應率!F11,1) -> 98.2 | L73: =ROUND(供應率!G11,1) -> 0 | M73: =ROUND(供應率!H11,1) -> 95.8 | N73: =ROUND(供應率!I11,1) -> 95.1 | O73: =ROUND(供應率!J11,1) -> 97.8 | P73: =ROUND(供應率!K11,1) -> 99.7 | ... AN73: =ROUND(供應率!AI11,1) -> 98
A74: D LEXUS | D74: =HLOOKUP(MONTH(日期!$C$2),去年月推移!$D$1:$O$200,131,TRUE) -> 98.322626 | E74: 98.559727 | F74: - | G74: =ROUND(當年月推移!P133,1) -> 98.8 | I74: =ROUND(供應率!D6,1) -> 0 | J74: =ROUND(供應率!E6,1) -> 99.4 | K74: =ROUND(供應率!F6,1) -> 99.3 | L74: =ROUND(供應率!G6,1) -> 0 | M74: =ROUND(供應率!H6,1) -> 99.4 | N74: =ROUND(供應率!I6,1) -> 99 | O74: =ROUND(供應率!J6,1) -> 99.2 | P74: =ROUND(供應率!K6,1) -> 99.3 | ... AN74: =ROUND(供應率!AI6,1) -> 99.1
A75: M 油 料 | D75: =HLOOKUP(MONTH(日期!$C$2),去年月推移!$D$1:$O$200,132,TRUE) -> 99.840764 | G75: =ROUND(當年月推移!P134,1) -> 98.8 | I75: =ROUND(供應率!D12,1) -> 0 | J75: =ROUND(供應率!E12,1) -> 100 | K75: =ROUND(供應率!F12,1) -> 100 | L75: =ROUND(供應率!G12,1) -> 0 | M75: =ROUND(供應率!H12,1) -> 100 | N75: =ROUND(供應率!I12,1) -> 100 | O75: =ROUND(供應率!J12,1) -> 91.3 | P75: =ROUND(供應率!K12,1) -> 100 | ... AN75: =ROUND(供應率!AI12,1) -> 99.6
A76: S 工具對策 | D76: =HLOOKUP(MONTH(日期!$C$2),去年月推移!$D$1:$O$200,133,TRUE) -> 75.42579 | G76: =ROUND(當年月推移!P135,1) -> 95.9 | I76: =ROUND(供應率!D13,1) -> 0 | J76: =ROUND(供應率!E13,1) -> 100 | K76: =ROUND(供應率!F13,1) -> 97 | L76: =ROUND(供應率!G13,1) -> 0 | M76: =ROUND(供應率!H13,1) -> 97.2 | N76: =ROUND(供應率!I13,1) -> 97 | O76: =ROUND(供應率!J13,1) -> 100 | P76: =ROUND(供應率!K13,1) -> 92.8 | ... AN76: =ROUND(供應率!AI13,1) -> 98.5
A77: V 用品補修件 | D77: =HLOOKUP(MONTH(日期!$C$2),去年月推移!$D$1:$O$200,134,TRUE) -> 98.6 | G77: =ROUND(當年月推移!P136,1) -> 96.5 | I77: =ROUND(供應率!D14,1) -> 0 | J77: =ROUND(供應率!E14,1) -> 99.1 | K77: =ROUND(供應率!F14,1) -> 99.3 | L77: =ROUND(供應率!G14,1) -> 0 | M77: =ROUND(供應率!H14,1) -> 99.7 | N77: =ROUND(供應率!I14,1) -> 96.8 | O77: =ROUND(供應率!J14,1) -> 98.6 | P77: =ROUND(供應率!K14,1) -> 97.6 | ... AN77: =ROUND(供應率!AI14,1) -> 97.8
A78: T 輪 胎 | D78: =HLOOKUP(MONTH(日期!$C$2),去年月推移!$D$1:$O$200,135,TRUE) -> 88.59581 | G78: =ROUND(當年月推移!P137,1) -> 90.5 | I78: =ROUND(供應率!D15,1) -> 0 | J78: =ROUND(供應率!E15,1) -> 97 | K78: =ROUND(供應率!F15,1) -> 91.8 | L78: =ROUND(供應率!G15,1) -> 0 | M78: =ROUND(供應率!H15,1) -> 95.7 | N78: =ROUND(供應率!I15,1) -> 94.9 | O78: =ROUND(供應率!J15,1) -> 100 | P78: =ROUND(供應率!K15,1) -> 96.9 | ... AN78: =ROUND(供應率!AI15,1) -> 95.7
A79: P 電 裝 | D79: =HLOOKUP(MONTH(日期!$C$2),去年月推移!$D$1:$O$200,136,TRUE) -> 0 | G79: =ROUND(當年月推移!P138,1) -> 0 | I79: =ROUND(供應率!D16,1) -> 0 | J79: =ROUND(供應率!E16,1) -> 0 | K79: =ROUND(供應率!F16,1) -> 0 | L79: =ROUND(供應率!G16,1) -> 0 | M79: =ROUND(供應率!H16,1) -> 0 | N79: =ROUND(供應率!I16,1) -> 0 | O79: =ROUND(供應率!J16,1) -> 0 | P79: =ROUND(供應率!K16,1) -> 0 | ... AN79: =ROUND(供應率!AI16,1) -> 0
A80: 2 二品牌零件(HOT專用) | D80: =HLOOKUP(MONTH(日期!$C$2),去年月推移!$D$1:$O$200,137,TRUE) -> 0 | G80: =ROUND(當年月推移!P139,1) -> 0 | I80: =ROUND(供應率!D17,1) -> 0 | J80: =ROUND(供應率!E17,1) -> 0 | K80: =ROUND(供應率!F17,1) -> 0 | L80: =ROUND(供應率!G17,1) -> 0 | M80: =ROUND(供應率!H17,1) -> 0 | N80: =ROUND(供應率!I17,1) -> 0 | O80: =ROUND(供應率!J17,1) -> 0 | P80: =ROUND(供應率!K17,1) -> 0 | ... AN80: =ROUND(供應率!AI17,1) -> 0
A81: 3 二品牌油料(HOT專用) | D81: =HLOOKUP(MONTH(日期!$C$2),去年月推移!$D$1:$O$200,138,TRUE) -> 0 | G81: =ROUND(當年月推移!P140,1) -> 0 | I81: =ROUND(供應率!D18,1) -> 0 | J81: =ROUND(供應率!E18,1) -> 0 | K81: =ROUND(供應率!F18,1) -> 0 | L81: =ROUND(供應率!G18,1) -> 0 | M81: =ROUND(供應率!H18,1) -> 0 | N81: =ROUND(供應率!I18,1) -> 0 | O81: =ROUND(供應率!J18,1) -> 0 | P81: =ROUND(供應率!K18,1) -> 0 | ... AN81: =ROUND(供應率!AI18,1) -> 0
A82: 4 二品牌零件(CPO專用) | D82: =HLOOKUP(MONTH(日期!$C$2),去年月推移!$D$1:$O$200,139,TRUE) -> 0 | G82: =ROUND(當年月推移!P141,1) -> 0 | I82: =ROUND(供應率!D19,1) -> 0 | J82: =ROUND(供應率!E19,1) -> 0 | K82: =ROUND(供應率!F19,1) -> 0 | L82: =ROUND(供應率!G19,1) -> 0 | M82: =ROUND(供應率!H19,1) -> 0 | N82: =ROUND(供應率!I19,1) -> 0 | O82: =ROUND(供應率!J19,1) -> 0 | P82: =ROUND(供應率!K19,1) -> 0 | ... AN82: =ROUND(供應率!AI19,1) -> 0
A83: 5 二品牌油料(CPO專用) | D83: =HLOOKUP(MONTH(日期!$C$2),去年月推移!$D$1:$O$200,140,TRUE) -> 0 | G83: =ROUND(當年月推移!P142,1) -> 0 | I83: =ROUND(供應率!D20,1) -> 0 | J83: =ROUND(供應率!E20,1) -> 0 | K83: =ROUND(供應率!F20,1) -> 0 | L83: =ROUND(供應率!G20,1) -> 0 | M83: =ROUND(供應率!H20,1) -> 0 | N83: =ROUND(供應率!I20,1) -> 0 | O83: =ROUND(供應率!J20,1) -> 0 | P83: =ROUND(供應率!K20,1) -> 0 | ... AN83: =ROUND(供應率!AI20,1) -> 0
A84: 7 二品牌零件(車美仕專用) | D84: =HLOOKUP(MONTH(日期!$C$2),去年月推移!$D$1:$O$200,141,TRUE) -> 0 | G84: =ROUND(當年月推移!P143,1) -> 0 | I84: =ROUND(供應率!D21,1) -> 0 | J84: =ROUND(供應率!E21,1) -> 0 | K84: =ROUND(供應率!F21,1) -> 0 | L84: =ROUND(供應率!G21,1) -> 0 | M84: =ROUND(供應率!H21,1) -> 0 | N84: =ROUND(供應率!I21,1) -> 0 | O84: =ROUND(供應率!J21,1) -> 0 | P84: =ROUND(供應率!K21,1) -> 0 | ... AN84: =ROUND(供應率!AI21,1) -> 0
A86: 四、BO點數日推移
A87: 商品別 | D87: =D3 -> 2024/5 | E87: =E3 -> 2025/5 | F87: =YEAR(日期!C2)-1 -> 2024 | G87: =YEAR(日期!C2) -> 2025 | I87: =日期!C2 -> 2025/05/01 | J87: =日期!D2 -> 2025/05/02 | K87: =日期!E2 -> 2025/05/03 | L87: =日期!F2 -> 2025/05/04 | M87: =日期!G2 -> 2025/05/05 | N87: =日期!H2 -> 2025/05/06 | O87: =日期!I2 -> 2025/05/07 | P87: =日期!J2 -> 2025/05/08 | ... AM87: =日期!AG2 -> 2025/05/31 | AN87: 合計
F88: 1~ 月目標平均 | G88: 1~12月實績平均 | I88: =日期!C3 -> Thu | J88: =日期!D3 -> Fri | K88: =日期!E3 -> Sat | L88: =日期!F3 -> Sun | M88: =日期!G3 -> Mon | N88: =日期!H3 -> Tue | O88: =日期!I3 -> Wed | P88: =日期!J3 -> Thu | ... AM88: =日期!AG3 -> Sat
A89: A 豐 田 | D89: =HLOOKUP(MONTH(日期!$C$2),去年月推移!$D$1:$O$200,145,TRUE) -> 3466 | E89: - | F89: - | G89: =當年月推移!P147 -> 4384 | I89: =VALUE(點數BO!C2) -> 0 | J89: =VALUE(點數BO!D2) -> 223 | K89: =VALUE(點數BO!E2) -> 112 | L89: =VALUE(點數BO!F2) -> 0 | M89: =VALUE(點數BO!G2) -> 151 | N89: =VALUE(點數BO!H2) -> 186 | O89: =VALUE(點數BO!I2) -> 0 | P89: =VALUE(點數BO!J2) -> 157 | ... AN89: =VALUE(點數BO!AH2) -> 4413
A90: J 油 料 | D90: =HLOOKUP(MONTH(日期!$C$2),去年月推移!$D$1:$O$200,146,TRUE) -> 17 | E90: - | F90: - | G90: =當年月推移!P148 -> 29 | I90: =VALUE(點數BO!C4) -> 0 | J90: =VALUE(點數BO!D4) -> 0 | K90: =VALUE(點數BO!E4) -> 0 | L90: =VALUE(點數BO!F4) -> 0 | M90: =VALUE(點數BO!G4) -> 0 | N90: =VALUE(點數BO!H4) -> 0 | O90: =VALUE(點數BO!I4) -> 0 | P90: =VALUE(點數BO!J4) -> 0 | ... AN90: =VALUE(點數BO!AH4) -> 1
A91: O 工具對策 | D91: =HLOOKUP(MONTH(日期!$C$2),去年月推移!$D$1:$O$200,147,TRUE) -> 145 | E91: - | F91: - | G91: =當年月推移!P149 -> 30 | I91: =VALUE(點數BO!C5) -> 0 | J91: =VALUE(點數BO!D5) -> 0 | K91: =VALUE(點數BO!E5) -> 0 | L91: =VALUE(點數BO!F5) -> 0 | M91: =VALUE(點數BO!G5) -> 1 | N91: =VALUE(點數BO!H5) -> 5 | O91: =VALUE(點數BO!I5) -> 0 | P91: =VALUE(點數BO!J5) -> 6 | ... AN91: =VALUE(點數BO!AH5) -> 102
A92: N 用品補修件 | D92: =HLOOKUP(MONTH(日期!$C$2),去年月推移!$D$1:$O$200,148,TRUE) -> 230 | E92: - | F92: - | G92: =當年月推移!P150 -> 257 | I92: =VALUE(點數BO!C6) -> 0 | J92: =VALUE(點數BO!D6) -> 12 | K92: =VALUE(點數BO!E6) -> 9 | L92: =VALUE(點數BO!F6) -> 0 | M92: =VALUE(點數BO!G6) -> 41 | N92: =VALUE(點數BO!H6) -> 25 | O92: =VALUE(點數BO!I6) -> 0 | P92: =VALUE(點數BO!J6) -> 5 | ... AN92: =VALUE(點數BO!AH6) -> 157
A93: 6 國採用品零件 | D93: =HLOOKUP(MONTH(日期!$C$2),去年月推移!$D$1:$O$200,149,TRUE) -> 758 | E93: - | F93: - | G93: =當年月推移!P151 -> 554 | I93: =VALUE(點數BO!C20) -> 0 | J93: =VALUE(點數BO!D20) -> 26 | K93: =VALUE(點數BO!E20) -> 14 | L93: =VALUE(點數BO!F20) -> 0 | M93: =VALUE(點數BO!G20) -> 16 | N93: =VALUE(點數BO!H20) -> 21 | O93: =VALUE(點數BO!I20) -> 0 | P93: =VALUE(點數BO!J20) -> 11 | ... AN93: =VALUE(點數BO!AH20) -> 640
A94: H 輪 胎 | D94: =HLOOKUP(MONTH(日期!$C$2),去年月推移!$D$1:$O$200,150,TRUE) -> 142 | E94: - | F94: - | G94: =當年月推移!P152 -> 152 | I94: =VALUE(點數BO!C8) -> 0 | J94: =VALUE(點數BO!D8) -> 6 | K94: =VALUE(點數BO!E8) -> 7 | L94: =VALUE(點數BO!F8) -> 0 | M94: =VALUE(點數BO!G8) -> 19 | N94: =VALUE(點數BO!H8) -> 16 | O94: =VALUE(點數BO!I8) -> 0 | P94: =VALUE(點數BO!J8) -> 1 | ... AN94: =VALUE(點數BO!AH8) -> 218
A95: 其他 | D95: =HLOOKUP(MONTH(日期!$C$2),去年月推移!$D$1:$O$200,151,TRUE) -> 1 | E95: - | F95: - | G95: =當年月推移!P153 -> 10 | I95: =VALUE(點數BO!C9) -> 0 | J95: =VALUE(點數BO!D9) -> 0 | K95: =VALUE(點數BO!E9) -> 0 | L95: =VALUE(點數BO!F9) -> 0 | M95: =VALUE(點數BO!G9) -> 0 | N95: =VALUE(點數BO!H9) -> 0 | O95: =VALUE(點數BO!I9) -> 0 | P95: =VALUE(點數BO!J9) -> 0 | ... AN95: =VALUE(點數BO!AH9) -> 18
A96: TOYOTA全商品 | D96: =HLOOKUP(MONTH(日期!$C$2),去年月推移!$D$1:$O$200,152,TRUE) -> 4759 | G96: =當年月推移!P154 -> 5416 | I96: =SUM(I89:I95) -> 0 | J96: =SUM(J89:J95) -> 267 | K96: =SUM(K89:K95) -> 142 | L96: =SUM(L89:L95) -> 0 | M96: =SUM(M89:M95) -> 228 | N96: =SUM(N89:N95) -> 253 | O96: =SUM(O89:O95) -> 0 | P96: =SUM(P89:P95) -> 180 | ... AN96: =SUM(AN89:AN95) -> 5549
A97: D LEXUS | D97: =HLOOKUP(MONTH(日期!$C$2),去年月推移!$D$1:$O$200,153,TRUE) -> 864 | E97: - | F97: - | G97: =當年月推移!P155 -> 742 | I97: =VALUE(點數BO!C3) -> 0 | J97: =VALUE(點數BO!D3) -> 15 | K97: =VALUE(點數BO!E3) -> 14 | L97: =VALUE(點數BO!F3) -> 0 | M97: =VALUE(點數BO!G3) -> 14 | N97: =VALUE(點數BO!H3) -> 31 | O97: =VALUE(點數BO!I3) -> 0 | P97: =VALUE(點數BO!J3) -> 22 | ... AN97: =VALUE(點數BO!AH3) -> 594
A98: M 油 料 | D98: =HLOOKUP(MONTH(日期!$C$2),去年月推移!$D$1:$O$200,154,TRUE) -> 2 | G98: =當年月推移!P156 -> 7 | I98: =VALUE(點數BO!C10) -> 0 | J98: =VALUE(點數BO!D10) -> 0 | K98: =VALUE(點數BO!E10) -> 0 | L98: =VALUE(點數BO!F10) -> 0 | M98: =VALUE(點數BO!G10) -> 0 | N98: =VALUE(點數BO!H10) -> 0 | O98: =VALUE(點數BO!I10) -> 0 | P98: =VALUE(點數BO!J10) -> 0 | ... AN98: =VALUE(點數BO!AH10) -> 2
A99: S 工具對策 | D99: =HLOOKUP(MONTH(日期!$C$2),去年月推移!$D$1:$O$200,155,TRUE) -> 246 | G99: =當年月推移!P157 -> 24 | I99: =VALUE(點數BO!C11) -> 0 | J99: =VALUE(點數BO!D11) -> 1 | K99: =VALUE(點數BO!E11) -> 1 | L99: =VALUE(點數BO!F11) -> 0 | M99: =VALUE(點數BO!G11) -> 1 | N99: =VALUE(點數BO!H11) -> 22 | O99: =VALUE(點數BO!I11) -> 0 | P99: =VALUE(點數BO!J11) -> 4 | ... AN99: =VALUE(點數BO!AH11) -> 51
A100: V 用品補修件 | D100: =HLOOKUP(MONTH(日期!$C$2),去年月推移!$D$1:$O$200,156,TRUE) -> 434 | G100: =當年月推移!P158 -> 313 | I100: =VALUE(點數BO!C12) -> 0 | J100: =VALUE(點數BO!D12) -> 3 | K100: =VALUE(點數BO!E12) -> 3 | L100: =VALUE(點數BO!F12) -> 0 | M100: =VALUE(點數BO!G12) -> 3 | N100: =VALUE(點數BO!H12) -> 12 | O100: =VALUE(點數BO!I12) -> 0 | P100: =VALUE(點數BO!J12) -> 8 | ... AN100: =VALUE(點數BO!AH12) -> 203
A101: T 輪 胎 | D101: =HLOOKUP(MONTH(日期!$C$2),去年月推移!$D$1:$O$200,157,TRUE) -> 147 | E101: - | F101: - | G101: =當年月推移!P159 -> 131 | I101: =VALUE(點數BO!C13) -> 0 | J101: =VALUE(點數BO!D13) -> 2 | K101: =VALUE(點數BO!E13) -> 5 | L101: =VALUE(點數BO!F13) -> 0 | M101: =VALUE(點數BO!G13) -> 3 | N101: =VALUE(點數BO!H13) -> 3 | O101: =VALUE(點數BO!I13) -> 0 | P101: =VALUE(點數BO!J13) -> 2 | ... AN101: =VALUE(點數BO!AH13) -> 68
A102: P 電 裝 | D102: =HLOOKUP(MONTH(日期!$C$2),去年月推移!$D$1:$O$200,158,TRUE) -> 1 | G102: =當年月推移!P160 -> 1 | I102: =VALUE(點數BO!C14) -> 0 | J102: =VALUE(點數BO!D14) -> 0 | K102: =VALUE(點數BO!E14) -> 0 | L102: =VALUE(點數BO!F14) -> 0 | M102: =VALUE(點數BO!G14) -> 0 | N102: =VALUE(點數BO!H14) -> 0 | O102: =VALUE(點數BO!I14) -> 0 | P102: =VALUE(點數BO!J14) -> 0 | ... AN102: =VALUE(點數BO!AH14) -> 0
A103: LEXUS全商品 | D103: =HLOOKUP(MONTH(日期!$C$2),去年月推移!$D$1:$O$200,159,TRUE) -> 1694 | E103: - | F103: - | G103: =當年月推移!P161 -> 1218 | I103: =SUM(I97:I102) -> 0 | J103: =SUM(J97:J102) -> 21 | K103: =SUM(K97:K102) -> 23 | L103: =SUM(L97:L102) -> 0 | M103: =SUM(M97:M102) -> 21 | N103: =SUM(N97:N102) -> 68 | O103: =SUM(O97:O102) -> 0 | P103: =SUM(P97:P102) -> 36 | ... AN103: =SUM(AN97:AN102) -> 918 | AO103: =SUM(I103:AM103) -> 884
A104: 2 二品牌零件(HOT專用) | D104: =HLOOKUP(MONTH(日期!$C$2),去年月推移!$D$1:$O$200,160,TRUE) -> 0 | G104: =當年月推移!P162 -> 0 | I104: =VALUE(點數BO!C15) -> 0 | J104: =VALUE(點數BO!D15) -> 0 | K104: =VALUE(點數BO!E15) -> 0 | L104: =VALUE(點數BO!F15) -> 0 | M104: =VALUE(點數BO!G15) -> 0 | N104: =VALUE(點數BO!H15) -> 0 | O104: =VALUE(點數BO!I15) -> 0 | P104: =VALUE(點數BO!J15) -> 0 | ... AN104: =VALUE(點數BO!AH15) -> 0
...

Sheet 附件一(A庫存金額)
A1: ㄧ、豐田件庫存金額日推移
A4: 商品別 | B4: 進口別 | C4: =YEAR(日期!C2)&"年"&MONTH(日期!C2)&"月" -> 2025年5月 | D4: =日期!C2 -> 2025/05/01 | E4: =日期!D2 -> 2025/05/02 | F4: =日期!E2 -> 2025/05/03 | G4: =日期!F2 -> 2025/05/04 | H4: =日期!G2 -> 2025/05/05 | I4: =日期!H2 -> 2025/05/06 | J4: =日期!I2 -> 2025/05/07 | K4: =日期!J2 -> 2025/05/08 | ... AH4: =日期!AG2 -> 2025/05/31 | AI4: Average | AJ4: 比例 | AK4: =YEAR(日期!C2)&"年"&MONTH(日期!C2)+1&"月" -> 2025年6月
C5: 目標 | D5: =日期!C3 -> Thu | E5: =日期!D3 -> Fri | F5: =日期!E3 -> Sat | G5: =日期!F3 -> Sun | H5: =日期!G3 -> Mon | I5: =日期!H3 -> Tue | J5: =日期!I3 -> Wed | K5: =日期!J3 -> Thu | ... AH5: =日期!AG3 -> Sat | AK5: 目標
A6: A | B6: 1 | C6: =HLOOKUP(MONTH(日期!$C$2),A類各進口別庫存金額目標!$B$2:$M$7,4,TRUE) -> 1.4264222e+08 | D6: =VALUE(庫存金額A類!C2) -> 139794654 | E6: =VALUE(庫存金額A類!D2) -> 137959501 | F6: =VALUE(庫存金額A類!E2) -> 135574128 | G6: =VALUE(庫存金額A類!F2) -> 135573833 | H6: =VALUE(庫存金額A類!G2) -> 136404498 | I6: =VALUE(庫存金額A類!H2) -> 136226803 | J6: =VALUE(庫存金額A類!I2) -> 136074028 | K6: =VALUE(庫存金額A類!J2) -> 137485748 | ... AI6: =VALUE(庫存金額A類!AH2) -> 1.3747785e+08 | AJ6: =AI6/AI9 -> 0.46100828 | AK6: =HLOOKUP(MONTH(日期!$C$2)+1,A類各進口別庫存金額目標!$B$2:$M$7,4,TRUE) -> 1.3712794e+08
A7: A | B7: 3 | C7: =HLOOKUP(MONTH(日期!$C$2),A類各進口別庫存金額目標!$B$2:$M$7,5,TRUE) -> 1.2342562e+08 | D7: =VALUE(庫存金額A類!C3) -> 130463017 | E7: =VALUE(庫存金額A類!D3) -> 129811627 | F7: =VALUE(庫存金額A類!E3) -> 130330030 | G7: =VALUE(庫存金額A類!F3) -> 130316779 | H7: =VALUE(庫存金額A類!G3) -> 132467376 | I7: =VALUE(庫存金額A類!H3) -> 132435736 | J7: =VALUE(庫存金額A類!I3) -> 140265325 | K7: =VALUE(庫存金額A類!J3) -> 139812651 | ... AI7: =VALUE(庫存金額A類!AH3) -> 1.2534392e+08 | AJ7: =AI7/AI9 -> 0.42031923 | AK7: =HLOOKUP(MONTH(日期!$C$2)+1,A類各進口別庫存金額目標!$B$2:$M$7,5,TRUE) -> 1.139012e+08
A8: A | B8: 4 | C8: =HLOOKUP(MONTH(日期!$C$2),A類各進口別庫存金額目標!$B$2:$M$7,6,TRUE) -> 33793445 | D8: =VALUE(庫存金額A類!C4) -> 41716413 | E8: =VALUE(庫存金額A類!D4) -> 39568821 | F8: =VALUE(庫存金額A類!E4) -> 38444914 | G8: =VALUE(庫存金額A類!F4) -> 38444914 | H8: =VALUE(庫存金額A類!G4) -> 37077576 | I8: =VALUE(庫存金額A類!H4) -> 36152455 | J8: =VALUE(庫存金額A類!I4) -> 36819794 | K8: =VALUE(庫存金額A類!J4) -> 37965799 | ... AI8: =VALUE(庫存金額A類!AH4) -> 35389474 | AJ8: =AI8/AI9 -> 0.1186725 | AK8: =HLOOKUP(MONTH(日期!$C$2)+1,A類各進口別庫存金額目標!$B$2:$M$7,6,TRUE) -> 32470239
A9: 總計 | C9: =SUM(C6:C8) -> 2.9986129e+08 | D9: =SUM(D6:D8) -> 311974084 | E9: =SUM(E6:E8) -> 307339949 | F9: =SUM(F6:F8) -> 304349072 | G9: =SUM(G6:G8) -> 304335526 | H9: =SUM(H6:H8) -> 305949450 | I9: =SUM(I6:I8) -> 304814994 | J9: =SUM(J6:J8) -> 313159147 | ... AI9: =SUM(AI6:AI8) -> 2.9821125e+08 | AJ9: =AI9/AI$9 -> 1 | AK9: =SUM(AK6:AK8) -> 2.8349938e+08
AI10: =AI9-C9 -> -1650036.1
A14: 商品別 | B14: 進口別 | C14: 10年6月目標 | D14: 2010/8/1 | E14: 2010/8/2 | F14: 2010/8/3 | G14: 2010/8/4 | H14: 2010/8/5 | I14: 2010/8/6 | J14: 2010/8/7 | K14: 2010/8/8 | L14: 2010/8/9 | M14: 2010/8/10 | N14: 2010/8/11 | O14: 2010/8/12 | P14: 2010/8/13 | Q14: 2010/8/14 | R14: 2010/8/15 | S14: 2010/8/16 | T14: 2010/8/17 | U14: 2010/8/18 | V14: 2010/8/19 | W14: 2010/8/20 | X14: 2010/8/21 | Y14: 2010/8/22 | Z14: 2010/8/23 | AA14: 2010/8/24 | AB14: 2010/8/25 | AC14: 2010/8/26 | AD14: 2010/8/27 | AE14: 2010/8/28 | AF14: 2010/8/29 | AG14: 2010/8/30 | AH14: 2010/8/31 | AI14: Average | AJ14: 比例
D15: Sun | E15: Mon | F15: Tue | G15: Wed | H15: Thu | I15: Fri | J15: Sat | K15: Sun | L15: Mon | M15: Tue | N15: Wed | O15: Thu | P15: Fri | Q15: Sat | R15: Sun | S15: Mon | T15: Tue | U15: Wed | V15: Thu | W15: Fri | X15: Sat | Y15: Sun | Z15: Mon | AA15: Tue | AB15: Wed | AC15: Thu | AD15: Fri | AE15: Sat | AF15: Sun | AG15: Mon | AH15: Tue
A16: A | B16: 1 | AI16: =AVERAGE(D16:AH16) -> #DIV/0! | AJ16: =AI16/AI$19 -> #DIV/0!
A17: A | B17: 3 | AI17: =AVERAGE(D17:AH17) -> #DIV/0! | AJ17: =AI17/AI$19 -> #DIV/0!
A18: A | B18: 4 | AI18: =AVERAGE(D18:AH18) -> #DIV/0! | AJ18: =AI18/AI$19 -> #DIV/0!
A19: 總計 | C19: =SUM(C16:C18) -> 0 | D19: =SUM(D16:D18) -> 0 | E19: =SUM(E16:E18) -> 0 | F19: =SUM(F16:F18) -> 0 | G19: =SUM(G16:G18) -> 0 | H19: =SUM(H16:H18) -> 0 | I19: =SUM(I16:I18) -> 0 | J19: =SUM(J16:J18) -> 0 | ... AI19: =SUM(AI16:AI18) -> #DIV/0! | AJ19: =AI19/AI$19 -> #DIV/0!
A24: 商品別 | B24: 進口別 | C24: 10年6月目標 | D24: 2010/9/1 | E24: 2010/9/2 | F24: 2010/9/3 | G24: 2010/9/4 | H24: 2010/9/5 | I24: 2010/9/6 | J24: 2010/9/7 | K24: 2010/9/8 | L24: 2010/9/9 | M24: 2010/9/10 | N24: 2010/9/11 | O24: 2010/9/12 | P24: 2010/9/13 | Q24: 2010/9/14 | R24: 2010/9/15 | S24: 2010/9/16 | T24: 2010/9/17 | U24: 2010/9/18 | V24: 2010/9/19 | W24: 2010/9/20 | X24: 2010/9/21 | Y24: 2010/9/22 | Z24: 2010/9/23 | AA24: 2010/9/24 | AB24: 2010/9/25 | AC24: 2010/9/26 | AD24: 2010/9/27 | AE24: 2010/9/28 | AF24: 2010/9/29 | AG24: 2010/9/30 | AI24: Average | AJ24: 比例
D25: Wed | E25: Thu | F25: Fri | G25: Sat | H25: Sun | I25: Mon | J25: Tue | K25: Wed | L25: Thu | M25: Fri | N25: Sat | O25: Sun | P25: Mon | Q25: Tue | R25: Wed | S25: Thu | T25: Fri | U25: Sat | V25: Sun | W25: Mon | X25: Tue | Y25: Wed | Z25: Thu | AA25: Fri | AB25: Sat | AC25: Sun | AD25: Mon | AE25: Tue | AF25: Wed | AG25: Thu
A26: A | B26: 1 | AI26: =AVERAGE(D26:AH26) -> #DIV/0! | AJ26: =AI26/AI$29 -> #DIV/0!
A27: A | B27: 3 | AI27: =AVERAGE(D27:AH27) -> #DIV/0! | AJ27: =AI27/AI$29 -> #DIV/0!
A28: A | B28: 4 | AI28: =AVERAGE(D28:AH28) -> #DIV/0! | AJ28: =AI28/AI$29 -> #DIV/0!
A29: 總計 | C29: =SUM(C26:C28) -> 0 | D29: =SUM(D26:D28) -> 0 | E29: =SUM(E26:E28) -> 0 | F29: =SUM(F26:F28) -> 0 | G29: =SUM(G26:G28) -> 0 | H29: =SUM(H26:H28) -> 0 | I29: =SUM(I26:I28) -> 0 | J29: =SUM(J26:J28) -> 0 | ... AI29: =SUM(AI26:AI28) -> #DIV/0! | AJ29: =AI29/AI$29 -> #DIV/0!
A34: 商品別 | B34: 進口別 | C34: 10年6月目標 | D34: 2010/10/1 | E34: 2010/10/2 | F34: 2010/10/3 | G34: 2010/10/4 | H34: 2010/10/5 | I34: 2010/10/6 | J34: 2010/10/7 | K34: 2010/10/8 | L34: 2010/10/9 | M34: 2010/10/10 | N34: 2010/10/11 | O34: 2010/10/12 | P34: 2010/10/13 | Q34: 2010/10/14 | R34: 2010/10/15 | S34: 2010/10/16 | T34: 2010/10/17 | U34: 2010/10/18 | V34: 2010/10/19 | W34: 2010/10/20 | X34: 2010/10/21 | Y34: 2010/10/22 | Z34: 2010/10/23 | AA34: 2010/10/24 | AB34: 2010/10/25 | AC34: 2010/10/26 | AD34: 2010/10/27 | AE34: 2010/10/28 | AF34: 2010/10/29 | AG34: 2010/10/30 | AH34: 2010/10/31 | AI34: Average | AJ34: 比例
D35: Fri | E35: Sat | F35: Sun | G35: Mon | H35: Tue | I35: Wed | J35: Thu | K35: Fri | L35: Sat | M35: Sun | N35: Mon | O35: Tue | P35: Wed | Q35: Thu | R35: Fri | S35: Sat | T35: Sun | U35: Mon | V35: Tue | W35: Wed | X35: Thu | Y35: Fri | Z35: Sat | AA35: Sun | AB35: Mon | AC35: Tue | AD35: Wed | AE35: Thu | AF35: Fri | AG35: Sat | AH35: Sun
A36: A | B36: 1 | AI36: =AVERAGE(D36:AH36) -> #DIV/0! | AJ36: =AI36/AI$39 -> #DIV/0!
A37: A | B37: 3 | AI37: =AVERAGE(D37:AH37) -> #DIV/0! | AJ37: =AI37/AI$39 -> #DIV/0!
A38: A | B38: 4 | AI38: =AVERAGE(D38:AH38) -> #DIV/0! | AJ38: =AI38/AI$39 -> #DIV/0!
A39: 總計 | D39: =SUM(D36:D38) -> 0 | E39: =SUM(E36:E38) -> 0 | F39: =SUM(F36:F38) -> 0 | G39: =SUM(G36:G38) -> 0 | H39: =SUM(H36:H38) -> 0 | I39: =SUM(I36:I38) -> 0 | J39: =SUM(J36:J38) -> 0 | K39: =SUM(K36:K38) -> 0 | ... AI39: =SUM(AI36:AI38) -> #DIV/0! | AJ39: =AI39/AI$39 -> #DIV/0!
A44: 商品別 | B44: 進口別 | C44: 10年6月目標 | D44: 2010/11/1 | E44: 2010/11/2 | F44: 2010/11/3 | G44: 2010/11/4 | H44: 2010/11/5 | I44: 2010/11/6 | J44: 2010/11/7 | K44: 2010/11/8 | L44: 2010/11/9 | M44: 2010/11/10 | N44: 2010/11/11 | O44: 2010/11/12 | P44: 2010/11/13 | Q44: 2010/11/14 | R44: 2010/11/15 | S44: 2010/11/16 | T44: 2010/11/17 | U44: 2010/11/18 | V44: 2010/11/19 | W44: 2010/11/20 | X44: 2010/11/21 | Y44: 2010/11/22 | Z44: 2010/11/23 | AA44: 2010/11/24 | AB44: 2010/11/25 | AC44: 2010/11/26 | AD44: 2010/11/27 | AE44: 2010/11/28 | AF44: 2010/11/29 | AG44: 2010/11/30 | AI44: Average | AJ44: 比例
D45: Mon | E45: Tue | F45: Wed | G45: Thu | H45: Fri | I45: Sat | J45: Sun | K45: Mon | L45: Tue | M45: Wed | N45: Thu | O45: Fri | P45: Sat | Q45: Sun | R45: Mon | S45: Tue | T45: Wed | U45: Thu | V45: Fri | W45: Sat | X45: Sun | Y45: Mon | Z45: Tue | AA45: Wed | AB45: Thu | AC45: Fri | AD45: Sat | AE45: Sun | AF45: Mon | AG45: Tue
A46: A | B46: 1 | AI46: =AVERAGE(D46:AH46) -> #DIV/0! | AJ46: =AI46/AI$150 -> #DIV/0!
A47: A | B47: 3 | AI47: =AVERAGE(D47:AH47) -> #DIV/0! | AJ47: =AI47/AI$150 -> #DIV/0!
A48: A | B48: 4 | AI48: =AVERAGE(D48:AH48) -> #DIV/0! | AJ48: =AI48/AI$150 -> #DIV/0!
A49: 總計 | C49: =SUM(C46:C48) -> 0 | D49: =SUM(D46:D48) -> 0 | E49: =SUM(E46:E48) -> 0 | F49: =SUM(F46:F48) -> 0 | G49: =SUM(G46:G48) -> 0 | H49: =SUM(H46:H48) -> 0 | I49: =SUM(I46:I48) -> 0 | J49: =SUM(J46:J48) -> 0 | ... AI49: =SUM(AI46:AI48) -> #DIV/0! | AJ49: =AI49/AI$150 -> #DIV/0!
A54: 商品別 | B54: 進口別 | C54: 10年6月目標 | D54: 2010/12/1 | E54: 2010/12/2 | F54: 2010/12/3 | G54: 2010/12/4 | H54: 2010/12/5 | I54: 2010/12/6 | J54: 2010/12/7 | K54: 2010/12/8 | L54: 2010/12/9 | M54: 2010/12/10 | N54: 2010/12/11 | O54: 2010/12/12 | P54: 2010/12/13 | Q54: 2010/12/14 | R54: 2010/12/15 | S54: 2010/12/16 | T54: 2010/12/17 | U54: 2010/12/18 | V54: 2010/12/19 | W54: 2010/12/20 | X54: 2010/12/21 | Y54: 2010/12/22 | Z54: 2010/12/23 | AA54: 2010/12/24 | AB54: 2010/12/25 | AC54: 2010/12/26 | AD54: 2010/12/27 | AE54: 2010/12/28 | AF54: 2010/12/29 | AG54: 2010/12/30 | AH54: 2010/12/31 | AI54: Average | AJ54: 比例
D55: Wed | E55: Thu | F55: Fri | G55: Sat | H55: Sun | I55: Mon | J55: Tue | K55: Wed | L55: Thu | M55: Fri | N55: Sat | O55: Sun | P55: Mon | Q55: Tue | R55: Wed | S55: Thu | T55: Fri | U55: Sat | V55: Sun | W55: Mon | X55: Tue | Y55: Wed | Z55: Thu | AA55: Fri | AB55: Sat | AC55: Sun | AD55: Mon | AE55: Tue | AF55: Wed | AG55: Thu | AH55: Fri
A56: A | B56: 1 | AI56: =AVERAGE(D56:AH56) -> #DIV/0! | AJ56: =AI56/AI$1150 -> #DIV/0!
A57: A | B57: 3 | AI57: =AVERAGE(D57:AH57) -> #DIV/0! | AJ57: =AI57/AI$1150 -> #DIV/0!
A58: A | B58: 4 | AI58: =AVERAGE(D58:AH58) -> #DIV/0! | AJ58: =AI58/AI$1150 -> #DIV/0!
A59: 總計 | C59: =SUM(C56:C58) -> 0 | D59: =SUM(D56:D58) -> 0 | E59: =SUM(E56:E58) -> 0 | F59: =SUM(F56:F58) -> 0 | G59: =SUM(G56:G58) -> 0 | H59: =SUM(H56:H58) -> 0 | I59: =SUM(I56:I58) -> 0 | J59: =SUM(J56:J58) -> 0 | ... AI59: =SUM(AI56:AI58) -> #DIV/0! | AJ59: =AI59/AI$1150 -> #DIV/0!

Sheet 附件二(期貨)
A1: 二、期貨庫存金額日推移
A4: 商品別 | B4: 進口別 | C4: =日期!C2 -> 2025/05/01 | D4: =日期!D2 -> 2025/05/02 | E4: =日期!E2 -> 2025/05/03 | F4: =日期!F2 -> 2025/05/04 | G4: =日期!G2 -> 2025/05/05 | H4: =日期!H2 -> 2025/05/06 | I4: =日期!I2 -> 2025/05/07 | J4: =日期!J2 -> 2025/05/08 | ... AG4: =日期!AG2 -> 2025/05/31 | AH4: Average | AI4: 比例
C5: =日期!C3 -> Thu | D5: =日期!D3 -> Fri | E5: =日期!E3 -> Sat | F5: =日期!F3 -> Sun | G5: =日期!G3 -> Mon | H5: =日期!H3 -> Tue | I5: =日期!I3 -> Wed | J5: =日期!J3 -> Thu | ... AG5: =日期!AG3 -> Sat
A6: A | B6: 1 | C6: =VALUE(期貨金額!D2) -> 11269974 | D6: =VALUE(期貨金額!E2) -> 11199118 | E6: =VALUE(期貨金額!F2) -> 10215716 | F6: =VALUE(期貨金額!G2) -> 10215716 | G6: =VALUE(期貨金額!H2) -> 9664888 | H6: =VALUE(期貨金額!I2) -> 7647046 | I6: =VALUE(期貨金額!J2) -> 7061967 | J6: =VALUE(期貨金額!K2) -> 7016879 | ... AH6: =VALUE(期貨金額!AI2) -> 7886063.1 | AI6: =AH6/$AH$19 -> 0.47371007
A7: A | B7: 3 | C7: =VALUE(期貨金額!D3) -> 6346190 | D7: =VALUE(期貨金額!E3) -> 6359939 | E7: =VALUE(期貨金額!F3) -> 6381708 | F7: =VALUE(期貨金額!G3) -> 6381708 | G7: =VALUE(期貨金額!H3) -> 6696677 | H7: =VALUE(期貨金額!I3) -> 8008940 | I7: =VALUE(期貨金額!J3) -> 5417301 | J7: =VALUE(期貨金額!K3) -> 5363136 | ... AH7: =VALUE(期貨金額!AI3) -> 5630663.5 | AI7: =AH7/$AH$19 -> 0.33822985
A8: A | B8: 4 | C8: =VALUE(期貨金額!D4) -> 3592653 | D8: =VALUE(期貨金額!E4) -> 3603441 | E8: =VALUE(期貨金額!F4) -> 3603441 | F8: =VALUE(期貨金額!G4) -> 3603441 | G8: =VALUE(期貨金額!H4) -> 3438490 | H8: =VALUE(期貨金額!I4) -> 3611995 | I8: =VALUE(期貨金額!J4) -> 3573832 | J8: =VALUE(期貨金額!K4) -> 3660313 | ... AH8: =VALUE(期貨金額!AI4) -> 3085112.5 | AI8: =AH8/$AH$19 -> 0.18532046
A9: C | B9: 1 | C9: =VALUE(期貨金額!D5) -> 0 | D9: =VALUE(期貨金額!E5) -> 0 | E9: =VALUE(期貨金額!F5) -> 0 | F9: =VALUE(期貨金額!G5) -> 0 | G9: =VALUE(期貨金額!H5) -> 0 | H9: =VALUE(期貨金額!I5) -> 0 | I9: =VALUE(期貨金額!J5) -> 0 | J9: =VALUE(期貨金額!K5) -> 0 | ... AH9: =VALUE(期貨金額!AI5) -> 0 | AI9: =AH9/$AH$19 -> 0
A10: C | B10: 3 | C10: =VALUE(期貨金額!D6) -> 0 | D10: =VALUE(期貨金額!E6) -> 0 | E10: =VALUE(期貨金額!F6) -> 0 | F10: =VALUE(期貨金額!G6) -> 0 | G10: =VALUE(期貨金額!H6) -> 0 | H10: =VALUE(期貨金額!I6) -> 0 | I10: =VALUE(期貨金額!J6) -> 0 | J10: =VALUE(期貨金額!K6) -> 0 | ... AH10: =VALUE(期貨金額!AI6) -> 0 | AI10: =AH10/$AH$19 -> 0
A11: E | B11: 1 | C11: =VALUE(期貨金額!D8) -> 0 | D11: =VALUE(期貨金額!E8) -> 0 | E11: =VALUE(期貨金額!F8) -> 0 | F11: =VALUE(期貨金額!G8) -> 0 | G11: =VALUE(期貨金額!H8) -> 0 | H11: =VALUE(期貨金額!I8) -> 0 | I11: =VALUE(期貨金額!J8) -> 0 | J11: =VALUE(期貨金額!K8) -> 0 | ... AH11: =VALUE(期貨金額!AI8) -> 0 | AI11: =AH11/$AH$19 -> 0
A12: E | B12: 3 | C12: =VALUE(期貨金額!D9) -> 0 | D12: =VALUE(期貨金額!E9) -> 0 | E12: =VALUE(期貨金額!F9) -> 0 | F12: =VALUE(期貨金額!G9) -> 0 | G12: =VALUE(期貨金額!H9) -> 0 | H12: =VALUE(期貨金額!I9) -> 0 | I12: =VALUE(期貨金額!J9) -> 0 | J12: =VALUE(期貨金額!K9) -> 0 | ... AH12: =VALUE(期貨金額!AI9) -> 0 | AI12: =AH12/$AH$19 -> 0
A13: F | B13: 1 | C13: =VALUE(期貨金額!D10) -> 0 | D13: =VALUE(期貨金額!E10) -> 0 | E13: =VALUE(期貨金額!F10) -> 0 | F13: =VALUE(期貨金額!G10) -> 0 | G13: =VALUE(期貨金額!H10) -> 0 | H13: =VALUE(期貨金額!I10) -> 0 | I13: =VALUE(期貨金額!J10) -> 0 | J13: =VALUE(期貨金額!K10) -> 0 | ... AH13: =VALUE(期貨金額!AI10) -> 0 | AI13: =AH13/$AH$19 -> 0
A14: F | B14: 3 | C14: =VALUE(期貨金額!D11) -> 0 | D14: =VALUE(期貨金額!E11) -> 0 | E14: =VALUE(期貨金額!F11) -> 0 | F14: =VALUE(期貨金額!G11) -> 0 | G14: =VALUE(期貨金額!H11) -> 0 | H14: =VALUE(期貨金額!I11) -> 0 | I14: =VALUE(期貨金額!J11) -> 24192 | J14: =VALUE(期貨金額!K11) -> 24192 | ... AH14: =VALUE(期貨金額!AI11) -> 19509.68 | AI14: =AH14/$AH$19 -> 0.0011719323
A15: H | B15: 3 | C15: =VALUE(期貨金額!D12) -> 0 | D15: =VALUE(期貨金額!E12) -> 0 | E15: =VALUE(期貨金額!F12) -> 0 | F15: =VALUE(期貨金額!G12) -> 0 | G15: =VALUE(期貨金額!H12) -> 0 | H15: =VALUE(期貨金額!I12) -> 0 | I15: =VALUE(期貨金額!J12) -> 0 | J15: =VALUE(期貨金額!K12) -> 0 | ... AH15: =VALUE(期貨金額!AI12) -> 0 | AI15: =AH15/$AH$19 -> 0
A16: J | B16: 3 | C16: =VALUE(期貨金額!D13) -> 0 | D16: =VALUE(期貨金額!E13) -> 0 | E16: =VALUE(期貨金額!F13) -> 0 | F16: =VALUE(期貨金額!G13) -> 0 | G16: =VALUE(期貨金額!H13) -> 0 | H16: =VALUE(期貨金額!I13) -> 0 | I16: =VALUE(期貨金額!J13) -> 0 | J16: =VALUE(期貨金額!K13) -> 0 | ... AH16: =VALUE(期貨金額!AI13) -> 0 | AI16: =AH16/$AH$19 -> 0
A17: N | B17: 3 | C17: =VALUE(期貨金額!D15) -> 6350 | D17: =VALUE(期貨金額!E15) -> 6350 | E17: =VALUE(期貨金額!F15) -> 6350 | F17: =VALUE(期貨金額!G15) -> 6350 | G17: =VALUE(期貨金額!H15) -> 11444 | H17: =VALUE(期貨金額!I15) -> 47744 | I17: =VALUE(期貨金額!J15) -> 47744 | J17: =VALUE(期貨金額!K15) -> 47744 | ... AH17: =VALUE(期貨金額!AI15) -> 26097.97 | AI17: =AH17/$AH$19 -> 0.001567686
A18: O | B18: 3 | C18: =VALUE(期貨金額!D16) -> 0 | D18: =VALUE(期貨金額!E16) -> 0 | E18: =VALUE(期貨金額!F16) -> 0 | F18: =VALUE(期貨金額!G16) -> 0 | G18: =VALUE(期貨金額!H16) -> 0 | H18: =VALUE(期貨金額!I16) -> 0 | I18: =VALUE(期貨金額!J16) -> 0 | J18: =VALUE(期貨金額!K16) -> 0 | ... AH18: =VALUE(期貨金額!AI16) -> 0 | AI18: =AH18/$AH$19 -> 0
A19: 合計 | C19: =SUM(C6:C18) -> 21215167 | D19: =SUM(D6:D18) -> 21168848 | E19: =SUM(E6:E18) -> 20207215 | F19: =SUM(F6:F18) -> 20207215 | G19: =SUM(G6:G18) -> 19811499 | H19: =SUM(H6:H18) -> 19315725 | I19: =SUM(I6:I18) -> 16125036 | J19: =SUM(J6:J18) -> 16112264 | ... AH19: =SUM(AH6:AH18) -> 16647447 | AI19: =AH19/AH$19 -> 1
A20: D | B20: 1 | C20: =VALUE(期貨金額!D7) -> 1815285 | D20: =VALUE(期貨金額!E7) -> 1834673 | E20: =VALUE(期貨金額!F7) -> 1792821 | F20: =VALUE(期貨金額!G7) -> 1792821 | G20: =VALUE(期貨金額!H7) -> 1933945 | H20: =VALUE(期貨金額!I7) -> 1938267 | I20: =VALUE(期貨金額!J7) -> 1754019 | J20: =VALUE(期貨金額!K7) -> 1743335 | ... AH20: =VALUE(期貨金額!AI7) -> 4166478.4 | AI20: =AH20/$AH$26 -> 0.99998476
A21: S | B21: 3 | C21: =VALUE(期貨金額!D19) -> 0 | D21: =VALUE(期貨金額!E19) -> 0 | E21: =VALUE(期貨金額!F19) -> 0 | F21: =VALUE(期貨金額!G19) -> 0 | G21: =VALUE(期貨金額!H19) -> 0 | H21: =VALUE(期貨金額!I19) -> 0 | I21: =VALUE(期貨金額!J19) -> 0 | J21: =VALUE(期貨金額!K19) -> 0 | ... AH21: =VALUE(期貨金額!AI19) -> 0 | AI21: =AH21/$AH$26 -> 0
A22: V | B22: 3 | C22: =VALUE(期貨金額!D21) -> 1968 | D22: =VALUE(期貨金額!E21) -> 0 | E22: =VALUE(期貨金額!F21) -> 0 | F22: =VALUE(期貨金額!G21) -> 0 | G22: =VALUE(期貨金額!H21) -> 0 | H22: =VALUE(期貨金額!I21) -> 0 | I22: =VALUE(期貨金額!J21) -> 0 | J22: =VALUE(期貨金額!K21) -> 0 | ... AH22: =VALUE(期貨金額!AI21) -> 63.48 | AI22: =AH22/$AH$26 -> 1.5235656e-05
A23: T | B23: 3 | C23: =VALUE(期貨金額!D20) -> 0 | D23: =VALUE(期貨金額!E20) -> 0 | E23: =VALUE(期貨金額!F20) -> 0 | F23: =VALUE(期貨金額!G20) -> 0 | G23: =VALUE(期貨金額!H20) -> 0 | H23: =VALUE(期貨金額!I20) -> 0 | I23: =VALUE(期貨金額!J20) -> 0 | J23: =VALUE(期貨金額!K20) -> 0 | ... AH23: =VALUE(期貨金額!AI20) -> 0 | AI23: =AH23/$AH$26 -> 0
A24: P | B24: 1 | C24: =VALUE(期貨金額!D17) -> 0 | D24: =VALUE(期貨金額!E17) -> 0 | E24: =VALUE(期貨金額!F17) -> 0 | F24: =VALUE(期貨金額!G17) -> 0 | G24: =VALUE(期貨金額!H17) -> 0 | H24: =VALUE(期貨金額!I17) -> 0 | I24: =VALUE(期貨金額!J17) -> 0 | J24: =VALUE(期貨金額!K17) -> 0 | ... AH24: =VALUE(期貨金額!AI17) -> 0 | AI24: =AH24/$AH$26 -> 0
A25: Q | B25: 3 | C25: =VALUE(期貨金額!D18) -> 0 | D25: =VALUE(期貨金額!E18) -> 0 | E25: =VALUE(期貨金額!F18) -> 0 | F25: =VALUE(期貨金額!G18) -> 0 | G25: =VALUE(期貨金額!H18) -> 0 | H25: =VALUE(期貨金額!I18) -> 0 | I25: =VALUE(期貨金額!J18) -> 0 | J25: =VALUE(期貨金額!K18) -> 0 | ... AH25: =VALUE(期貨金額!AI18) -> 0 | AI25: =AH25/$AH$26 -> 0
A26: 合計 | C26: =SUM(C20:C25) -> 1817253 | D26: =SUM(D20:D25) -> 1834673 | E26: =SUM(E20:E25) -> 1792821 | F26: =SUM(F20:F25) -> 1792821 | G26: =SUM(G20:G25) -> 1933945 | H26: =SUM(H20:H25) -> 1938267 | I26: =SUM(I20:I25) -> 1754019 | J26: =SUM(J20:J25) -> 1743335 | ... AH26: =SUM(AH20:AH25) -> 4166541.8 | AI26: =AH26/AH$26 -> 1

Sheet 當年月推移
A1: 一、庫存金額(平均)
A2: 商品別 | D2: 一月 | E2: 二月 | F2: 三月 | G2: 四月 | H2: 五月 | I2: 六月 | J2: 七月 | K2: 八月 | L2: 九月 | M2: 十月 | N2: 十一月 | O2: 十二月 | P2: 平均 | Q2: 目標平均
A3: 管理全商品 | D3: =D4+D11+D16 -> 5.6949312e+08 | E3: =E4+E11+E16 -> 5.8305304e+08 | F3: =F4+F11+F16 -> 6.077964e+08 | G3: =G4+G11+G16 -> 6.1918973e+08 | H3: =H4+H11+H16 -> 0 | I3: =I4+I11+I16 -> 0 | J3: =J4+J11+J16 -> 0 | K3: =K4+K11+K16 -> 0 | ... P3: =P4+P11+P16 -> 594883076 | Q3: 4.6467758e+08
B4: 主商品 | D4: =SUM(D5:D10) -> 3.4221623e+08 | E4: =SUM(E5:E10) -> 3.4490165e+08 | F4: =SUM(F5:F10) -> 3.4852343e+08 | G4: =SUM(G5:G10) -> 3.4843962e+08 | H4: =SUM(H5:H10) -> 0 | I4: =SUM(I5:I10) -> 0 | J4: =SUM(J5:J10) -> 0 | K4: =SUM(K5:K10) -> 0 | ... P4: =SUM(P5:P10) -> 346020235 | Q4: 2.7303265e+08
C5: A 豐 田 | D5: =VALUE(月庫存金額!C2) -> 2.9289557e+08 | E5: =VALUE(月庫存金額!D2) -> 2.9427785e+08 | F5: =VALUE(月庫存金額!E2) -> 3.035471e+08 | G5: =VALUE(月庫存金額!F2) -> 3.0501569e+08 | H5: =VALUE(月庫存金額!G2) -> 0 | I5: =VALUE(月庫存金額!H2) -> 0 | J5: =VALUE(月庫存金額!I2) -> 0 | K5: =VALUE(月庫存金額!J2) -> 0 | ... P5: =VALUE(月庫存金額!O2) -> 298934055 | Q5: 2.3436966e+08
C6: J 油 料 | D6: =VALUE(月庫存金額!C4) -> 6894022.5 | E6: =VALUE(月庫存金額!D4) -> 7273219.5 | F6: =VALUE(月庫存金額!E4) -> 6022622.2 | G6: =VALUE(月庫存金額!F4) -> 6246401.7 | H6: =VALUE(月庫存金額!G4) -> 0 | I6: =VALUE(月庫存金額!H4) -> 0 | J6: =VALUE(月庫存金額!I4) -> 0 | K6: =VALUE(月庫存金額!J4) -> 0 | ... P6: =VALUE(月庫存金額!O4) -> 6609067 | Q6: 11732298
C7: O 工具對策 | D7: =VALUE(月庫存金額!C5) -> 11103888 | E7: =VALUE(月庫存金額!D5) -> 10717600 | F7: =VALUE(月庫存金額!E5) -> 7939466.9 | G7: =VALUE(月庫存金額!F5) -> 7405026.6 | H7: =VALUE(月庫存金額!G5) -> 0 | I7: =VALUE(月庫存金額!H5) -> 0 | J7: =VALUE(月庫存金額!I5) -> 0 | K7: =VALUE(月庫存金額!J5) -> 0 | ... P7: =VALUE(月庫存金額!O5) -> 9291496 | Q7: 1014645.1
C8: N 用品補修件 | D8: =VALUE(月庫存金額!C6) -> 21593173 | E8: =VALUE(月庫存金額!D6) -> 19382074 | F8: =VALUE(月庫存金額!E6) -> 19671571 | G8: =VALUE(月庫存金額!F6) -> 18629028 | H8: =VALUE(月庫存金額!G6) -> 0 | I8: =VALUE(月庫存金額!H6) -> 0 | J8: =VALUE(月庫存金額!I6) -> 0 | K8: =VALUE(月庫存金額!J6) -> 0 | ... P8: =VALUE(月庫存金額!O6) -> 19818962 | Q8: 18506619
C9: C 日 野 | D9: =VALUE(月庫存金額!C7) -> 0 | E9: =VALUE(月庫存金額!D7) -> 0 | F9: =VALUE(月庫存金額!E7) -> 0 | G9: =VALUE(月庫存金額!F7) -> 0 | H9: =VALUE(月庫存金額!G7) -> 0 | I9: =VALUE(月庫存金額!H7) -> 0 | J9: =VALUE(月庫存金額!I7) -> 0 | K9: =VALUE(月庫存金額!J7) -> 0 | ... P9: =VALUE(月庫存金額!O7) -> 0 | Q9: 0
C10: H 輪 胎 | D10: =VALUE(月庫存金額!C8) -> 9729574.1 | E10: =VALUE(月庫存金額!D8) -> 13250905 | F10: =VALUE(月庫存金額!E8) -> 11342668 | G10: =VALUE(月庫存金額!F8) -> 11143472 | H10: =VALUE(月庫存金額!G8) -> 0 | I10: =VALUE(月庫存金額!H8) -> 0 | J10: =VALUE(月庫存金額!I8) -> 0 | K10: =VALUE(月庫存金額!J8) -> 0 | ... P10: =VALUE(月庫存金額!O8) -> 11366655 | Q10: 7409428.3
B11: 其他 | D11: =SUM(D12:D15) -> 1990385.5 | E11: =SUM(E12:E15) -> 1846899.4 | F11: =SUM(F12:F15) -> 1660307 | G11: =SUM(G12:G15) -> 2449045.6 | H11: =SUM(H12:H15) -> 0 | I11: =SUM(I12:I15) -> 0 | J11: =SUM(J12:J15) -> 0 | K11: =SUM(K12:K15) -> 0 | ... P11: =SUM(P12:P15) -> 1986660 | Q11: 13138073
C12: E 噴射泵 | D12: =VALUE(月庫存金額!C9) -> 0 | E12: =VALUE(月庫存金額!D9) -> 0 | F12: =VALUE(月庫存金額!E9) -> 0 | G12: =VALUE(月庫存金額!F9) -> 0 | H12: =VALUE(月庫存金額!G9) -> 0 | I12: =VALUE(月庫存金額!H9) -> 0 | J12: =VALUE(月庫存金額!I9) -> 0 | K12: =VALUE(月庫存金額!J9) -> 0 | ... P12: =VALUE(月庫存金額!O9) -> 0 | Q12: 0
C13: F 電 裝 | D13: =VALUE(月庫存金額!C10) -> 1710555.9 | E13: =VALUE(月庫存金額!D10) -> 1534112.8 | F13: =VALUE(月庫存金額!E10) -> 1354194.5 | G13: =VALUE(月庫存金額!F10) -> 2181402.3 | H13: =VALUE(月庫存金額!G10) -> 0 | I13: =VALUE(月庫存金額!H10) -> 0 | J13: =VALUE(月庫存金額!I10) -> 0 | K13: =VALUE(月庫存金額!J10) -> 0 | ... P13: =VALUE(月庫存金額!O10) -> 1695067 | Q13: 1921849.4
C14: G 貨車冷氣 | D14: =VALUE(月庫存金額!C12) -> 0 | E14: =VALUE(月庫存金額!D12) -> 0 | F14: =VALUE(月庫存金額!E12) -> 0 | G14: =VALUE(月庫存金額!F12) -> 0 | H14: =VALUE(月庫存金額!G12) -> 0 | I14: =VALUE(月庫存金額!H12) -> 0 | J14: =VALUE(月庫存金額!I12) -> 0 | K14: =VALUE(月庫存金額!J12) -> 0 | ... P14: =VALUE(月庫存金額!O12) -> 0 | Q14: 0
C15: U 咖啡 | D15: =VALUE(月庫存金額!C14) -> 279829.61 | E15: =VALUE(月庫存金額!D14) -> 312786.57 | F15: =VALUE(月庫存金額!E14) -> 306112.52 | G15: =VALUE(月庫存金額!F14) -> 267643.33 | H15: =VALUE(月庫存金額!G14) -> 0 | I15: =VALUE(月庫存金額!H14) -> 0 | J15: =VALUE(月庫存金額!I14) -> 0 | K15: =VALUE(月庫存金額!J14) -> 0 | ... P15: =VALUE(月庫存金額!O14) -> 291593 | Q15: 410834.41
B16: LEXUS零件 | D16: =SUM(D17:D23) -> 2.252865e+08 | E16: =SUM(E17:E23) -> 2.3630449e+08 | F16: =SUM(F17:F23) -> 2.5761266e+08 | G16: =SUM(G17:G23) -> 2.6830107e+08 | H16: =SUM(H17:H23) -> 0 | I16: =SUM(I17:I23) -> 0 | J16: =SUM(J17:J23) -> 0 | K16: =SUM(K17:K23) -> 0 | ... P16: =SUM(P17:P23) -> 246876181 | Q16: 1.7850685e+08
C17: D LEXUS | D17: =VALUE(月庫存金額!C3) -> 2.1381399e+08 | E17: =VALUE(月庫存金額!D3) -> 2.1642168e+08 | F17: =VALUE(月庫存金額!E3) -> 2.3073545e+08 | G17: =VALUE(月庫存金額!F3) -> 2.421113e+08 | H17: =VALUE(月庫存金額!G3) -> 0 | I17: =VALUE(月庫存金額!H3) -> 0 | J17: =VALUE(月庫存金額!I3) -> 0 | K17: =VALUE(月庫存金額!J3) -> 0 | ... P17: =VALUE(月庫存金額!O3) -> 225770603 | Q17: 1.514092e+08
C18: M 油 料 | D18: =VALUE(月庫存金額!C13) -> 2731882.9 | E18: =VALUE(月庫存金額!D13) -> 2401477.7 | F18: =VALUE(月庫存金額!E13) -> 1864895.6 | G18: =VALUE(月庫存金額!F13) -> 1992262.9 | H18: =VALUE(月庫存金額!G13) -> 0 | I18: =VALUE(月庫存金額!H13) -> 0 | J18: =VALUE(月庫存金額!I13) -> 0 | K18: =VALUE(月庫存金額!J13) -> 0 | ... P18: =VALUE(月庫存金額!O13) -> 2247630 | Q18: 3134492.7
C19: S 工具對策 | D19: =VALUE(月庫存金額!C21) -> 161176 | E19: =VALUE(月庫存金額!D21) -> 161176 | F19: =VALUE(月庫存金額!E21) -> 161176 | G19: =VALUE(月庫存金額!F21) -> 161176 | H19: =VALUE(月庫存金額!G21) -> 0 | I19: =VALUE(月庫存金額!H21) -> 0 | J19: =VALUE(月庫存金額!I21) -> 0 | K19: =VALUE(月庫存金額!J21) -> 0 | ... P19: =VALUE(月庫存金額!O21) -> 161176 | Q19: 9206655.4
C20: V 用品補修件 | D20: =VALUE(月庫存金額!C20) -> 162800 | E20: =VALUE(月庫存金額!D20) -> 162800 | F20: =VALUE(月庫存金額!E20) -> 162800 | G20: =VALUE(月庫存金額!F20) -> 162800 | H20: =VALUE(月庫存金額!G20) -> 0 | I20: =VALUE(月庫存金額!H20) -> 0 | J20: =VALUE(月庫存金額!I20) -> 0 | K20: =VALUE(月庫存金額!J20) -> 0 | ... P20: =VALUE(月庫存金額!O20) -> 162800 | Q20: 10542089
C21: T 輪 胎 | D21: =VALUE(月庫存金額!C19) -> 8170824.8 | E21: =VALUE(月庫存金額!D19) -> 16891476 | F21: =VALUE(月庫存金額!E19) -> 24401516 | G21: =VALUE(月庫存金額!F19) -> 23605583 | H21: =VALUE(月庫存金額!G19) -> 0 | I21: =VALUE(月庫存金額!H19) -> 0 | J21: =VALUE(月庫存金額!I19) -> 0 | K21: =VALUE(月庫存金額!J19) -> 0 | ... P21: =VALUE(月庫存金額!O19) -> 18267350 | Q21: 3640844.9
C22: P 電 裝 | D22: =VALUE(月庫存金額!C11) -> 106839 | E22: =VALUE(月庫存金額!D11) -> 106839 | F22: =VALUE(月庫存金額!E11) -> 97968.03 | G22: =VALUE(月庫存金額!F11) -> 94797.33 | H22: =VALUE(月庫存金額!G11) -> 0 | I22: =VALUE(月庫存金額!H11) -> 0 | J22: =VALUE(月庫存金額!I11) -> 0 | K22: =VALUE(月庫存金額!J11) -> 0 | ... P22: =VALUE(月庫存金額!O11) -> 101611 | Q22: 127003.21
C23: Q 咖 啡 | D23: =VALUE(月庫存金額!C22) -> 138994 | E23: =VALUE(月庫存金額!D22) -> 159046 | F23: =VALUE(月庫存金額!E22) -> 188859.81 | G23: =VALUE(月庫存金額!F22) -> 173142 | H23: =VALUE(月庫存金額!G22) -> 0 | I23: =VALUE(月庫存金額!H22) -> 0 | J23: =VALUE(月庫存金額!I22) -> 0 | K23: =VALUE(月庫存金額!J22) -> 0 | ... P23: =VALUE(月庫存金額!O22) -> 165011 | Q23: 446571.5
B24: 二通路零件 | D24: =SUM(D25:D28) -> 13551161 | E24: =SUM(E25:E28) -> 14999903 | F24: =SUM(F25:F28) -> 15310386 | G24: =SUM(G25:G28) -> 16115786 | H24: =SUM(H25:H28) -> 0 | I24: =SUM(I25:I28) -> 0 | J24: =SUM(J25:J28) -> 0 | K24: =SUM(K25:K28) -> 0 | ... P24: =SUM(P25:P28) -> 14994309
C25: 2 二品牌一般 | D25: =VALUE(月庫存金額!C23) -> 0 | E25: =VALUE(月庫存金額!D23) -> 0 | F25: =VALUE(月庫存金額!E23) -> 0 | G25: =VALUE(月庫存金額!F23) -> 0 | H25: =VALUE(月庫存金額!G23) -> 0 | I25: =VALUE(月庫存金額!H23) -> 0 | J25: =VALUE(月庫存金額!I23) -> 0 | K25: =VALUE(月庫存金額!J23) -> 0 | ... P25: =VALUE(月庫存金額!O23) -> 0
C26: 3 二品牌油料 | D26: =VALUE(月庫存金額!C24) -> 0 | E26: =VALUE(月庫存金額!D24) -> 0 | F26: =VALUE(月庫存金額!E24) -> 0 | G26: =VALUE(月庫存金額!F24) -> 0 | H26: =VALUE(月庫存金額!G24) -> 0 | I26: =VALUE(月庫存金額!H24) -> 0 | J26: =VALUE(月庫存金額!I24) -> 0 | K26: =VALUE(月庫存金額!J24) -> 0 | ... P26: =VALUE(月庫存金額!O24) -> 0
C27: 4 二品牌輪胎 | D27: =VALUE(月庫存金額!C25) -> 9106516.7 | E27: =VALUE(月庫存金額!D25) -> 9492109.1 | F27: =VALUE(月庫存金額!E25) -> 9381405.6 | G27: =VALUE(月庫存金額!F25) -> 8789643.9 | H27: =VALUE(月庫存金額!G25) -> 0 | I27: =VALUE(月庫存金額!H25) -> 0 | J27: =VALUE(月庫存金額!I25) -> 0 | K27: =VALUE(月庫存金額!J25) -> 0 | ... P27: =VALUE(月庫存金額!O25) -> 9192419
C28: 5 二品牌化學品 | D28: =VALUE(月庫存金額!C26) -> 4444644.1 | E28: =VALUE(月庫存金額!D26) -> 5507793.5 | F28: =VALUE(月庫存金額!E26) -> 5928979.9 | G28: =VALUE(月庫存金額!F26) -> 7326142.5 | H28: =VALUE(月庫存金額!G26) -> 0 | I28: =VALUE(月庫存金額!H26) -> 0 | J28: =VALUE(月庫存金額!I26) -> 0 | K28: =VALUE(月庫存金額!J26) -> 0 | ... P28: =VALUE(月庫存金額!O26) -> 5801890
A29: 非管理 | C29: L 小車用品 | D29: =VALUE(月庫存金額!C15) -> 1636322.7 | E29: =VALUE(月庫存金額!D15) -> 1606880.5 | F29: =VALUE(月庫存金額!E15) -> 1608277.8 | G29: =VALUE(月庫存金額!F15) -> 1614727.6 | H29: =VALUE(月庫存金額!G15) -> 0 | I29: =VALUE(月庫存金額!H15) -> 0 | J29: =VALUE(月庫存金額!I15) -> 0 | K29: =VALUE(月庫存金額!J15) -> 0 | ... P29: =VALUE(月庫存金額!O15) -> 1616553
C30: W 服務商品 | D30: =VALUE(月庫存金額!C16) -> 0 | E30: =VALUE(月庫存金額!D16) -> 0 | F30: =VALUE(月庫存金額!E16) -> 0 | G30: =VALUE(月庫存金額!F16) -> 0 | H30: =VALUE(月庫存金額!G16) -> 0 | I30: =VALUE(月庫存金額!H16) -> 0 | J30: =VALUE(月庫存金額!I16) -> 0 | K30: =VALUE(月庫存金額!J16) -> 0 | ... P30: =VALUE(月庫存金額!O16) -> 0
C31: X Lexus精品 | D31: =VALUE(月庫存金額!C17) -> 4738534.2 | E31: =VALUE(月庫存金額!D17) -> 6616871.4 | F31: =VALUE(月庫存金額!E17) -> 6569016.9 | G31: =VALUE(月庫存金額!F17) -> 6269507.1 | H31: =VALUE(月庫存金額!G17) -> 0 | I31: =VALUE(月庫存金額!H17) -> 0 | J31: =VALUE(月庫存金額!I17) -> 0 | K31: =VALUE(月庫存金額!J17) -> 0 | ... P31: =VALUE(月庫存金額!O17) -> 6048482
C32: 8 活動贈品 | D32: =VALUE(月庫存金額!C18) -> 12592603 | E32: =VALUE(月庫存金額!D18) -> 10668231 | F32: =VALUE(月庫存金額!E18) -> 11760706 | G32: =VALUE(月庫存金額!F18) -> 10427096 | H32: =VALUE(月庫存金額!G18) -> 0 | I32: =VALUE(月庫存金額!H18) -> 0 | J32: =VALUE(月庫存金額!I18) -> 0 | K32: =VALUE(月庫存金額!J18) -> 0 | ... P32: =VALUE(月庫存金額!O18) -> 11362159
C33: 6 | P33: =VALUE(月庫存金額!O27) -> 0
C34: 7 | P34: =VALUE(月庫存金額!O28) -> 0
A35: 二、庫存金額(期末)
A36: 商品別 | D36: 一月 | E36: 二月 | F36: 三月 | G36: 四月 | H36: 五月 | I36: 六月 | J36: 七月 | K36: 八月 | L36: 九月 | M36: 十月 | N36: 十一月 | O36: 十二月 | P36: 平均
A37: 管理全商品 | D37: =D38+D45+D50 -> 587014761 | E37: =E38+E45+E50 -> 627453357 | F37: =F38+F45+F50 -> 621535544 | G37: =G38+G45+G50 -> 645404569 | H37: =H38+H45+H50 -> 0 | I37: =I38+I45+I50 -> 0 | J37: =J38+J45+J50 -> 0 | K37: =K38+K45+K50 -> 0 | ... P37: =P38+P45+P50 -> 620352059
B38: 主商品 | D38: =SUM(D39:D44) -> 354479947 | E38: =SUM(E39:E44) -> 371926023 | F38: =SUM(F39:F44) -> 357064395 | G38: =SUM(G39:G44) -> 369063594 | H38: =SUM(H39:H44) -> 0 | I38: =SUM(I39:I44) -> 0 | J38: =SUM(J39:J44) -> 0 | K38: =SUM(K39:K44) -> 0 | ... P38: =SUM(P39:P44) -> 363133490
C39: A 豐 田 | D39: =VALUE(月庫存金額!P2) -> 301522048 | E39: =VALUE(月庫存金額!Q2) -> 312011790 | F39: =VALUE(月庫存金額!R2) -> 307804297 | G39: =VALUE(月庫存金額!S2) -> 311952904 | H39: =VALUE(月庫存金額!T2) -> 0 | I39: =VALUE(月庫存金額!U2) -> 0 | J39: =VALUE(月庫存金額!V2) -> 0 | K39: =VALUE(月庫存金額!W2) -> 0 | ... P39: =VALUE(月庫存金額!AB2) -> 308322760
C40: J 油 料 | D40: =VALUE(月庫存金額!P4) -> 11731801 | E40: =VALUE(月庫存金額!Q4) -> 6677578 | F40: =VALUE(月庫存金額!R4) -> 7953023 | G40: =VALUE(月庫存金額!S4) -> 6400194 | H40: =VALUE(月庫存金額!T4) -> 0 | I40: =VALUE(月庫存金額!U4) -> 0 | J40: =VALUE(月庫存金額!V4) -> 0 | K40: =VALUE(月庫存金額!W4) -> 0 | ... P40: =VALUE(月庫存金額!AB4) -> 8190649
C41: O 工具對策 | D41: =VALUE(月庫存金額!P5) -> 11043043 | E41: =VALUE(月庫存金額!Q5) -> 11016551 | F41: =VALUE(月庫存金額!R5) -> 6604155 | G41: =VALUE(月庫存金額!S5) -> 6800876 | H41: =VALUE(月庫存金額!T5) -> 0 | I41: =VALUE(月庫存金額!U5) -> 0 | J41: =VALUE(月庫存金額!V5) -> 0 | K41: =VALUE(月庫存金額!W5) -> 0 | ... P41: =VALUE(月庫存金額!AB5) -> 8866156
C42: N 用品補修件 | D42: =VALUE(月庫存金額!P6) -> 18962815 | E42: =VALUE(月庫存金額!Q6) -> 23106428 | F42: =VALUE(月庫存金額!R6) -> 21071693 | G42: =VALUE(月庫存金額!S6) -> 21065273 | H42: =VALUE(月庫存金額!T6) -> 0 | I42: =VALUE(月庫存金額!U6) -> 0 | J42: =VALUE(月庫存金額!V6) -> 0 | K42: =VALUE(月庫存金額!W6) -> 0 | ... P42: =VALUE(月庫存金額!AB6) -> 21051552
C43: C 日 野 | D43: =VALUE(月庫存金額!P7) -> 0 | E43: =VALUE(月庫存金額!Q7) -> 0 | F43: =VALUE(月庫存金額!R7) -> 0 | G43: =VALUE(月庫存金額!S7) -> 0 | H43: =VALUE(月庫存金額!T7) -> 0 | I43: =VALUE(月庫存金額!U7) -> 0 | J43: =VALUE(月庫存金額!V7) -> 0 | K43: =VALUE(月庫存金額!W7) -> 0 | ... P43: =VALUE(月庫存金額!AB7) -> 0
C44: H 輪 胎 | D44: =VALUE(月庫存金額!P8) -> 11220240 | E44: =VALUE(月庫存金額!Q8) -> 19113676 | F44: =VALUE(月庫存金額!R8) -> 13631227 | G44: =VALUE(月庫存金額!S8) -> 22844347 | H44: =VALUE(月庫存金額!T8) -> 0 | I44: =VALUE(月庫存金額!U8) -> 0 | J44: =VALUE(月庫存金額!V8) -> 0 | K44: =VALUE(月庫存金額!W8) -> 0 | ... P44: =VALUE(月庫存金額!AB8) -> 16702373
B45: 其他 | D45: =SUM(D46:D49) -> 2040687 | E45: =SUM(E46:E49) -> 2030574 | F45: =SUM(F46:F49) -> 1752264 | G45: =SUM(G46:G49) -> 2885530 | H45: =SUM(H46:H49) -> 0 | I45: =SUM(I46:I49) -> 0 | J45: =SUM(J46:J49) -> 0 | K45: =SUM(K46:K49) -> 0 | ... P45: =SUM(P46:P49) -> 2177264
C46: E 噴射泵 | D46: =VALUE(月庫存金額!P9) -> 0 | E46: =VALUE(月庫存金額!Q9) -> 0 | F46: =VALUE(月庫存金額!R9) -> 0 | G46: =VALUE(月庫存金額!S9) -> 0 | H46: =VALUE(月庫存金額!T9) -> 0 | I46: =VALUE(月庫存金額!U9) -> 0 | J46: =VALUE(月庫存金額!V9) -> 0 | K46: =VALUE(月庫存金額!W9) -> 0 | ... P46: =VALUE(月庫存金額!AB9) -> 0
C47: F 電 裝 | D47: =VALUE(月庫存金額!P10) -> 1745249 | E47: =VALUE(月庫存金額!Q10) -> 1677636 | F47: =VALUE(月庫存金額!R10) -> 1480486 | G47: =VALUE(月庫存金額!S10) -> 2642042 | H47: =VALUE(月庫存金額!T10) -> 0 | I47: =VALUE(月庫存金額!U10) -> 0 | J47: =VALUE(月庫存金額!V10) -> 0 | K47: =VALUE(月庫存金額!W10) -> 0 | ... P47: =VALUE(月庫存金額!AB10) -> 1886353
C48: G 貨車冷氣 | D48: =VALUE(月庫存金額!P12) -> 0 | E48: =VALUE(月庫存金額!Q12) -> 0 | F48: =VALUE(月庫存金額!R12) -> 0 | G48: =VALUE(月庫存金額!S12) -> 0 | H48: =VALUE(月庫存金額!T12) -> 0 | I48: =VALUE(月庫存金額!U12) -> 0 | J48: =VALUE(月庫存金額!V12) -> 0 | K48: =VALUE(月庫存金額!W12) -> 0 | ... P48: =VALUE(月庫存金額!AB12) -> 0
C49: U 咖啡 | D49: =VALUE(月庫存金額!P14) -> 295438 | E49: =VALUE(月庫存金額!Q14) -> 352938 | F49: =VALUE(月庫存金額!R14) -> 271778 | G49: =VALUE(月庫存金額!S14) -> 243488 | H49: =VALUE(月庫存金額!T14) -> 0 | I49: =VALUE(月庫存金額!U14) -> 0 | J49: =VALUE(月庫存金額!V14) -> 0 | K49: =VALUE(月庫存金額!W14) -> 0 | ... P49: =VALUE(月庫存金額!AB14) -> 290911
B50: LEXUS零件 | D50: =SUM(D51:D57) -> 230494127 | E50: =SUM(E51:E57) -> 253496760 | F50: =SUM(F51:F57) -> 262718885 | G50: =SUM(G51:G57) -> 273455445 | H50: =SUM(H51:H57) -> 0 | I50: =SUM(I51:I57) -> 0 | J50: =SUM(J51:J57) -> 0 | K50: =SUM(K51:K57) -> 0 | ... P50: =SUM(P51:P57) -> 255041305
C51: D LEXUS | D51: =VALUE(月庫存金額!P3) -> 217348722 | E51: =VALUE(月庫存金額!Q3) -> 229286452 | F51: =VALUE(月庫存金額!R3) -> 234536820 | G51: =VALUE(月庫存金額!S3) -> 249410081 | H51: =VALUE(月庫存金額!T3) -> 0 | I51: =VALUE(月庫存金額!U3) -> 0 | J51: =VALUE(月庫存金額!V3) -> 0 | K51: =VALUE(月庫存金額!W3) -> 0 | ... P51: =VALUE(月庫存金額!AB3) -> 232645519
C52: M 油 料 | D52: =VALUE(月庫存金額!P13) -> 4434328 | E52: =VALUE(月庫存金額!Q13) -> 2190434 | F52: =VALUE(月庫存金額!R13) -> 2572318 | G52: =VALUE(月庫存金額!S13) -> 1381676 | H52: =VALUE(月庫存金額!T13) -> 0 | I52: =VALUE(月庫存金額!U13) -> 0 | J52: =VALUE(月庫存金額!V13) -> 0 | K52: =VALUE(月庫存金額!W13) -> 0 | ... P52: =VALUE(月庫存金額!AB13) -> 2644689
C53: S 工具對策 | D53: =VALUE(月庫存金額!P21) -> 161176 | E53: =VALUE(月庫存金額!Q21) -> 161176 | F53: =VALUE(月庫存金額!R21) -> 161176 | G53: =VALUE(月庫存金額!S21) -> 161176 | H53: =VALUE(月庫存金額!T21) -> 0 | I53: =VALUE(月庫存金額!U21) -> 0 | J53: =VALUE(月庫存金額!V21) -> 0 | K53: =VALUE(月庫存金額!W21) -> 0 | ... P53: =VALUE(月庫存金額!AB21) -> 161176
C54: V 用品補修件 | D54: =VALUE(月庫存金額!P20) -> 162800 | E54: =VALUE(月庫存金額!Q20) -> 162800 | F54: =VALUE(月庫存金額!R20) -> 162800 | G54: =VALUE(月庫存金額!S20) -> 162800 | H54: =VALUE(月庫存金額!T20) -> 0 | I54: =VALUE(月庫存金額!U20) -> 0 | J54: =VALUE(月庫存金額!V20) -> 0 | K54: =VALUE(月庫存金額!W20) -> 0 | ... P54: =VALUE(月庫存金額!AB20) -> 162800
C55: T 輪 胎 | D55: =VALUE(月庫存金額!P19) -> 8141268 | E55: =VALUE(月庫存金額!Q19) -> 21387425 | F55: =VALUE(月庫存金額!R19) -> 25013368 | G55: =VALUE(月庫存金額!S19) -> 22038535 | H55: =VALUE(月庫存金額!T19) -> 0 | I55: =VALUE(月庫存金額!U19) -> 0 | J55: =VALUE(月庫存金額!V19) -> 0 | K55: =VALUE(月庫存金額!W19) -> 0 | ... P55: =VALUE(月庫存金額!AB19) -> 19145149
C56: P 電 裝 | D56: =VALUE(月庫存金額!P11) -> 106839 | E56: =VALUE(月庫存金額!Q11) -> 106839 | F56: =VALUE(月庫存金額!R11) -> 93089 | G56: =VALUE(月庫存金額!S11) -> 91839 | H56: =VALUE(月庫存金額!T11) -> 0 | I56: =VALUE(月庫存金額!U11) -> 0 | J56: =VALUE(月庫存金額!V11) -> 0 | K56: =VALUE(月庫存金額!W11) -> 0 | ... P56: =VALUE(月庫存金額!AB11) -> 99652
C57: Q 咖 啡 | D57: =VALUE(月庫存金額!P22) -> 138994 | E57: =VALUE(月庫存金額!Q22) -> 201634 | F57: =VALUE(月庫存金額!R22) -> 179314 | G57: =VALUE(月庫存金額!S22) -> 209338 | H57: =VALUE(月庫存金額!T22) -> 0 | I57: =VALUE(月庫存金額!U22) -> 0 | J57: =VALUE(月庫存金額!V22) -> 0 | K57: =VALUE(月庫存金額!W22) -> 0 | ... P57: =VALUE(月庫存金額!AB22) -> 182320
B58: 二通路零件 | D58: =SUM(D59:D62) -> 12472707 | E58: =SUM(E59:E62) -> 16017278 | F58: =SUM(F59:F62) -> 15562525 | G58: =SUM(G59:G62) -> 18824480 | H58: =SUM(H59:H62) -> 0 | I58: =SUM(I59:I62) -> 0 | J58: =SUM(J59:J62) -> 0 | K58: =SUM(K59:K62) -> 0 | ... P58: =SUM(P59:P62) -> 15719248
C59: 2 二品牌一般 | D59: =VALUE(月庫存金額!P23) -> 0 | E59: =VALUE(月庫存金額!Q23) -> 0 | F59: =VALUE(月庫存金額!R23) -> 0 | G59: =VALUE(月庫存金額!S23) -> 0 | H59: =VALUE(月庫存金額!T23) -> 0 | I59: =VALUE(月庫存金額!U23) -> 0 | J59: =VALUE(月庫存金額!V23) -> 0 | K59: =VALUE(月庫存金額!W23) -> 0 | ... P59: =VALUE(月庫存金額!AB23) -> 0
C60: 3 二品牌油料 | D60: =VALUE(月庫存金額!P24) -> 0 | E60: =VALUE(月庫存金額!Q24) -> 0 | F60: =VALUE(月庫存金額!R24) -> 0 | G60: =VALUE(月庫存金額!S24) -> 0 | H60: =VALUE(月庫存金額!T24) -> 0 | I60: =VALUE(月庫存金額!U24) -> 0 | J60: =VALUE(月庫存金額!V24) -> 0 | K60: =VALUE(月庫存金額!W24) -> 0 | ... P60: =VALUE(月庫存金額!AB24) -> 0
C61: 4 二品牌輪胎 | D61: =VALUE(月庫存金額!P25) -> 7670141 | E61: =VALUE(月庫存金額!Q25) -> 10611816 | F61: =VALUE(月庫存金額!R25) -> 9016362 | G61: =VALUE(月庫存金額!S25) -> 11070523 | H61: =VALUE(月庫存金額!T25) -> 0 | I61: =VALUE(月庫存金額!U25) -> 0 | J61: =VALUE(月庫存金額!V25) -> 0 | K61: =VALUE(月庫存金額!W25) -> 0 | ... P61: =VALUE(月庫存金額!AB25) -> 9592211
C62: 5 二品牌化學品 | D62: =VALUE(月庫存金額!P26) -> 4802566 | E62: =VALUE(月庫存金額!Q26) -> 5405462 | F62: =VALUE(月庫存金額!R26) -> 6546163 | G62: =VALUE(月庫存金額!S26) -> 7753957 | H62: =VALUE(月庫存金額!T26) -> 0 | I62: =VALUE(月庫存金額!U26) -> 0 | J62: =VALUE(月庫存金額!V26) -> 0 | K62: =VALUE(月庫存金額!W26) -> 0 | ... P62: =VALUE(月庫存金額!AB26) -> 6127037
A63: 非管理 | C63: L 小車用品 | D63: =VALUE(月庫存金額!P15) -> 1605674 | E63: =VALUE(月庫存金額!Q15) -> 1609870 | F63: =VALUE(月庫存金額!R15) -> 1605674 | G63: =VALUE(月庫存金額!S15) -> 1605674 | H63: =VALUE(月庫存金額!T15) -> 0 | I63: =VALUE(月庫存金額!U15) -> 0 | J63: =VALUE(月庫存金額!V15) -> 0 | K63: =VALUE(月庫存金額!W15) -> 0 | ... P63: =VALUE(月庫存金額!AB15) -> 1606723
C64: W 服務商品 | D64: =VALUE(月庫存金額!P16) -> 0 | E64: =VALUE(月庫存金額!Q16) -> 0 | F64: =VALUE(月庫存金額!R16) -> 0 | G64: =VALUE(月庫存金額!S16) -> 0 | H64: =VALUE(月庫存金額!T16) -> 0 | I64: =VALUE(月庫存金額!U16) -> 0 | J64: =VALUE(月庫存金額!V16) -> 0 | K64: =VALUE(月庫存金額!W16) -> 0 | ... P64: =VALUE(月庫存金額!AB16) -> 0
C65: X Lexus精品 | D65: =VALUE(月庫存金額!P17) -> 5742313 | E65: =VALUE(月庫存金額!Q17) -> 8972166 | F65: =VALUE(月庫存金額!R17) -> 8317135 | G65: =VALUE(月庫存金額!S17) -> 9516089 | H65: =VALUE(月庫存金額!T17) -> 0 | I65: =VALUE(月庫存金額!U17) -> 0 | J65: =VALUE(月庫存金額!V17) -> 0 | K65: =VALUE(月庫存金額!W17) -> 0 | ... P65: =VALUE(月庫存金額!AB17) -> 8136926
C66: 8 活動贈品 | D66: =VALUE(月庫存金額!P18) -> 11062673 | E66: =VALUE(月庫存金額!Q18) -> 12466503 | F66: =VALUE(月庫存金額!R18) -> 10840157 | G66: =VALUE(月庫存金額!S18) -> 10247940 | H66: =VALUE(月庫存金額!T18) -> 0 | I66: =VALUE(月庫存金額!U18) -> 0 | J66: =VALUE(月庫存金額!V18) -> 0 | K66: =VALUE(月庫存金額!W18) -> 0 | ... P66: =VALUE(月庫存金額!AB18) -> 11154318
C67: 6 | P67: =VALUE(月庫存金額!AB27) -> 0
C68: 7 | P68: =VALUE(月庫存金額!AB28) -> 0
A69: 三、庫存月數
A70: 商品別 | D70: 一月 | E70: 二月 | F70: 三月 | G70: 四月 | H70: 五月 | I70: 六月 | J70: 七月 | K70: 八月 | L70: 九月 | M70: 十月 | N70: 十一月 | O70: 十二月 | P70: 平均
A71: 管理全商品 | D71: 1.1838274 | E71: 1.23547 | F71: 1.2360624 | G71: 1.2517313 | H71: 1.1993543 | I71: 1.1957509 | J71: 1.1398172 | K71: 1.1090987 | P71: =AVERAGE(D71:O71) -> 1.193889
B72: 主商品 | D72: 1.1534793 | E72: 1.2063734 | F72: 1.2085633 | G72: 1.2285186 | H72: 1.1842346 | I72: 1.1880374 | J72: 1.1304639 | K72: 1.1012417 | P72: =AVERAGE(D72:O72) -> 1.175114
C73: A 豐 田 | D73: 1.4068456 | E73: 1.5298504 | F73: 1.5164232 | G73: 1.4947546 | H73: 1.499109 | I73: 1.4892278 | J73: 1.4333359 | K73: 1.4344611 | P73: =AVERAGE(D73:O73) -> 1.475501
C74: J 油 料 | D74: 0.2928128 | E74: 0.27708998 | F74: 0.2993597 | G74: 0.37769319 | H74: 0.38769958 | I74: 0.35893835 | J74: 0.27436933 | K74: 0.29420548 | P74: =AVERAGE(D74:O74) -> 0.32027105
C75: O 工具對策 | D75: 1.07749 | E75: 1.3329143 | F75: 1.3639279 | G75: 1.1566891 | H75: 0.89821526 | I75: 1.1027928 | J75: 0.84690336 | K75: 0.70226055 | P75: =AVERAGE(D75:O75) -> 1.0601492
C76: N 用品補修件 | D76: 0.40229435 | E76: 0.43291226 | F76: 0.4489269 | G76: 0.40153376 | H76: 0.39631958 | I76: 0.41331519 | J76: 0.36789812 | K76: 0.35399509 | P76: =AVERAGE(D76:O76) -> 0.4021494
C77: C 日 野 | D77: 2.8402283 | E77: 2.8945669 | F77: 2.8438115 | G77: 2.9429561 | H77: 2.912666 | I77: 3.0087207 | J77: 2.9498684 | K77: 2.6832386 | P77: =AVERAGE(D77:O77) -> 2.8845071
C78: H 輪 胎 | D78: 0.16810524 | E78: 0.16679035 | F78: 0.14849058 | G78: 0.17054306 | H78: 0.16107063 | I78: 0.15861548 | J78: 0.16052361 | K78: 0.14750704 | P78: =AVERAGE(D78:O78) -> 0.16020575
B79: 其他 | D79: 3.2089683 | E79: 2.9726599 | F79: 2.912453 | G79: 2.4994529 | H79: 1.9773008 | I79: 1.4951908 | J79: 1.4917263 | K79: 1.3786164 | P79: =AVERAGE(D79:O79) -> 2.242046
C80: E 噴射泵 | D80: 3.6451917 | E80: 2.6834411 | F80: 2.6256599 | G80: 1.9743939 | H80: 1.5486185 | I80: 0.63280078 | J80: 0.60036342 | K80: 0.41605526 | P80: =AVERAGE(D80:O80) -> 1.7658156
C81: F 電 裝 | D81: 2.7267031 | E81: 2.5578239 | F81: 2.4695421 | G81: 2.1347483 | H81: 1.821593 | I81: 1.627731 | J81: 1.6991368 | K81: 1.7318269 | P81: =AVERAGE(D81:O81) -> 2.0961381
C82: G 貨車冷氣
C83: U 咖啡 | D83: 0.4712183 | E83: 0.71202744 | F83: 0.63540306 | G83: 0.30103094 | H83: 0.57812335 | I83: 0.42006025 | J83: 0.40068714 | K83: 0.47356866 | P83: =AVERAGE(D83:O83) -> 0.49901489
B84: LEXUS零件 | P84: =AVERAGE(D84:O84) -> #DIV/0!
C85: D LEXUS | D85: 2.7648819 | E85: 2.7596857 | F85: 2.7134296 | G85: 2.8274746 | H85: 2.4803304 | I85: 2.5041986 | J85: 2.5386266 | K85: 2.4471849 | P85: =AVERAGE(D85:O85) -> 2.6294765
C86: M 油 料 | P86: =AVERAGE(D86:O86) -> #DIV/0!
C87: S 工具對策 | P87: =AVERAGE(D87:O87) -> #DIV/0!
C88: V 用品補修件 | P88: =AVERAGE(D88:O88) -> #DIV/0!
C89: T 輪 胎 | P89: =AVERAGE(D89:O89) -> #DIV/0!
C90: P 電 裝 | P90: =AVERAGE(D90:O90) -> #DIV/0!
C91: Q 咖啡 | P91: =AVERAGE(D91:O91) -> #DIV/0!
A92: 非管理 | C92: L 小車用品 | P92: =AVERAGE(D92:O92) -> #DIV/0!
C93: W 服務商品 | P93: =AVERAGE(D93:O93) -> #DIV/0!
C94: X Lexus精品 | P94: =AVERAGE(D94:O94) -> #DIV/0!
C95: 8 活動贈品 | P95: =AVERAGE(D95:O95) -> #DIV/0!
A97: 四、全省供應率
A98: 商品別 | D98: 一月 | E98: 二月 | F98: 三月 | G98: 四月 | H98: 五月 | I98: 六月 | J98: 七月 | K98: 八月 | L98: 九月 | M98: 十月 | N98: 十一月 | O98: 十二月 | P98: 累計 | Q98: 目標
A99: A 豐 田 | D99: =月供應率ALL!C2 -> 98.2 | E99: =月供應率ALL!D2 -> 98 | F99: =月供應率ALL!E2 -> 98.5 | G99: =月供應率ALL!F2 -> 98.5 | H99: =月供應率ALL!G2 -> 0 | I99: =月供應率ALL!H2 -> 0 | J99: =月供應率ALL!I2 -> 0 | K99: =月供應率ALL!J2 -> 0 | ... P99: =月供應率ALL!O2 -> 98.3 | Q99: 97.9
A100: J 油 料 | D100: =月供應率ALL!C4 -> 99.1 | E100: =月供應率ALL!D4 -> 99.9 | F100: =月供應率ALL!E4 -> 100 | G100: =月供應率ALL!F4 -> 100 | H100: =月供應率ALL!G4 -> 0 | I100: =月供應率ALL!H4 -> 0 | J100: =月供應率ALL!I4 -> 0 | K100: =月供應率ALL!J4 -> 0 | ... P100: =月供應率ALL!O4 -> 99.7 | Q100: 99
A101: O 工具對策 | D101: =月供應率ALL!C5 -> 87.1 | E101: =月供應率ALL!D5 -> 91.1 | F101: =月供應率ALL!E5 -> 97.9 | G101: =月供應率ALL!F5 -> 93.5 | H101: =月供應率ALL!G5 -> 0 | I101: =月供應率ALL!H5 -> 0 | J101: =月供應率ALL!I5 -> 0 | K101: =月供應率ALL!J5 -> 0 | ... P101: =月供應率ALL!O5 -> 92.4 | Q101: 75
...

Sheet 去年月推移_old
A1: 一、庫存金額(平均) | D1: 1 | E1: 2 | F1: 3 | G1: 4 | H1: 5 | I1: 6 | J1: 7 | K1: 8 | L1: 9 | M1: 10 | N1: 11 | O1: 12
A2: 商品別 | D2: 一月 | E2: 二月 | F2: 三月 | G2: 四月 | H2: 五月 | I2: 六月 | J2: 七月 | K2: 八月 | L2: 九月 | M2: 十月 | N2: 十一月 | O2: 十二月 | P2: 平均
A3: 管理全商品 | D3: 4.1080692e+08 | E3: 4.1963624e+08 | F3: 4.1730959e+08 | G3: 411340937 | H3: =H4+H12 -> 4.0040116e+08 | I3: 3.9657174e+08 | J3: 3.9113939e+08 | K3: 3.9615566e+08 | L3: 4.046622e+08 | M3: 3.8601496e+08 | N3: 3.9065155e+08 | O3: 4.0456009e+08 | P3: =AVERAGE(D3:O3) -> 4.0243754e+08
B4: 主商品 | D4: 3.9436583e+08 | E4: 4.0300339e+08 | F4: 4.0144044e+08 | G4: 3.9633927e+08 | H4: =SUM(H5:H11) -> 3.8781613e+08 | I4: 3.8411867e+08 | J4: 3.7788598e+08 | K4: 3.8220703e+08 | L4: 3.9100219e+08 | M4: 3.7300402e+08 | N4: 3.7736307e+08 | O4: 3.910731e+08 | P4: =AVERAGE(D4:O4) -> 3.8830159e+08
C5: A 豐 田 | D5: 2.2150033e+08 | E5: 2.3385502e+08 | F5: 2.3302646e+08 | G5: 2.2334426e+08 | H5: 2.2458323e+08 | I5: 2.1846245e+08 | J5: 2.1232696e+08 | K5: 2.1699424e+08 | L5: 2.2339088e+08 | M5: 2.0861755e+08 | N5: 2.1008342e+08 | O5: 2.2050072e+08 | P5: =AVERAGE(D5:O5) -> 2.2055713e+08
C6: D LEXUS零件 | D6: 87037849 | E6: 83565652 | F6: 82671583 | G6: 86154426 | H6: 77698382 | I6: 81308792 | J6: 84169228 | K6: 83292222 | L6: 81118791 | M6: 78568871 | N6: 78107584 | O6: 80902124 | P6: =AVERAGE(D6:O6) -> 82049625
C7: J 油 料 | D7: 14373862 | E7: 13547486 | F7: 14729059 | G7: 18156706 | H7: 19095589 | I7: 16806186 | J7: 13134520 | K7: 14558409 | L7: 17843013 | M7: 15070446 | N7: 15927525 | O7: 14884075 | P7: =AVERAGE(D7:O7) -> 15677240
C8: O 工具對策 | D8: 6860827.1 | E8: 6451848.3 | F8: 5877684.6 | G8: 5925421.4 | H8: 5130155.9 | I8: 5552409.4 | J8: 5488159.4 | K8: 4993557.7 | L8: 5501341.8 | M8: 5765568.4 | N8: 5550510.4 | O8: 5618462.5 | P8: =AVERAGE(D8:O8) -> 5726328.9
C9: N 用品補修件 | D9: 17382835 | E9: 18745134 | F9: 18741414 | G9: 16314307 | H9: 16586629 | I9: 17847243 | J9: 17177111 | K9: 17163439 | L9: 16676389 | M9: 16370840 | N9: 17103863 | O9: 16177110 | P9: =AVERAGE(D9:O9) -> 17190526
C10: C 日 野 | D10: 40477353 | E10: 40164755 | F10: 40682812 | G10: 40448376 | H10: 38895426 | I10: 38373318 | J10: 39395707 | K10: 38987535 | L10: 40691431 | M10: 41694370 | N10: 44919608 | O10: 46326310 | P10: =AVERAGE(D10:O10) -> 40921417
C11: H 輪 胎 | D11: 6732775.7 | E11: 6673495.1 | F11: 5711419.3 | G11: 5995783.8 | H11: 5826722.9 | I11: 5768275.6 | J11: 6194288 | K11: 6217631.7 | L11: 5780346.7 | M11: 6916377.7 | N11: 5670564.9 | O11: 6664297.3 | P11: =AVERAGE(D11:O11) -> 6179331.5
B12: 其他 | D12: 16441092 | E12: 16632854 | F12: 15869151 | G12: 15001662 | H12: =SUM(H13:H18) -> 12585026 | I12: 12453063 | J12: 13253416 | K12: 13948629 | L12: 13660011 | M12: 13010936 | N12: 13288482 | O12: 13486986 | P12: =AVERAGE(D12:O12) -> 14135942
C13: E 噴射泵 | D13: 1738181.7 | E13: 1526474.6 | F13: 1475703.2 | G13: 1510813.5 | H13: 1470976.5 | I13: 1438765.6 | J13: 1549308.5 | K13: 1436436.1 | L13: 1573119.1 | M13: 1463383 | N13: 1464064.3 | O13: 1486034.5 | P13: =AVERAGE(D13:O13) -> 1511105
C14: F 電 裝 | D14: 11390817 | E14: 11690788 | F14: 11037235 | G14: 10281145 | H14: 9005840.5 | I14: 8950838.7 | J14: 9640436.3 | K14: 10364817 | L14: 9983224.9 | M14: 9752395.7 | N14: 10083370 | O14: 10133665 | P14: =AVERAGE(D14:O14) -> 10192881
C15: P 政 策 | D15: 3091029 | E15: 3091029 | F15: 3091029 | G15: 3083065.5 | H15: 1835942 | I15: 1829850.4 | J15: 1811129 | K15: 1825145.4 | L15: 1826112 | M15: 1551121.3 | N15: 1526333 | O15: 1526333 | P15: =AVERAGE(D15:O15) -> 2174009.9
C16: G 貨車冷氣 | D16: 0 | E16: 0 | F16: 0 | G16: 0 | H16: 0 | I16: 0 | J16: 0 | K16: 0 | L16: 0 | M16: 0 | N16: 0 | O16: 0 | P16: =AVERAGE(D16:O16) -> 0
C17: M 開勵委託 | D17: 0 | E17: 0 | F17: 0 | G17: 0 | H17: 0 | I17: 0 | J17: 0 | K17: 0 | L17: 0 | M17: 0 | N17: 0 | O17: 0 | P17: =AVERAGE(D17:O17) -> 0
C18: U 咖啡 | D18: 221064.84 | E18: 324561.57 | F18: 265183.77 | G18: 126638.4 | H18: 272267.19 | I18: 233608.67 | J18: 252542.42 | K18: 322230.32 | L18: 277554.67 | M18: 244036.29 | N18: 214714.5 | O18: 340953.55 | P18: =AVERAGE(D18:O18) -> 257946.35
A19: 非管理 | C19: L 小車用品 | D19: 3538208.4 | E19: 2882522.1 | F19: 2562157.2 | G19: 2207710 | H19: 2766354.6 | I19: 3671224.2 | J19: 3466682.7 | K19: 3131888.5 | L19: 2830403.6 | M19: 2711648.7 | N19: 2600600.1 | O19: 2567092.1 | P19: =AVERAGE(D19:O19) -> 2911374.3
C20: W 服務商品 | D20: 1271054.6 | E20: 1367506.1 | F20: 1260832.1 | G20: 1194335.2 | H20: 1554194.7 | I20: 1862773 | J20: 1903316.1 | K20: 1879103.8 | L20: 2369591.8 | M20: 2837568.8 | N20: 2227512.4 | O20: 2096725.8 | P20: =AVERAGE(D20:O20) -> 1818709.5
C21: X Lexus精品 | D21: 0 | E21: 0 | F21: 0 | G21: 0 | H21: 0 | I21: 0 | J21: 0 | K21: 0 | L21: 0 | M21: 0 | N21: 0 | O21: 0 | P21: =AVERAGE(D21:O21) -> 0
A22: PS. L小車用品改列入『非管理』商品。
A23: 二、庫存金額(期末)
A24: 商品別 | D24: 一月 | E24: 二月 | F24: 三月 | G24: 四月 | H24: 五月 | I24: 六月 | J24: 七月 | K24: 八月 | L24: 九月 | M24: 十月 | N24: 十一月 | O24: 十二月 | P24: 平均
A25: 管理全商品 | D25: 419165791 | E25: 420827447 | F25: 414719759 | G25: 417845177 | H25: 396517725 | I25: 396113919 | J25: 392983234 | K25: 401986946 | L25: 402506684 | M25: 377027372 | N25: 396496616 | O25: 418833261 | P25: =AVERAGE(D25:O25) -> 4.0458533e+08
B26: 主商品 | D26: 402418558 | E26: 404123741 | F26: 399740305 | G26: 403409048 | H26: 383840140 | I26: 383810440 | J26: 379181631 | K26: 386747331 | L26: 389160417 | M26: 363879747 | N26: 383156928 | O26: 405126246 | P26: =AVERAGE(D26:O26) -> 3.9038288e+08
C27: A 豐 田 | D27: 232229290 | E27: 234904839 | F27: 225285265 | G27: 230507712 | H27: 221346140 | I27: 212699675 | J27: 212943216 | K27: 218661583 | L27: 220584039 | M27: 205591403 | N27: 213732474 | O27: 233979428 | P27: =AVERAGE(D27:O27) -> 2.2187209e+08
C28: D LEXUS零件 | D28: 86708415 | E28: 82605553 | F28: 83885473 | G28: 85969483 | H28: 76320956 | I28: 81839810 | J28: 84824270 | K28: 81990635 | L28: 81218719 | M28: 76661389 | N28: 80442494 | O28: 82693475 | P28: =AVERAGE(D28:O28) -> 82096723
C29: J 油 料 | D29: 15313052 | E29: 14084421 | F29: 20510895 | G29: 19042321 | H29: 18256455 | I29: 17783984 | J29: 14700388 | K29: 16795363 | L29: 15646861 | M29: 14889470 | N29: 15708480 | O29: 12224149 | P29: =AVERAGE(D29:O29) -> 16246320
C30: O 工具對策 | D30: 6338132 | E30: 6016056 | F30: 5898498 | G30: 6434186 | H30: 4922461 | I30: 7341973 | J30: 5325528 | K30: 4975124 | L30: 6522705 | M30: 5390520 | N30: 5630861 | O30: 5473130 | P30: =AVERAGE(D30:O30) -> 5855764.5
C31: N 用品補修件 | D31: 16660596 | E31: 19008244 | F31: 17210623 | G31: 16117801 | H31: 18940743 | I31: 16616268 | J31: 17341387 | K31: 17156572 | L31: 16687246 | M31: 16186710 | N31: 16584357 | O31: 15560155 | P31: =AVERAGE(D31:O31) -> 17005892
C32: C 日 野 | D32: 39311147 | E32: 40748444 | F32: 39656002 | G32: 40914909 | H32: 37565607 | I32: 40591125 | J32: 38324927 | K32: 40220698 | L32: 41722720 | M32: 40607233 | N32: 44802786 | O32: 48586257 | P32: =AVERAGE(D32:O32) -> 41087655
C33: H 輪 胎 | D33: 5857926 | E33: 6756184 | F33: 7293549 | G33: 4422636 | H33: 6487778 | I33: 6937605 | J33: 5721915 | K33: 6947356 | L33: 6778127 | M33: 4553022 | N33: 6255476 | O33: 6609652 | P33: =AVERAGE(D33:O33) -> 6218435.5
B34: 其他 | D34: 16747233 | E34: 16703706 | F34: 14979454 | G34: 14436129 | H34: 12677585 | I34: 12303479 | J34: 13801603 | K34: 15239615 | L34: 13346267 | M34: 13147625 | N34: 13339688 | O34: 13707015 | P34: =AVERAGE(D34:O34) -> 14202450
C35: E 噴射泵 | D35: 1923728 | E35: 1482201 | F35: 1455853 | G35: 1447618 | H35: 1435126 | I35: 1427439 | J35: 1424106 | K35: 1432332 | L35: 1429798 | M35: 1416680 | N35: 1511224 | O35: 1402789 | P35: =AVERAGE(D35:O35) -> 1482407.8
C36: F 電 裝 | D36: 11409214 | E36: 11671956 | F36: 10303342 | G36: 9705347 | H36: 9114127 | I36: 8863656 | J36: 10198733 | K36: 11619791 | L36: 9828662 | M36: 9948737 | N36: 9995101 | O36: 10366434 | P36: =AVERAGE(D36:O36) -> 10252092
C37: P 政 策 | D37: 3091029 | E37: 3091029 | F37: 3091029 | G37: 3043248 | H37: 1835942 | I37: 1811129 | J37: 1811129 | K37: 1826112 | L37: 1826112 | M37: 1526333 | N37: 1526333 | O37: 1526333 | P37: =AVERAGE(D37:O37) -> 2167146.5
C38: G 貨車冷氣 | D38: 0 | E38: 0 | F38: 0 | G38: 0 | H38: 0 | I38: 0 | J38: 0 | K38: 0 | L38: 0 | M38: 0 | N38: 0 | O38: 0 | P38: =AVERAGE(D38:O38) -> 0
C39: M 開勵委託 | D39: 0 | E39: 0 | F39: 0 | G39: 0 | H39: 0 | I39: 0 | J39: 0 | K39: 0 | L39: 0 | M39: 0 | N39: 0 | O39: 0 | P39: =AVERAGE(D39:O39) -> 0
C40: U 咖啡 | D40: 323262 | E40: 458520 | F40: 129230 | G40: 239916 | H40: 292390 | I40: 201255 | J40: 367635 | K40: 361380 | L40: 261695 | M40: 255875 | N40: 307030 | O40: 411459 | P40: =AVERAGE(D40:O40) -> 300803.92
A41: 非管理 | C41: L 小車用品 | D41: 3173663 | E41: 2830105 | F41: 2232465 | G41: 2322734 | H41: 4205198 | I41: 3577258 | J41: 3259900 | K41: 3102761 | L41: 2713679 | M41: 2710532 | N41: 2597749 | O41: 2653774 | P41: =AVERAGE(D41:O41) -> 2948318.2
C42: W 服務商品 | D42: 1062464 | E42: 1270432 | F42: 1287122 | G42: 1191823 | H42: 2072800 | I42: 1673262 | J42: 1986033 | K42: 2178052 | L42: 3408316 | M42: 2760522 | N42: 2488694 | O42: 1983780 | P42: =AVERAGE(D42:O42) -> 1946941.7
C43: X Lexus精品 | D43: 0 | E43: 0 | F43: 0 | G43: 0 | H43: 0 | J43: 0 | K43: 0 | L43: 0 | M43: 0 | N43: 0 | O43: 0 | P43: =AVERAGE(D43:O43) -> 0
A44: PS.『其他』商品不含L小車用品。
A45: 三、庫存月數
A46: 商品別 | D46: 一月 | E46: 二月 | F46: 三月 | G46: 四月 | H46: 五月 | I46: 六月 | J46: 七月 | K46: 八月 | L46: 九月 | M46: 十月 | N46: 十一月 | O46: 十二月 | P46: 平均
A47: 管理全商品 | D47: 1.1838274 | E47: 1.23547 | F47: 1.2360624 | G47: 1.2517313 | H47: 1.1993543 | I47: 1.1957509 | J47: 1.1398172 | K47: 1.1090987 | L47: 1.1180735 | M47: 1.0336732 | N47: 1.0506553 | O47: 1.0530889 | P47: =AVERAGE(D47:O47) -> 1.1505503
B48: 主商品 | D48: 1.1534793 | E48: 1.2063734 | F48: 1.2085633 | G48: 1.2285186 | H48: 1.1842346 | I48: 1.1880374 | J48: 1.1304639 | K48: 1.1012417 | L48: 1.1130965 | M48: 1.0316452 | N48: 1.0485193 | O48: 1.0530889 | P48: =AVERAGE(D48:O48) -> 1.1372718
C49: A 豐 田 | D49: 1.4068456 | E49: 1.5298504 | F49: 1.5164232 | G49: 1.4947546 | H49: 1.499109 | I49: 1.4892278 | J49: 1.4333359 | K49: 1.4344611 | L49: 1.4921337 | M49: 1.3516959 | N49: 1.3345674 | O49: 1.3433711 | P49: =AVERAGE(D49:O49) -> 1.4438147
C50: D LEXUS零件 | D50: 2.7648819 | E50: 2.7596857 | F50: 2.7134296 | G50: 2.8274746 | H50: 2.4803304 | I50: 2.5041986 | J50: 2.5386266 | K50: 2.4471849 | L50: 2.3710179 | M50: 2.2571452 | N50: 2.313004 | O50: 2.4791948 | P50: =AVERAGE(D50:O50) -> 2.5380145
C51: J 油 料 | D51: 0.2928128 | E51: 0.27708998 | F51: 0.2993597 | G51: 0.37769319 | H51: 0.38769958 | I51: 0.35893835 | J51: 0.27436933 | K51: 0.29420548 | L51: 0.35334384 | M51: 0.2863623 | N51: 0.31369046 | O51: 0.29 | P51: =AVERAGE(D51:O51) -> 0.31713042
C52: O 工具對策 | D52: 1.07749 | E52: 1.3329143 | F52: 1.3639279 | G52: 1.1566891 | H52: 0.89821526 | I52: 1.1027928 | J52: 0.84690336 | K52: 0.70226055 | L52: 0.62775141 | M52: 0.77284768 | N52: 0.79898799 | O52: 0.89 | P52: =AVERAGE(D52:O52) -> 0.9642317
C53: N 用品補修件 | D53: 0.40229435 | E53: 0.43291226 | F53: 0.4489269 | G53: 0.40153376 | H53: 0.39631958 | I53: 0.41331519 | J53: 0.36789812 | K53: 0.35399509 | L53: 0.34487292 | M53: 0.35036031 | N53: 0.37687505 | O53: 0.34 | P53: =AVERAGE(D53:O53) -> 0.38577529
C54: C 日 野 | D54: 2.8402283 | E54: 2.8945669 | F54: 2.8438115 | G54: 2.9429561 | H54: 2.912666 | I54: 3.0087207 | J54: 2.9498684 | K54: 2.6832386 | L54: 2.7886868 | M54: 2.6952678 | N54: 2.8061518 | O54: 2.69 | P54: =AVERAGE(D54:O54) -> 2.8380136
C55: H 輪 胎 | D55: 0.16810524 | E55: 0.16679035 | F55: 0.14849058 | G55: 0.17054306 | H55: 0.16107063 | I55: 0.15861548 | J55: 0.16052361 | K55: 0.14750704 | L55: 0.12804994 | M55: 0.13796014 | N55: 0.11431978 | O55: 0.13 | P55: =AVERAGE(D55:O55) -> 0.14933132
B56: 其他 | D56: 3.2089683 | E56: 2.9726599 | F56: 2.912453 | G56: 2.4994529 | H56: 1.9773008 | I56: 1.4951908 | J56: 1.4917263 | K56: 1.3786164 | L56: 1.2821736 | M56: 1.0954065 | N56: 1.1151685 | O56: 1.1269267 | P56: =AVERAGE(D56:O56) -> 1.8796703
C57: E 噴射泵 | D57: 3.6451917 | E57: 2.6834411 | F57: 2.6256599 | G57: 1.9743939 | H57: 1.5486185 | I57: 0.63280078 | J57: 0.60036342 | K57: 0.41605526 | L57: 0.48205129 | M57: 0.39038874 | N57: 0.44879591 | O57: 0.62597347 | P57: =AVERAGE(D57:O57) -> 1.3394778
C58: F 電 裝 | D58: 2.7267031 | E58: 2.5578239 | F58: 2.4695421 | G58: 2.1347483 | H58: 1.821593 | I58: 1.627731 | J58: 1.6991368 | K58: 1.7318269 | L58: 1.4853795 | M58: 1.3029927 | N58: 1.2574168 | O58: 1.142553 | P58: =AVERAGE(D58:O58) -> 1.8297873
C59: P 政 策
C60: G 貨車冷氣
C61: M 開勵委託
C62: U 咖啡 | D62: 0.4712183 | E62: 0.71202744 | F62: 0.63540306 | G62: 0.30103094 | H62: 0.57812335 | I62: 0.42006025 | J62: 0.40068714 | K62: 0.47356866 | L62: 0.41462376 | M62: 0.37859541 | N62: 0.3382396 | O62: 0.47050097 | P62: =AVERAGE(D62:O62) -> 0.46617324
A63: 非管理 | C63: L 小車用品 | P63: =AVERAGE(D63:O63) -> #DIV/0!
C64: W 服務商品 | P64: =AVERAGE(D64:O64) -> #DIV/0!
C65: X Lexus精品
A66: PS. 『其他』商品不含L小車用品。
A67: 四、全省供應率
A68: 商品別 | D68: 一月 | E68: 二月 | F68: 三月 | G68: 四月 | H68: 五月 | I68: 六月 | J68: 七月 | K68: 八月 | L68: 九月 | M68: 十月 | N68: 十一月 | O68: 十二月 | P68: 累計
A69: A 豐 田 | D69: 95.977 | E69: 97.068 | F69: 97.808 | G69: 97.716 | H69: 98.318 | I69: 98.353 | J69: 97.605 | K69: 97.695 | L69: 98.005 | M69: 98.029 | N69: 97.61 | O69: 98.056 | P69: =AVERAGE(D69:O69) -> 97.686667
A70: D LEXUS零件 | D70: 98.022 | E70: 97.747 | F70: 97.818 | G70: 97.882 | H70: 97.502 | I70: 97.423 | J70: 97.959 | K70: 97.658 | L70: 97.512 | M70: 97.687 | N70: 97.752 | O70: 97.445 | P70: =AVERAGE(D70:O70) -> 97.700583
A71: J 油 料 | D71: 99.792 | E71: 99.303 | F71: 99.766 | G71: 99.561 | H71: 99.638 | I71: 99.444 | J71: 98.724 | K71: 99.369 | L71: 99.67 | M71: 99.53 | N71: 99.66 | O71: 99.77 | P71: =AVERAGE(D71:O71) -> 99.518917
A72: O 工具對策 | D72: 85.788 | E72: 76.517 | F72: 87.947 | G72: 96.411 | H72: 95.732 | I72: 98.314 | J72: 98.055 | K72: 98.256 | L72: 97.155 | M72: 90.709 | N72: 81.52 | O72: 89.781 | P72: =AVERAGE(D72:O72) -> 91.34875
A73: N 用品補修件 | D73: 98.998 | E73: 98.464 | F73: 99.44 | G73: 99.061 | H73: 99.123 | I73: 99.601 | J73: 99.596 | K73: 99.479 | L73: 99.593 | M73: 99.536 | N73: 99.78 | O73: 99.701 | P73: =AVERAGE(D73:O73) -> 99.364333
A74: C 日 野 | D74: 94.76 | E74: 95.11 | F74: 95.311 | G74: 93.7 | H74: 92.28 | I74: 93.572 | J74: 94.741 | K74: 93.727 | L74: 95.332 | M74: 94.985 | N74: 94.412 | O74: 95.034 | P74: =AVERAGE(D74:O74) -> 94.413667
A75: H 輪 胎 | D75: 96.017 | E75: 95.437 | F75: 94.106 | G75: 95.953 | H75: 98.013 | I75: 94.742 | J75: 98.212 | K75: 98.629 | L75: 98.495 | M75: 98.178 | N75: 96.786 | O75: 97.283 | P75: =AVERAGE(D75:O75) -> 96.820917
A76: 其他 | D76: 92.009 | E76: 86.417 | F76: 89.04 | G76: 78.115 | H76: 83.658 | I76: 84.275 | J76: 77.57 | K76: 85.083 | L76: 86.153 | M76: 90.687 | N76: 96.08 | O76: 92.862 | P76: =AVERAGE(D76:O76) -> 86.829083
A77: 全商品 | D77: 96.621 | E77: 97.204 | F77: 97.806 | G77: 97.668 | H77: 98.058 | I77: 98.142 | J77: 97.742 | K77: 97.812 | L77: 98.087 | M77: 98.076 | N77: 97.725 | O77: 98.089 | P77: =AVERAGE(D77:O77) -> 97.7525
A79: PS. (1) 調整為 National SR；(2) 『其他』商品不含L小車用品。
A80: 五、主商品高銷件全省供應率
A81: 商品別 | D81: 一月 | E81: 二月 | F81: 三月 | G81: 四月 | H81: 五月 | I81: 六月 | J81: 七月 | K81: 八月 | L81: 九月 | M81: 十月 | N81: 十一月 | O81: 十二月 | P81: 累計
A82: A1 豐 田 | D82: 94.541 | E82: 96.727 | F82: 98.305 | G82: 98.698 | H82: 98.317 | I82: 98.472 | J82: 98.37 | K82: 98.213 | L82: 98.512 | M82: 98.438 | N82: 98.365 | O82: 98.489 | P82: =AVERAGE(D82:O82) -> 97.953917
A83: A3 豐 田 | D83: 97.376 | E83: 97.876 | F83: 97.679 | G83: 97.227 | H83: 98.776 | I83: 98.611 | J83: 97.274 | K83: 97.55 | L83: 98.074 | M83: 98.009 | N83: 97.194 | O83: 98.029 | P83: =AVERAGE(D83:O83) -> 97.80625
A84: A4 豐 田 | D84: 98.521 | E84: 96.615 | F84: 99.475 | G84: 99.218 | H84: 99.537 | I84: 99.503 | J84: 99.605 | K84: 99.602 | L84: 98.998 | M84: 99.557 | N84: 99.335 | O84: 99.185 | P84: =AVERAGE(D84:O84) -> 99.095917
A85: A 豐田小計 | D85: 96.241 | E85: 97.272 | F85: 98.082 | G85: 98.009 | H85: 98.649 | I85: 98.628 | J85: 97.912 | K85: 97.982 | L85: 98.325 | M85: 98.314 | N85: 97.852 | O85: 98.316 | P85: =AVERAGE(D85:O85) -> 97.965167
A86: D LEXUS零件 | D86: 98.869 | E86: 98.561 | F86: 98.764 | G86: 98.905 | H86: 98.549 | I86: 98.58 | J86: 98.861 | K86: 98.675 | L86: 98.584 | M86: 98.5 | N86: 98.709 | O86: 98.604 | P86: =AVERAGE(D86:O86) -> 98.680083
A87: J 油 料 | D87: 99.792 | E87: 99.381 | F87: 99.753 | G87: 99.56 | H87: 99.638 | I87: 99.458 | J87: 98.724 | K87: 99.369 | L87: 99.67 | M87: 99.53 | N87: 99.66 | O87: 99.782 | P87: =AVERAGE(D87:O87) -> 99.526417
A88: O 工具對策 | D88: 89.174 | E88: 75.692 | F88: 86.336 | G88: 97.004 | H88: 98.549 | I88: 98.58 | J88: 98.861 | K88: 98.675 | L88: 98.584 | M88: 98.5 | N88: 98.709 | O88: 98.604 | P88: =AVERAGE(D88:O88) -> 94.772333
A89: N 用品補修件 | D89: 99.025 | E89: 98.478 | F89: 99.456 | G89: 99.101 | H89: 99.141 | I89: 99.605 | J89: 99.61 | K89: 99.49 | L89: 99.624 | M89: 99.546 | N89: 99.786 | O89: 99.711 | P89: =AVERAGE(D89:O89) -> 99.381083
A90: C 日 野 | D90: 96.19 | E90: 96.327 | F90: 96.379 | G90: 94.742 | H90: 93.015 | I90: 94.912 | J90: 95.894 | K90: 94.819 | L90: 96.72 | M90: 96.111 | N90: 95.751 | O90: 96.439 | P90: =AVERAGE(D90:O90) -> 95.60825
A91: H 輪 胎 | D91: 96.015 | E91: 95.449 | F91: 94.118 | G91: 95.951 | H91: 98.013 | I91: 94.769 | J91: 98.211 | K91: 98.64 | L91: 98.703 | M91: 98.187 | N91: 96.786 | O91: 97.303 | P91: =AVERAGE(D91:O91) -> 96.845417
A93: 六、BO點數
A94: 商品別 | D94: 一月 | E94: 二月 | F94: 三月 | G94: 四月 | H94: 五月 | I94: 六月 | J94: 七月 | K94: 八月 | L94: 九月 | M94: 十月 | N94: 十一月 | O94: 十二月 | P94: 平均
A95: A 豐 田 | D95: 9181 | E95: 5057 | F95: 4647 | G95: 4426 | H95: 3241 | I95: 3286 | J95: 5325 | K95: 4902 | L95: 4072 | M95: 4148 | N95: 4954 | O95: 4527 | P95: =AVERAGE(D95:O95) -> 4813.8333
A96: D LEXUS零件 | D96: 558 | E96: 503 | F96: 594 | G96: 532 | H96: 628 | I96: 679 | J96: 566 | K96: 611 | L96: 632 | M96: 597 | N96: 555 | O96: 733 | P96: =AVERAGE(D96:O96) -> 599
A97: J 油 料 | D97: 17 | E97: 44 | F97: 18 | G97: 33 | H97: 25 | I97: 38 | J97: 100 | K97: 47 | L97: 24 | M97: 37 | N97: 24 | O97: 19 | P97: =AVERAGE(D97:O97) -> 35.5
A98: O 工具對策 | D98: 55 | E98: 89 | F98: 209 | G98: 67 | H98: 58 | I98: 28 | J98: 42 | K98: 30 | L98: 48 | M98: 219 | N98: 411 | O98: 247 | P98: =AVERAGE(D98:O98) -> 125.25
A99: N 用品補修件 | D99: 479 | E99: 569 | F99: 236 | G99: 382 | H99: 347 | I99: 170 | J99: 196 | K99: 235 | L99: 175 | M99: 213 | N99: 96 | O99: 150 | P99: =AVERAGE(D99:O99) -> 270.66667
A100: C 日 野 | D100: 467 | E100: 333 | F100: 515 | G100: 577 | H100: 782 | I100: 606 | J100: 566 | K100: 635 | L100: 440 | M100: 500 | N100: 571 | O100: 533 | P100: =AVERAGE(D100:O100) -> 543.75
A101: H 輪 胎 | D101: 350 | E101: 327 | F101: 410 | G101: 269 | H101: 134 | I101: 374 | J101: 142 | K101: 121 | L101: 128 | M101: 180 | N101: 265 | O101: 254 | P101: =AVERAGE(D101:O101) -> 246.16667
A102: 其他 | D102: 105 | E102: 174 | F102: 185 | G102: 397 | H102: 310 | I102: 309 | J102: 504 | K102: 287 | L102: 239 | M102: 145 | N102: 55 | O102: 115 | P102: =AVERAGE(D102:O102) -> 235.41667
...

Sheet 去年月推移
A1: 一、庫存金額(平均) | D1: 1 | E1: 2 | F1: 3 | G1: 4 | H1: 5 | I1: 6 | J1: 7 | K1: 8 | L1: 9 | M1: 10 | N1: 11 | O1: 12
A2: 商品別 | D2: 一月 | E2: 二月 | F2: 三月 | G2: 四月 | H2: 五月 | I2: 六月 | J2: 七月 | K2: 八月 | L2: 九月 | M2: 十月 | N2: 十一月 | O2: 十二月 | P2: 平均
A3: 管理全商品 | D3: 5.2715308e+08 | E3: 4.9318409e+08 | F3: 5.1270763e+08 | G3: 5.324525e+08 | H3: 5.3225476e+08 | I3: 5.2868345e+08 | J3: 5.1225477e+08 | K3: 5.2995131e+08 | L3: 5.2070838e+08 | M3: 5.0143214e+08 | N3: 5.2191783e+08 | O3: 5.7892517e+08 | P3: =P4+P11+P16+P24 -> 5.4818033e+08
B4: 主商品 | D4: 3.0126798e+08 | E4: 2.8090877e+08 | F4: 2.8796648e+08 | G4: 3.0600356e+08 | H4: 3.0894245e+08 | I4: 3.068138e+08 | J4: 2.948152e+08 | K4: 3.0775911e+08 | L4: 3.0138886e+08 | M4: 2.9156116e+08 | N4: 3.0239879e+08 | O4: 3.2576537e+08 | P4: =SUM(P5:P10) -> 3.2441952e+08
C5: A 豐 田 | D5: 2.8932133e+08 | E5: 294828766 | F5: 2.8845801e+08 | G5: 2.9697959e+08 | H5: 2.9049416e+08 | I5: 2.7888011e+08 | J5: 2.6372121e+08 | K5: 2.7612977e+08 | L5: 2.6256632e+08 | M5: 2.6746503e+08 | N5: 2.9443678e+08 | O5: 277734691 | P5: =AVERAGE(D5:O5) -> 2.8175131e+08
C6: J 油 料 | D6: 7544209.5 | E6: 8684465.6 | F6: 6315696.9 | G6: 6379190 | H6: 5803713.5 | I6: 5058505.9 | J6: 5686301.4 | K6: 5374548.7 | L6: 6312221.4 | M6: 6147893.6 | N6: 6366239.7 | O6: 6811858.2 | P6: =AVERAGE(D6:O6) -> 6373737
C7: O 工具對策 | D7: 1762491.6 | E7: 1694362 | F7: 1637628.2 | G7: 1569700 | H7: 3746962.9 | I7: 4566381.8 | J7: 3929388.1 | K7: 7488577.2 | L7: 6567855 | M7: 11974556 | N7: 11121669 | O7: 10675770 | P7: =AVERAGE(D7:O7) -> 5561278.4
C8: N 用品補修件 | D8: 19939385 | E8: 18665091 | F8: 19997372 | G8: 20372883 | H8: 19958825 | I8: 18999753 | J8: 18758457 | K8: 19611807 | L8: 19531057 | M8: 19581493 | N8: 19973997 | O8: 21114101 | P8: =AVERAGE(D8:O8) -> 19708685
C9: C 日 野 | D9: 0 | E9: 0 | F9: 0 | G9: 0 | H9: 0 | I9: 0 | J9: 0 | K9: 0 | L9: 0 | M9: 0 | N9: 0 | O9: 0 | P9: =AVERAGE(D9:O9) -> 0
C10: H 輪 胎 | D10: 10052817 | E10: 11889240 | F10: 11100501 | G10: 10776949 | H10: 10712095 | I10: 10076009 | J10: 10093905 | K10: 11680012 | L10: 11678819 | M10: 12475311 | N10: 12329428 | O10: 9428954.5 | P10: =AVERAGE(D10:O10) -> 11024503
B11: 其他 | D11: 10653907 | E11: 10432864 | F11: 10082267 | G11: 11239741 | H11: 11694706 | I11: 11026164 | J11: 9465851.8 | K11: 11277474 | L11: 12077131 | M11: 9444889.9 | N11: 9774971.9 | O11: 10533517 | P11: =SUM(P12:P15) -> 10884203
C12: E 噴射泵 | D12: 0 | E12: 0 | F12: 0 | G12: 0 | H12: 0 | I12: 0 | J12: 0 | K12: 0 | L12: 0 | M12: 0 | N12: 0 | O12: 0 | P12: =AVERAGE(D12:O12) -> 0
C13: F 電 裝 | D13: 1025696 | E13: 981348.79 | F13: 1551223.6 | G13: 2755574.2 | H13: 3735778.2 | I13: 3641635.1 | J13: 2744695.1 | K13: 3666724.6 | L13: 2527222.5 | M13: 1647552.9 | N13: 1622746.3 | O13: 1583769.8 | P13: =AVERAGE(D13:O13) -> 2290330.6
C14: U 咖啡 | D14: 321893.97 | E14: 298712.79 | F14: 254428.03 | G14: 202614.67 | H14: 173471.55 | I14: 123497 | J14: 258893.81 | K14: 336011.23 | L14: 330625 | M14: 232240.58 | N14: 196612.67 | O14: 243658 | P14: =AVERAGE(D14:O14) -> 247721.61
C15: 6 國採用品零件 | D15: 8279386.2 | E15: 8168714.2 | F15: 8443878.5 | G15: 10458257 | H15: 9212882.6 | I15: 6694869.5 | J15: 7726512.2 | K15: 8795869.4 | L15: 7845997.2 | M15: 8331504.3 | N15: 7489847 | O15: 8706089.3 | P15: =AVERAGE(D15:O15) -> 8346150.6
B16: LEXUS零件 | D16: 2.1054589e+08 | E16: 2.149776e+08 | F16: 2.1316447e+08 | G16: 2.2547013e+08 | H16: 2.3808325e+08 | I16: 2.3753278e+08 | J16: 2.2876891e+08 | K16: 2.0885393e+08 | L16: 1.8825329e+08 | M16: 1.8277322e+08 | N16: 1.8838608e+08 | O16: 2.3824781e+08 | P16: =SUM(P17:P23) -> 2.1108361e+08
C17: D LEXUS | D17: 1.90553e+08 | E17: 1.8369334e+08 | F17: 1.8153399e+08 | G17: 1.8470188e+08 | H17: 1.8175839e+08 | I17: 182280088 | J17: 1.8383735e+08 | K17: 1.7727024e+08 | L17: 1.7163711e+08 | M17: 1.7070108e+08 | N17: 1.8908507e+08 | O17: 2.1063691e+08 | P17: =AVERAGE(D17:O17) -> 1.8397404e+08
C18: M 油 料 | D18: 2782957.9 | E18: 2321740.1 | F18: 2115376 | G18: 2642764.6 | H18: 2373800.7 | I18: 2230419.1 | J18: 2232554.6 | K18: 2065437.2 | L18: 2358959.6 | M18: 2103310.4 | N18: 1875212 | O18: 1797328.7 | P18: =AVERAGE(D18:O18) -> 2241655.1
C19: S 工具對策 | D19: 7557112.2 | E19: 7864284.4 | F19: 6875000.6 | G19: 6695718.8 | H19: 7812749.6 | I19: 7624451.8 | J19: 7520042.9 | K19: 9385709.7 | L19: 8000021 | M19: 8646673.6 | N19: 7990120 | O19: 8326204.3 | P19: =AVERAGE(D19:O19) -> 7858174.1
C20: V 用品補修件 | D20: 12577249 | E20: 11798066 | F20: 11802339 | G20: 13020017 | H20: 12864030 | I20: 10530548 | J20: 10562258 | K20: 11395313 | L20: 10919393 | M20: 11642981 | N20: 10873450 | O20: 12167013 | P20: =AVERAGE(D20:O20) -> 11679388
C21: T 輪 胎 | D21: 4724667.7 | E21: 4528828.4 | F21: 4459637 | G21: 4388760.4 | H21: 4186738.3 | I21: 5264596.1 | J21: 5032566.5 | K21: 5113218.5 | L21: 5748725.2 | M21: 5909441.6 | N21: 6244909.3 | O21: 5048293.1 | P21: =AVERAGE(D21:O21) -> 5054198.5
C22: P 電 裝 | D22: 109482.87 | E22: 130589 | F22: 135948.68 | G22: 133339 | H22: 124926.1 | I22: 92005.667 | J22: 102580.94 | K22: 96677.71 | L22: 109339 | M22: 106839 | N22: 109322.33 | O22: 109258.35 | P22: =AVERAGE(D22:O22) -> 113359.05
C23: Q 咖 啡 | D23: 162800 | E23: 162800 | F23: 162800 | G23: 162800 | H23: 162800 | I23: 162800 | J23: 162800 | K23: 162800 | L23: 162800 | M23: 162800 | N23: 162800 | O23: 162800 | P23: =AVERAGE(D23:O23) -> 162800
C24: 二通路零件 | D24: 1868321.1 | E24: 2084420.5 | F24: 1825899.6 | G24: 1808284.5 | H24: 1950302.9 | I24: 1872309.4 | J24: 2890332.5 | K24: 2262420.6 | L24: 2521225.5 | M24: 4106907.5 | N24: 4029319.6 | O24: 4378474.2 | P24: =SUM(P25:P29) -> 1792994
C25: 2 二品牌一般 | D25: 161176 | E25: 161176 | F25: 161176 | G25: 161176 | H25: 161176 | I25: 161176 | J25: 161176 | K25: 161176 | L25: 161176 | M25: 161176 | N25: 161176 | O25: 161176 | P25: =AVERAGE(D25:O25) -> 161176
C26: 3 二品牌油料 | D26: 122787.42 | E26: 123839.29 | F26: 135205.48 | G26: 128162.8 | H26: 173744.45 | I26: 166891.6 | J26: 110889.23 | K26: 104188.58 | L26: 133078 | M26: 109341.23 | N26: 117466.8 | O26: 152002.77 | P26: =AVERAGE(D26:O26) -> 131466.47
C27: 4 二品牌輪胎 | D27: 0 | E27: 0 | F27: 0 | G27: 0 | H27: 0 | I27: 0 | J27: 0 | K27: 0 | L27: 0 | M27: 0 | N27: 0 | O27: 0 | P27: =AVERAGE(D27:O27) -> 0
C28: 5 二品牌化學品 | D28: 0 | E28: 0 | F28: 0 | G28: 0 | H28: 0 | I28: 0 | J28: 0 | K28: 0 | L28: 0 | M28: 0 | N28: 0 | O28: 0 | P28: =AVERAGE(D28:O28) -> 0
C29: 7 二品牌零件(車美仕專用) | D29: 1056495.3 | E29: 1101755 | F29: 1147692.2 | G29: 1518318.1 | H29: 1388271.5 | I29: 1359118.2 | J29: 1382364.2 | K29: 1204350 | L29: 1275896.6 | M29: 1219894.3 | N29: 1284767.6 | O29: 4065295.5 | P29: =AVERAGE(D29:O29) -> 1500351.5
A30: 非管理 | C30: L 小車用品 | D30: 2952680.5 | E30: 2932651.2 | F30: 2900210.1 | G30: 2850462.3 | H30: 2763037.1 | I30: 2730252.5 | J30: 2613312.1 | K30: 2588106.7 | L30: 2445744.3 | M30: 2306652.4 | N30: 2224143.8 | O30: 2524392.9 | P30: =AVERAGE(D30:O30) -> 2652637.2
C31: W 服務商品 | D31: 0 | E31: 0 | F31: 0 | G31: 0 | H31: 0 | I31: 0 | J31: 0 | K31: 0 | L31: 0 | M31: 0 | N31: 0 | O31: 0 | P31: =AVERAGE(D31:O31) -> 0
C32: X Lexus精品 | D32: 0 | E32: 0 | F32: 0 | G32: 0 | H32: 0 | I32: 0 | J32: 0 | K32: 0 | L32: 0 | M32: 0 | N32: 0 | O32: 0 | P32: =AVERAGE(D32:O32) -> 0
C33: 8 活動贈品 | D33: 0 | E33: 0 | F33: 0 | G33: 0 | H33: 0 | I33: 0 | J33: 0 | K33: 0 | L33: 0 | M33: 0 | N33: 0 | O33: 0 | P33: =AVERAGE(D33:O33) -> 0
A35: 二、庫存金額(期末)
A36: 商品別 | D36: 一月 | E36: 二月 | F36: 三月 | G36: 四月 | H36: 五月 | I36: 六月 | J36: 七月 | K36: 八月 | L36: 九月 | M36: 十月 | N36: 十一月 | O36: 十二月 | P36: 平均
A37: 管理全商品 | D37: 513110978 | E37: 509030175 | F37: 527162627 | G37: 529728459 | H37: 540636930 | I37: 523059165 | J37: 534265512 | K37: 536853948 | L37: 518327092 | M37: 497093938 | N37: 522872914 | O37: 554357421 | P37: =P38+P45+P50+P58 -> 5.7169105e+08
B38: 主商品 | D38: 297453876 | E38: 288247725 | F38: 302360974 | G38: 306427905 | H38: 317409051 | I38: 301959905 | J38: 310944240 | K38: 313379819 | L38: 298248860 | M38: 288745073 | N38: 304619792 | O38: 320886157 | P38: =SUM(P39:P44) -> 3.4610831e+08
C39: A 豐 田 | D39: 3.0226431e+08 | E39: 3.0025067e+08 | F39: 2.9788848e+08 | G39: 2.9962418e+08 | H39: 2.9249297e+08 | I39: 2.5923862e+08 | J39: 2.8429872e+08 | K39: 2.5815339e+08 | L39: 2.6423793e+08 | M39: 2.8194125e+08 | N39: 3.081633e+08 | O39: 3.1586848e+08 | P39: =AVERAGE(D39:O39) -> 2.8870186e+08
C40: J 油 料 | D40: 11270365 | E40: 9148833.8 | F40: 8271384.8 | G40: 6965673.5 | H40: 6743824.1 | I40: 6274762.1 | J40: 8548667.1 | K40: 9190649.6 | L40: 6169116.2 | M40: 8266201.1 | N40: 7704101.4 | O40: 8556217.3 | P40: =AVERAGE(D40:O40) -> 8092483
C41: O 工具對策 | D41: 17359496 | E41: 16864056 | F41: 18227367 | G41: 19560774 | H41: 16650732 | I41: 16952293 | J41: 15081944 | K41: 13408806 | L41: 11373311 | M41: 11429619 | N41: 10957919 | O41: 11142634 | P41: =AVERAGE(D41:O41) -> 14917413
C42: N 用品補修件 | D42: 17956126 | E42: 20747461 | F42: 22855921 | G42: 19694097 | H42: 22139365 | I42: 20631154 | J42: 21506620 | K42: 21928486 | L42: 21277202 | M42: 18670528 | N42: 21111110 | O42: 23076081 | P42: =AVERAGE(D42:O42) -> 20966179
C43: C 日 野 | D43: 0 | E43: 0 | F43: 0 | G43: 0 | H43: 0 | I43: 0 | J43: 0 | K43: 0 | L43: 0 | M43: 0 | N43: 0 | O43: 0 | P43: =AVERAGE(D43:O43) -> 0
C44: H 輪 胎 | D44: 10255151 | E44: 10875523 | F44: 7743956 | G44: 16547659 | H44: 8727800.8 | I44: 9417097 | J44: 11839585 | K44: 17836716 | L44: 15046518 | M44: 20516374 | N44: 20304670 | O44: 12053446 | P44: =AVERAGE(D44:O44) -> 13430375
B45: 其他 | D45: 10339771 | E45: 6515869 | F45: 10667002 | G45: 11396473 | H45: 10802532 | I45: 9685812 | J45: 8846335 | K45: 10995093 | L45: 13494723 | M45: 8410657 | N45: 9754378 | O45: 9176503 | P45: =SUM(P46:P49) -> 10919423
C46: E 噴射泵 | D46: 0 | E46: 0 | F46: 0 | G46: 0 | H46: 0 | I46: 0 | J46: 0 | K46: 0 | L46: 0 | M46: 0 | N46: 0 | O46: 0 | P46: =AVERAGE(D46:O46) -> 0
C47: F 電 裝 | D47: 947056.87 | E47: 1008186.9 | F47: 2235109.8 | G47: 4015475.2 | H47: 2969855.2 | I47: 3788484.5 | J47: 2729127 | K47: 3043076.6 | L47: 2081580.8 | M47: 1390916.5 | N47: 2062436.5 | O47: 1561682.5 | P47: =AVERAGE(D47:O47) -> 2319415.7
C48: U 咖啡 | D48: 357032.38 | E48: 290287.56 | F48: 229148.08 | G48: 220718.08 | H48: 141698.08 | I48: 210458.08 | J48: 328528.08 | K48: 334158.08 | L48: 300848.08 | M48: 200328.08 | N48: 256108.08 | O48: 259068.08 | P48: =AVERAGE(D48:O48) -> 260698.4
C49: 6 國採用品零件 | D49: 8509314 | E49: 6687091.2 | F49: 11539614 | G49: 10494678 | H49: 7096164.3 | I49: 8001414.4 | J49: 9507328.1 | K49: 8594745.5 | L49: 7942496.2 | M49: 6295339.2 | N49: 7590409.7 | O49: 7813111 | P49: =AVERAGE(D49:O49) -> 8339308.7
B50: LEXUS零件 | D50: 211441395 | E50: 210026404 | F50: 220517049 | G50: 238734090 | H50: 238626999 | I50: 236126001 | J50: 219360314 | K50: 198730491 | L50: 181758145 | M50: 185479238 | N50: 192181177 | O50: 202828079 | P50: =SUM(P51:P57) -> 2.1312753e+08
C51: D LEXUS | D51: 1.9029913e+08 | E51: 1.873808e+08 | F51: 1.8548768e+08 | G51: 1.8290264e+08 | H51: 1.7964219e+08 | I51: 1.8157891e+08 | J51: 1.8622523e+08 | K51: 1.7226784e+08 | L51: 1.6468442e+08 | M51: 1.8243253e+08 | N51: 1.9388756e+08 | O51: 1.9897671e+08 | P51: =AVERAGE(D51:O51) -> 1.838138e+08
C52: M 油 料 | D52: 3398671.8 | E52: 2351647.1 | F52: 3022175.4 | G52: 2456111.6 | H52: 2180188.2 | I52: 2995304.6 | J52: 2493732 | K52: 2905523.8 | L52: 1705339.6 | M52: 2183356.9 | N52: 2221393.4 | O52: 3034353.9 | P52: =AVERAGE(D52:O52) -> 2578983.2
C53: S 工具對策 | D53: 8700616.5 | E53: 7525052 | F53: 6532623.7 | G53: 7875428.7 | H53: 7984653.4 | I53: 7351575.9 | J53: 9564535 | K53: 8603739.2 | L53: 7502096.2 | M53: 8700420.5 | N53: 7747474.5 | O53: 8686291.7 | P53: =AVERAGE(D53:O53) -> 8064542.3
C54: V 用品補修件 | D54: 12134452 | E54: 11738771 | F54: 13999917 | G54: 11502697 | H54: 10543920 | I54: 11831287 | J54: 12080787 | K54: 12670390 | L54: 13190502 | M54: 9940148.2 | N54: 11650203 | O54: 12203917 | P54: =AVERAGE(D54:O54) -> 11957249
C55: T 輪 胎 | D55: 4704247.4 | E55: 4302153 | F55: 4185080.2 | G55: 5577956.8 | H55: 4479662.3 | I55: 6479046 | J55: 5233414.7 | K55: 7640675.3 | L55: 8196087.4 | M55: 9653096 | N55: 9086340.2 | O55: 7678943.3 | P55: =AVERAGE(D55:O55) -> 6434725.2
C56: P 電 裝 | D56: 106838.63 | E56: 176838.63 | F56: 130838.63 | G56: 130838.63 | H56: 106838.63 | I56: 91838.63 | J56: 106838.63 | K56: 106838.63 | L56: 106838.63 | M56: 106838.63 | N56: 106838.63 | O56: 106838.63 | P56: =AVERAGE(D56:O56) -> 115421.96
C57: Q 咖 啡 | D57: 162800 | E57: 162800 | F57: 162800 | G57: 162800 | H57: 162800 | I57: 162800 | J57: 162800 | K57: 162800 | L57: 162800 | M57: 162800 | N57: 162800 | O57: 162800 | P57: =AVERAGE(D57:O57) -> 162800
C58: 二通路零件 | D58: 2080201 | E58: 2120435 | F58: 1697126 | G58: 2017040 | H58: 1841996 | I58: 3795015 | J58: 2721449 | K58: 2301064 | L58: 5679020 | M58: 5684120 | N58: 4452299 | O58: 2174352 | P58: =SUM(P59:P63) -> 1535793.5
C59: 2 二品牌零件(HOT專用) | D59: 161175.53 | E59: 161175.53 | F59: 161175.53 | G59: 161175.53 | H59: 161175.53 | I59: 161175.53 | J59: 161175.53 | K59: 161175.53 | L59: 161175.53 | M59: 161175.53 | N59: 161175.53 | O59: 161175.53 | P59: =AVERAGE(D59:O59) -> 161175.53
C60: 3 二品牌油料(HOT專用) | D60: 119109.6 | E60: 125169.6 | F60: 115509.6 | G60: 125205.6 | H60: 126993.6 | I60: 127065.6 | J60: 103845.6 | K60: 142005.6 | L60: 137685.6 | M60: 83037.6 | N60: 99081.6 | O60: 81105.6 | P60: =AVERAGE(D60:O60) -> 115484.6
C61: 4 二品牌零件(CPO專用) | D61: 0 | E61: 0 | F61: 0 | G61: 0 | H61: 0 | I61: 0 | J61: 0 | K61: 0 | L61: 0 | M61: 0 | N61: 0 | O61: 0 | P61: =AVERAGE(D61:O61) -> 0
C62: 5 二品牌油料(CPO專用) | D62: 0 | E62: 0 | F62: 0 | G62: 0 | H62: 0 | I62: 0 | J62: 0 | K62: 0 | L62: 0 | M62: 0 | N62: 0 | O62: 0 | P62: =AVERAGE(D62:O62) -> 0
C63: 7 二品牌零件(車美仕專用) | D63: 1009213.8 | E63: 953964 | F63: 1193712.5 | G63: 1754628.6 | H63: 1131600.1 | I63: 1533638.9 | J63: 1431260 | K63: 1298482.3 | L63: 1209776.5 | M63: 978289.2 | N63: 967409.12 | O63: 1647626 | P63: =AVERAGE(D63:O63) -> 1259133.4
A64: 非管理 | C64: L 小車用品 | D64: 1968818.7 | E64: 1964638.7 | F64: 1964638.7 | G64: 1964638.7 | H64: 1794131.7 | I64: 1788179.3 | J64: 2034405.3 | K64: 1703708.3 | L64: 1647339.8 | M64: 1617672.2 | N64: 1622400.2 | O64: 1621612.2 | P64: =AVERAGE(D64:O64) -> 1807682
C65: W 服務商品 | D65: 0 | E65: 0 | F65: 0 | G65: 0 | H65: 0 | I65: 0 | J65: 0 | K65: 0 | L65: 0 | M65: 0 | N65: 0 | O65: 0 | P65: =AVERAGE(D65:O65) -> 0
C66: X Lexus精品 | D66: 0 | E66: 0 | F66: 0 | G66: 0 | H66: 0 | I66: 0 | J66: 0 | K66: 0 | L66: 0 | M66: 0 | N66: 0 | O66: 0 | P66: =AVERAGE(D66:O66) -> 0
C67: 8 活動贈品 | D67: 0 | E67: 0 | F67: 0 | G67: 0 | H67: 0 | I67: 0 | J67: 0 | K67: 0 | L67: 0 | M67: 0 | N67: 0 | O67: 0 | P67: =AVERAGE(D67:O67) -> 0
A69: 三、庫存月數 | Q69: 1617672.2
A70: 商品別 | D70: 一月 | E70: 二月 | F70: 三月 | G70: 四月 | H70: 五月 | I70: 六月 | J70: 七月 | K70: 八月 | L70: 九月 | M70: 十月 | N70: 十一月 | O70: 十二月 | P70: 平均 | Q70: 1622400.2
A71: 管理全商品 | P71: =AVERAGE(D71:O71) -> #DIV/0! | Q71: 1621612.2
B72: 主商品 | P72: =AVERAGE(D72:O72) -> #DIV/0!
C73: A 豐 田 | P73: =AVERAGE(D73:O73) -> #DIV/0!
C74: J 油 料 | P74: =AVERAGE(D74:O74) -> #DIV/0!
C75: O 工具對策 | P75: =AVERAGE(D75:O75) -> #DIV/0!
C76: N 用品補修件 | P76: =AVERAGE(D76:O76) -> #DIV/0!
C77: C 日 野 | P77: =AVERAGE(D77:O77) -> #DIV/0!
C78: H 輪 胎 | P78: =AVERAGE(D78:O78) -> #DIV/0!
B79: 其他 | P79: =AVERAGE(D79:O79) -> #DIV/0!
C80: E 噴射泵 | P80: =AVERAGE(D80:O80) -> #DIV/0!
C81: F 電 裝 | P81: =AVERAGE(D81:O81) -> #DIV/0!
C82: U 咖啡 | P82: =AVERAGE(D82:O82) -> #DIV/0!
B83: LEXUS零件 | P83: =AVERAGE(D83:O83) -> #DIV/0!
C84: D LEXUS | P84: =AVERAGE(D84:O84) -> #DIV/0!
C85: M 油 料 | P85: =AVERAGE(D85:O85) -> #DIV/0!
C86: S 工具對策 | P86: =AVERAGE(D86:O86) -> #DIV/0!
C87: V 用品補修件 | P87: =AVERAGE(D87:O87) -> #DIV/0!
C88: T 輪 胎 | P88: =AVERAGE(D88:O88) -> #DIV/0!
C89: P 電 裝 | P89: =AVERAGE(D89:O89) -> #DIV/0!
C90: Q 咖啡 | P90: =AVERAGE(D90:O90) -> #DIV/0!
A91: 非管理 | C91: L 小車用品 | P91: =AVERAGE(D91:O91) -> #DIV/0!
C92: W 服務商品 | P92: =AVERAGE(D92:O92) -> #DIV/0!
C93: X Lexus精品 | P93: =AVERAGE(D93:O93) -> #DIV/0!
C94: 8 活動贈品 | P94: =AVERAGE(D94:O94) -> #DIV/0!
A96: 四、全省供應率
A97: 商品別 | D97: 一月 | E97: 二月 | F97: 三月 | G97: 四月 | H97: 五月 | I97: 六月 | J97: 七月 | K97: 八月 | L97: 九月 | M97: 十月 | N97: 十一月 | O97: 十二月 | P97: 累計
A98: A 豐 田 | D98: 97.622475 | E98: 98.078862 | F98: 98.441522 | G98: 98.597691 | H98: 98.731241 | I98: 98.546818 | J98: 97.923922 | K98: 97.948583 | L98: 97.810646 | M98: 97.676487 | N98: 98.372005 | O98: 98.1 | P98: 98.202627
A99: J 油 料 | D99: 98.877724 | E99: 99.496314 | F99: 100 | G99: 99.919191 | H99: 99.989088 | I99: 99.921638 | J99: 100 | K99: 99.923047 | L99: 100 | M99: 100 | N99: 98.840783 | O99: 99.9 | P99: 99.740276
A100: O 工具對策 | D100: 32.62295 | E100: 35.348226 | F100: 49.071925 | G100: 76.769025 | H100: 86.044273 | I100: 88.375165 | J100: 90.236686 | K100: 89.022757 | L100: 85.917496 | M100: 88.950276 | N100: 94.079601 | O100: 82.7 | P100: 76.17312
A101: N 用品補修件 | D101: 99.305365 | E101: 98.924038 | F101: 99.47297 | G101: 99.613372 | H101: 99.48183 | I101: 99.522551 | J101: 99.368544 | K101: 99.488768 | L101: 99.410225 | M101: 99.029639 | N101: 99.536238 | O101: 99.4 | P101: 99.390798
A102: 6 國採用品零件 | D102: 94.981834 | E102: 94.122911 | F102: 92.018929 | G102: 92.749101 | H102: 93.484419 | I102: 94.163598 | J102: 93.963712 | K102: 92.592592 | L102: 95.074298 | M102: 93.710863 | N102: 91.875263 | O102: 93.9 | P102: 93.545044
A103: H 輪 胎 | D103: 97.581903 | E103: 99.032713 | F103: 99.378436 | G103: 98.977629 | H103: 98.716326 | I103: 98.4789 | J103: 99.2265 | K103: 99.038623 | L103: 98.428901 | M103: 99.059766 | N103: 98.788739 | O103: 98.2 | P103: 98.820242
...

Sheet 當年目標設定
A1: 一、目標設定 | D1: 1 | E1: 2 | F1: 3 | G1: 4 | H1: 5 | I1: 6 | J1: 7 | K1: 8 | L1: 9 | M1: 10 | N1: 11 | O1: 12 | Q1: 月平均計算 | R1: 1 | S1: 2 | T1: 3 | U1: 4 | V1: 5 | W1: 6 | X1: 7 | Y1: 8 | Z1: 9 | AA1: 10 | AB1: 11 | AC1: 12
A2: 商品別 | D2: 一月 | E2: 二月 | F2: 三月 | G2: 四月 | H2: 五月 | I2: 六月 | J2: 七月 | K2: 八月 | L2: 九月 | M2: 十月 | N2: 十一月 | O2: 十二月 | P2: 平均 | Q2: 右表請誤異動
A3: 管理全商品 | D3: =D4+D11+D16 -> 5.8689684e+08 | E3: =E4+E11+E16 -> 5.7765059e+08 | F3: =F4+F11+F16 -> 5.7792317e+08 | G3: =G4+G11+G16 -> 5.7201698e+08 | H3: =H4+H11+H16 -> 5.6648303e+08 | I3: =I4+I11+I16 -> 5.4478204e+08 | J3: =J4+J11+J16 -> 5.4341098e+08 | K3: =K4+K11+K16 -> 5.488983e+08 | ... O3: =O4+O11+O16 -> 5.6708958e+08 | P3: =P4+P11+P16+P24 -> 6.2957883e+08
B4: 主商品 | D4: =SUM(D5:D10) -> 3.487363e+08 | E4: =SUM(E5:E10) -> 3.5036394e+08 | F4: =SUM(F5:F10) -> 3.4700082e+08 | G4: =SUM(G5:G10) -> 3.4562155e+08 | H4: =SUM(H5:H10) -> 3.4355299e+08 | I4: =SUM(I5:I10) -> 3.264107e+08 | J4: =SUM(J5:J10) -> 3.2732976e+08 | K4: =SUM(K5:K10) -> 3.2500257e+08 | ... P4: =SUM(P5:P10) -> 3.3459305e+08
C5: A 豐 田 | D5: 3.0049576e+08 | E5: 3.0282551e+08 | F5: 3.007299e+08 | G5: 3.0072263e+08 | H5: 2.9986129e+08 | I5: 2.8349938e+08 | J5: 2.8455176e+08 | K5: 2.8265785e+08 | L5: 2.7254655e+08 | M5: 2.7156971e+08 | N5: 2.8669157e+08 | O5: 2.9965611e+08 | P5: =AVERAGE(D5:O5) -> 2.90484e+08 | R5: =0 -> 0 | S5: =$D5 -> 3.0049576e+08 | T5: =SUM($D5:$E5)/2 -> 3.0166063e+08 | U5: =SUM($D5:$F5)/3 -> 3.0135039e+08 | V5: =SUM($D5:$G5)/4 -> 3.0119345e+08 | W5: =SUM($D5:$H5)/5 -> 3.0092702e+08 | X5: =SUM($D5:$I5)/6 -> 2.9802241e+08 | Y5: =SUM($D5:$J5)/7 -> 2.9609803e+08 | Z5: =SUM($D5:$K5)/8 -> 2.9441801e+08 | AA5: =SUM($D5:$L5)/9 -> 2.9198785e+08 | AB5: =SUM($D5:$M5)/10 -> 2.8994603e+08 | AC5: =SUM($D5:$N5)/11 -> 2.8965017e+08
C6: J 油 料 | D6: 6757204.8 | E6: 7084772.4 | F6: 6814102.2 | G6: 6143515.4 | H6: 5817287.8 | I6: 5668562.9 | J6: 5418299.2 | K6: 5319075.5 | L6: 5145577.6 | M6: 5188499.4 | N6: 5870618 | O6: 6418664.2 | P6: =AVERAGE(D6:O6) -> 5970515 | R6: =0 -> 0 | S6: =$D6 -> 6757204.8 | T6: =SUM($D6:$E6)/2 -> 6920988.6 | U6: =SUM($D6:$F6)/3 -> 6885359.8 | V6: =SUM($D6:$G6)/4 -> 6699898.7 | W6: =SUM($D6:$H6)/5 -> 6523376.5 | X6: =SUM($D6:$I6)/6 -> 6380907.6 | Y6: =SUM($D6:$J6)/7 -> 6243392.1 | Z6: =SUM($D6:$K6)/8 -> 6127852.5 | AA6: =SUM($D6:$L6)/9 -> 6018710.9 | AB6: =SUM($D6:$M6)/10 -> 5935689.7 | AC6: =SUM($D6:$N6)/11 -> 5929774.1
C7: O 工具對策 | D7: 10206429 | E7: 9765466.2 | F7: 8978744.8 | G7: 8298315.3 | H7: 7794994.3 | I7: 7683899.3 | J7: 7692900.3 | K7: 6845065 | L7: 5651032.9 | M7: 5490858 | N7: 7096237.7 | O7: 9336735.1 | P7: =AVERAGE(D7:O7) -> 7903389.8 | R7: =0 -> 0 | S7: =$D7 -> 10206429 | T7: =SUM($D7:$E7)/2 -> 9985947.6 | U7: =SUM($D7:$F7)/3 -> 9650213.3 | V7: =SUM($D7:$G7)/4 -> 9312238.8 | W7: =SUM($D7:$H7)/5 -> 9008789.9 | X7: =SUM($D7:$I7)/6 -> 8787974.8 | Y7: =SUM($D7:$J7)/7 -> 8631535.6 | Z7: =SUM($D7:$K7)/8 -> 8408226.8 | AA7: =SUM($D7:$L7)/9 -> 8101871.9 | AB7: =SUM($D7:$M7)/10 -> 7840770.5 | AC7: =SUM($D7:$N7)/11 -> 7773085.7
C8: N 用品補修件 | D8: 19522775 | E8: 18419758 | F8: 18429650 | G8: 18698223 | H8: 18097093 | I8: 17986028 | J8: 18729572 | K8: 19029715 | L8: 18501244 | M8: 18508136 | N8: 19461751 | O8: 20100223 | P8: =AVERAGE(D8:O8) -> 18790347 | R8: =0 -> 0 | S8: =$D8 -> 19522775 | T8: =SUM($D8:$E8)/2 -> 18971266 | U8: =SUM($D8:$F8)/3 -> 18790728 | V8: =SUM($D8:$G8)/4 -> 18767602 | W8: =SUM($D8:$H8)/5 -> 18633500 | X8: =SUM($D8:$I8)/6 -> 18525588 | Y8: =SUM($D8:$J8)/7 -> 18554728 | Z8: =SUM($D8:$K8)/8 -> 18614102 | AA8: =SUM($D8:$L8)/9 -> 18601562 | AB8: =SUM($D8:$M8)/10 -> 18592219 | AC8: =SUM($D8:$N8)/11 -> 18671268
C9: C 日 野 | D9: 0 | E9: 0 | F9: 0 | G9: 0 | H9: 0 | I9: 0 | J9: 0 | K9: 0 | L9: 0 | M9: 0 | N9: 0 | O9: 0 | P9: =AVERAGE(D9:O9) -> 0 | R9: =0 -> 0 | S9: =$D9 -> 0 | T9: =SUM($D9:$E9)/2 -> 0 | U9: =SUM($D9:$F9)/3 -> 0 | V9: =SUM($D9:$G9)/4 -> 0 | W9: =SUM($D9:$H9)/5 -> 0 | X9: =SUM($D9:$I9)/6 -> 0 | Y9: =SUM($D9:$J9)/7 -> 0 | Z9: =SUM($D9:$K9)/8 -> 0 | AA9: =SUM($D9:$L9)/9 -> 0 | AB9: =SUM($D9:$M9)/10 -> 0 | AC9: =SUM($D9:$N9)/11 -> 0
C10: H 輪 胎 | D10: 11754129 | E10: 12268430 | F10: 12048428 | G10: 11758863 | H10: 11982324 | I10: 11572832 | J10: 10937229 | K10: 11150862 | L10: 11177974 | M10: 10737111 | N10: 10768685 | O10: 11180671 | P10: =AVERAGE(D10:O10) -> 11444795 | R10: =0 -> 0 | S10: =$D10 -> 11754129 | T10: =SUM($D10:$E10)/2 -> 12011279 | U10: =SUM($D10:$F10)/3 -> 12023662 | V10: =SUM($D10:$G10)/4 -> 11957463 | W10: =SUM($D10:$H10)/5 -> 11962435 | X10: =SUM($D10:$I10)/6 -> 11897501 | Y10: =SUM($D10:$J10)/7 -> 11760319 | Z10: =SUM($D10:$K10)/8 -> 11684137 | AA10: =SUM($D10:$L10)/9 -> 11627897 | AB10: =SUM($D10:$M10)/10 -> 11538818 | AC10: =SUM($D10:$N10)/11 -> 11468806
B11: 其他 | D11: 11556655 | E11: 8686873.5 | F11: 10560383 | G11: 11101559 | H11: 10394394 | I11: 12036141 | J11: 13490335 | K11: 12676835 | L11: 11550932 | M11: 11029148 | N11: 10526804 | O11: 11284530 | P11: =SUM(P12:P15) -> 11458812
C12: E 噴射泵 | D12: 0 | E12: 0 | F12: 0 | G12: 0 | H12: 0 | I12: 0 | J12: 0 | K12: 0 | L12: 0 | M12: 0 | N12: 0 | O12: 0 | P12: =AVERAGE(D12:O12) -> 0 | R12: =0 -> 0 | S12: =$D12 -> 0 | T12: =SUM($D12:$E12)/2 -> 0 | U12: =SUM($D12:$F12)/3 -> 0 | V12: =SUM($D12:$G12)/4 -> 0 | W12: =SUM($D12:$H12)/5 -> 0 | X12: =SUM($D12:$I12)/6 -> 0 | Y12: =SUM($D12:$J12)/7 -> 0 | Z12: =SUM($D12:$K12)/8 -> 0 | AA12: =SUM($D12:$L12)/9 -> 0 | AB12: =SUM($D12:$M12)/10 -> 0 | AC12: =SUM($D12:$N12)/11 -> 0
C13: F 電 裝 | D13: 1466031.1 | E13: 1395413.6 | F13: 1571119.3 | G13: 2162896.4 | H13: 3075747.8 | I13: 3420676.3 | J13: 3559153 | K13: 3923210.1 | L13: 3279686.2 | M13: 2222609.3 | N13: 1762534.3 | O13: 1589466.1 | P13: =AVERAGE(D13:O13) -> 2452378.6 | R13: =0 -> 0 | S13: =$D13 -> 1466031.1 | T13: =SUM($D13:$E13)/2 -> 1430722.3 | U13: =SUM($D13:$F13)/3 -> 1477521.3 | V13: =SUM($D13:$G13)/4 -> 1648865.1 | W13: =SUM($D13:$H13)/5 -> 1934241.6 | X13: =SUM($D13:$I13)/6 -> 2181980.7 | Y13: =SUM($D13:$J13)/7 -> 2378719.6 | Z13: =SUM($D13:$K13)/8 -> 2571780.9 | AA13: =SUM($D13:$L13)/9 -> 2650437.1 | AB13: =SUM($D13:$M13)/10 -> 2607654.3 | AC13: =SUM($D13:$N13)/11 -> 2530825.2
C14: U 咖啡 | D14: 348515.54 | E14: 348587.07 | F14: 343787.94 | G14: 338987.35 | H14: 303775.24 | I14: 292951.19 | J14: 316103.3 | K14: 310255.36 | L14: 281405.46 | M14: 265382.84 | N14: 260300.41 | O14: 297724.08 | P14: =AVERAGE(D14:O14) -> 308981.32 | R14: =0 -> 0 | S14: =$D14 -> 348515.54 | T14: =SUM($D14:$E14)/2 -> 348551.31 | U14: =SUM($D14:$F14)/3 -> 346963.52 | V14: =SUM($D14:$G14)/4 -> 344969.48 | W14: =SUM($D14:$H14)/5 -> 336730.63 | X14: =SUM($D14:$I14)/6 -> 329434.06 | Y14: =SUM($D14:$J14)/7 -> 327529.66 | Z14: =SUM($D14:$K14)/8 -> 325370.38 | AA14: =SUM($D14:$L14)/9 -> 320485.38 | AB14: =SUM($D14:$M14)/10 -> 314975.13 | AC14: =SUM($D14:$N14)/11 -> 310004.7
C15: 6 國採用品零件 | D15: 9307029.1 | E15: 9325139.9 | F15: 8757490.9 | G15: 8733981.1 | H15: 8842556.1 | I15: 8425512 | J15: 8396825.6 | K15: 8678978.6 | L15: 8255687.3 | M15: 8194120.1 | N15: 8625125.9 | O15: 8826983.1 | P15: =AVERAGE(D15:O15) -> 8697452.5 | R15: =0 -> 0 | S15: =$D15 -> 9307029.1 | T15: =SUM($D15:$E15)/2 -> 9316084.5 | U15: =SUM($D15:$F15)/3 -> 9129886.6 | V15: =SUM($D15:$G15)/4 -> 9030910.3 | W15: =SUM($D15:$H15)/5 -> 8993239.4 | X15: =SUM($D15:$I15)/6 -> 8898618.2 | Y15: =SUM($D15:$J15)/7 -> 8826933.5 | Z15: =SUM($D15:$K15)/8 -> 8808439.2 | AA15: =SUM($D15:$L15)/9 -> 8747022.3 | AB15: =SUM($D15:$M15)/10 -> 8691732.1 | AC15: =SUM($D15:$N15)/11 -> 8685677
B16: LEXUS零件 | D16: 2.2660389e+08 | E16: 2.1859978e+08 | F16: 2.2036196e+08 | G16: 2.1529387e+08 | H16: 2.1253565e+08 | I16: 2.0633519e+08 | J16: 2.0259089e+08 | K16: 2.1121889e+08 | L16: 2.0736844e+08 | M16: 2.0618624e+08 | N16: 2.0662955e+08 | O16: 2.0911265e+08 | P16: =SUM(P17:P23) -> 2.8352697e+08
C17: D LEXUS | D17: 2.599463e+08 | E17: 2.5663564e+08 | F17: 2.5948672e+08 | G17: 2.5392897e+08 | H17: 2.4372645e+08 | I17: 2.4276228e+08 | J17: 2.5362831e+08 | K17: 2.5654094e+08 | L17: 2.5852439e+08 | M17: 2.6201894e+08 | N17: 2.6689341e+08 | O17: 2.7144593e+08 | P17: =AVERAGE(D17:O17) -> 2.5712819e+08 | R17: =0 -> 0 | S17: =$D17 -> 2.599463e+08 | T17: =SUM($D17:$E17)/2 -> 2.5829097e+08 | U17: =SUM($D17:$F17)/3 -> 2.5868955e+08 | V17: =SUM($D17:$G17)/4 -> 2.5749941e+08 | W17: =SUM($D17:$H17)/5 -> 2.5474482e+08 | X17: =SUM($D17:$I17)/6 -> 2.5274773e+08 | Y17: =SUM($D17:$J17)/7 -> 2.5287353e+08 | Z17: =SUM($D17:$K17)/8 -> 2.5333195e+08 | AA17: =SUM($D17:$L17)/9 -> 2.5390889e+08 | AB17: =SUM($D17:$M17)/10 -> 2.5471989e+08 | AC17: =SUM($D17:$N17)/11 -> 2.5582658e+08
C18: M 油 料 | D18: 1998862.6 | E18: 1997807.8 | F18: 2050247.9 | G18: 2079170.2 | H18: 2079356.2 | I18: 2085465.9 | J18: 2208301.2 | K18: 2268488 | L18: 2321588.6 | M18: 2224226 | N18: 2225912.3 | O18: 2292342.1 | P18: =AVERAGE(D18:O18) -> 2152647.4 | R18: =0 -> 0 | S18: =$D18 -> 1998862.6 | T18: =SUM($D18:$E18)/2 -> 1998335.2 | U18: =SUM($D18:$F18)/3 -> 2015639.4 | V18: =SUM($D18:$G18)/4 -> 2031522.1 | W18: =SUM($D18:$H18)/5 -> 2041088.9 | X18: =SUM($D18:$I18)/6 -> 2048485.1 | Y18: =SUM($D18:$J18)/7 -> 2071316 | Z18: =SUM($D18:$K18)/8 -> 2095962.5 | AA18: =SUM($D18:$L18)/9 -> 2121032 | AB18: =SUM($D18:$M18)/10 -> 2131351.4 | AC18: =SUM($D18:$N18)/11 -> 2139947.9
C19: S 工具對策 | D19: 8446933.2 | E19: 6837065.7 | F19: 5688526.9 | G19: 5917104.4 | H19: 5673644.6 | I19: 5708504.8 | J19: 6335000.2 | K19: 6695582.8 | L19: 6994736.3 | M19: 6976444.9 | N19: 7084008.1 | O19: 7279822.1 | P19: =AVERAGE(D19:O19) -> 6636447.8 | R19: =0 -> 0 | S19: =$D19 -> 8446933.2 | T19: =SUM($D19:$E19)/2 -> 7641999.5 | U19: =SUM($D19:$F19)/3 -> 6990841.9 | V19: =SUM($D19:$G19)/4 -> 6722407.6 | W19: =SUM($D19:$H19)/5 -> 6512655 | X19: =SUM($D19:$I19)/6 -> 6378629.9 | Y19: =SUM($D19:$J19)/7 -> 6372397.1 | Z19: =SUM($D19:$K19)/8 -> 6412795.3 | AA19: =SUM($D19:$L19)/9 -> 6477455.4 | AB19: =SUM($D19:$M19)/10 -> 6527354.4 | AC19: =SUM($D19:$N19)/11 -> 6577959.3
C20: V 用品補修件 | D20: 10861763 | E20: 10252168 | F20: 10103023 | G20: 10360256 | H20: 10373819 | I20: 10305631 | J20: 10941146 | K20: 11357944 | L20: 11668662 | M20: 11305971 | N20: 11289405 | O20: 11587203 | P20: =AVERAGE(D20:O20) -> 10867249 | R20: =0 -> 0 | S20: =$D20 -> 10861763 | T20: =SUM($D20:$E20)/2 -> 10556965 | U20: =SUM($D20:$F20)/3 -> 10405651 | V20: =SUM($D20:$G20)/4 -> 10394302 | W20: =SUM($D20:$H20)/5 -> 10390206 | X20: =SUM($D20:$I20)/6 -> 10376110 | Y20: =SUM($D20:$J20)/7 -> 10456829 | Z20: =SUM($D20:$K20)/8 -> 10569469 | AA20: =SUM($D20:$L20)/9 -> 10691601 | AB20: =SUM($D20:$M20)/10 -> 10753038 | AC20: =SUM($D20:$N20)/11 -> 10801799
C21: T 輪 胎 | D21: 6392522 | E21: 6043328.8 | F21: 6119618.2 | G21: 6161777.1 | H21: 6248420.6 | I21: 6273332.1 | J21: 6666251.5 | K21: 6914280.1 | L21: 7118428.5 | M21: 6864337.4 | N21: 6802461.9 | O21: 6979893.4 | P21: =AVERAGE(D21:O21) -> 6548721 | R21: =0 -> 0 | S21: =$D21 -> 6392522 | T21: =SUM($D21:$E21)/2 -> 6217925.4 | U21: =SUM($D21:$F21)/3 -> 6185156.3 | V21: =SUM($D21:$G21)/4 -> 6179311.5 | W21: =SUM($D21:$H21)/5 -> 6193133.3 | X21: =SUM($D21:$I21)/6 -> 6206499.8 | Y21: =SUM($D21:$J21)/7 -> 6272178.6 | Z21: =SUM($D21:$K21)/8 -> 6352441.3 | AA21: =SUM($D21:$L21)/9 -> 6437551 | AB21: =SUM($D21:$M21)/10 -> 6480229.6 | AC21: =SUM($D21:$N21)/11 -> 6509523.5
C22: P 電 裝 | D22: 200659.5 | E22: 159356.1 | F22: 179699.87 | G22: 184885.59 | H22: 183323.22 | I22: 183495.82 | J22: 196226.39 | K22: 204728.77 | L22: 210997.38 | M22: 205334.08 | N22: 205431.42 | O22: 210436.98 | P22: =AVERAGE(D22:O22) -> 193714.59 | R22: =0 -> 0 | S22: =$D22 -> 200659.5 | T22: =SUM($D22:$E22)/2 -> 180007.8 | U22: =SUM($D22:$F22)/3 -> 179905.16 | V22: =SUM($D22:$G22)/4 -> 181150.27 | W22: =SUM($D22:$H22)/5 -> 181584.86 | X22: =SUM($D22:$I22)/6 -> 181903.35 | Y22: =SUM($D22:$J22)/7 -> 183949.5 | Z22: =SUM($D22:$K22)/8 -> 186546.91 | AA22: =SUM($D22:$L22)/9 -> 189263.63 | AB22: =SUM($D22:$M22)/10 -> 190870.67 | AC22: =SUM($D22:$N22)/11 -> 192194.38
C23: Q 咖 啡 | D23: 0 | E23: 0 | F23: 0 | G23: 0 | H23: 0 | I23: 0 | J23: 0 | K23: 0 | L23: 0 | M23: 0 | N23: 0 | O23: 0 | P23: =AVERAGE(D23:O23) -> 0 | R23: =0 -> 0 | S23: =$D23 -> 0 | T23: =SUM($D23:$E23)/2 -> 0 | U23: =SUM($D23:$F23)/3 -> 0 | V23: =SUM($D23:$G23)/4 -> 0 | W23: =SUM($D23:$H23)/5 -> 0 | X23: =SUM($D23:$I23)/6 -> 0 | Y23: =SUM($D23:$J23)/7 -> 0 | Z23: =SUM($D23:$K23)/8 -> 0 | AA23: =SUM($D23:$L23)/9 -> 0 | AB23: =SUM($D23:$M23)/10 -> 0 | AC23: =SUM($D23:$N23)/11 -> 0
C24: 二通路零件 | D24: 0 | E24: 0 | F24: 0 | G24: 0 | H24: 0 | I24: 0 | J24: 0 | K24: 0 | L24: 0 | M24: 0 | N24: 0 | O24: 0 | P24: =SUM(P25:P29) -> 0
C25: 2 二品牌一般 | D25: 0 | E25: 0 | F25: 0 | G25: 0 | H25: 0 | I25: 0 | J25: 0 | K25: 0 | L25: 0 | M25: 0 | N25: 0 | O25: 0 | P25: =AVERAGE(D25:O25) -> 0 | R25: =0 -> 0 | S25: =$D25 -> 0 | T25: =SUM($D25:$E25)/2 -> 0 | U25: =SUM($D25:$F25)/3 -> 0 | V25: =SUM($D25:$G25)/4 -> 0 | W25: =SUM($D25:$H25)/5 -> 0 | X25: =SUM($D25:$I25)/6 -> 0 | Y25: =SUM($D25:$J25)/7 -> 0 | Z25: =SUM($D25:$K25)/8 -> 0 | AA25: =SUM($D25:$L25)/9 -> 0 | AB25: =SUM($D25:$M25)/10 -> 0 | AC25: =SUM($D25:$N25)/11 -> 0
C26: 3 二品牌油料 | D26: 0 | E26: 0 | F26: 0 | G26: 0 | H26: 0 | I26: 0 | J26: 0 | K26: 0 | L26: 0 | M26: 0 | N26: 0 | O26: 0 | P26: =AVERAGE(D26:O26) -> 0 | R26: =0 -> 0 | S26: =$D26 -> 0 | T26: =SUM($D26:$E26)/2 -> 0 | U26: =SUM($D26:$F26)/3 -> 0 | V26: =SUM($D26:$G26)/4 -> 0 | W26: =SUM($D26:$H26)/5 -> 0 | X26: =SUM($D26:$I26)/6 -> 0 | Y26: =SUM($D26:$J26)/7 -> 0 | Z26: =SUM($D26:$K26)/8 -> 0 | AA26: =SUM($D26:$L26)/9 -> 0 | AB26: =SUM($D26:$M26)/10 -> 0 | AC26: =SUM($D26:$N26)/11 -> 0
C27: 4 二品牌輪胎 | D27: 0 | E27: 0 | F27: 0 | G27: 0 | H27: 0 | I27: 0 | J27: 0 | K27: 0 | L27: 0 | M27: 0 | N27: 0 | O27: 0 | P27: =AVERAGE(D27:O27) -> 0 | R27: =0 -> 0 | S27: =$D27 -> 0 | T27: =SUM($D27:$E27)/2 -> 0 | U27: =SUM($D27:$F27)/3 -> 0 | V27: =SUM($D27:$G27)/4 -> 0 | W27: =SUM($D27:$H27)/5 -> 0 | X27: =SUM($D27:$I27)/6 -> 0 | Y27: =SUM($D27:$J27)/7 -> 0 | Z27: =SUM($D27:$K27)/8 -> 0 | AA27: =SUM($D27:$L27)/9 -> 0 | AB27: =SUM($D27:$M27)/10 -> 0 | AC27: =SUM($D27:$N27)/11 -> 0
C28: 5 二品牌化學品 | D28: 0 | E28: 0 | F28: 0 | G28: 0 | H28: 0 | I28: 0 | J28: 0 | K28: 0 | L28: 0 | M28: 0 | N28: 0 | O28: 0 | P28: =AVERAGE(D28:O28) -> 0 | R28: =0 -> 0 | S28: =$D28 -> 0 | T28: =SUM($D28:$E28)/2 -> 0 | U28: =SUM($D28:$F28)/3 -> 0 | V28: =SUM($D28:$G28)/4 -> 0 | W28: =SUM($D28:$H28)/5 -> 0 | X28: =SUM($D28:$I28)/6 -> 0 | Y28: =SUM($D28:$J28)/7 -> 0 | Z28: =SUM($D28:$K28)/8 -> 0 | AA28: =SUM($D28:$L28)/9 -> 0 | AB28: =SUM($D28:$M28)/10 -> 0 | AC28: =SUM($D28:$N28)/11 -> 0
C29: 7 二品牌零件(車美仕專用) | D29: 0 | E29: 0 | F29: 0 | G29: 0 | H29: 0 | I29: 0 | J29: 0 | K29: 0 | L29: 0 | M29: 0 | N29: 0 | O29: 0 | P29: =AVERAGE(D29:O29) -> 0 | R29: =0 -> 0 | S29: =$D29 -> 0 | T29: =SUM($D29:$E29)/2 -> 0 | U29: =SUM($D29:$F29)/3 -> 0 | V29: =SUM($D29:$G29)/4 -> 0 | W29: =SUM($D29:$H29)/5 -> 0 | X29: =SUM($D29:$I29)/6 -> 0 | Y29: =SUM($D29:$J29)/7 -> 0 | Z29: =SUM($D29:$K29)/8 -> 0 | AA29: =SUM($D29:$L29)/9 -> 0 | AB29: =SUM($D29:$M29)/10 -> 0 | AC29: =SUM($D29:$N29)/11 -> 0
A30: 非管理 | C30: L 小車用品 | D30: 0 | E30: 0 | F30: 0 | G30: 0 | H30: 0 | I30: 0 | J30: 0 | K30: 0 | L30: 0 | M30: 0 | N30: 0 | O30: 0 | P30: =AVERAGE(D30:O30) -> 0 | R30: =0 -> 0 | S30: =$D30 -> 0 | T30: =SUM($D30:$E30)/2 -> 0 | U30: =SUM($D30:$F30)/3 -> 0 | V30: =SUM($D30:$G30)/4 -> 0 | W30: =SUM($D30:$H30)/5 -> 0 | X30: =SUM($D30:$I30)/6 -> 0 | Y30: =SUM($D30:$J30)/7 -> 0 | Z30: =SUM($D30:$K30)/8 -> 0 | AA30: =SUM($D30:$L30)/9 -> 0 | AB30: =SUM($D30:$M30)/10 -> 0 | AC30: =SUM($D30:$N30)/11 -> 0
C31: W 服務商品 | D31: 0 | E31: 0 | F31: 0 | G31: 0 | H31: 0 | I31: 0 | J31: 0 | K31: 0 | L31: 0 | M31: 0 | N31: 0 | O31: 0 | P31: =AVERAGE(D31:O31) -> 0 | R31: =0 -> 0 | S31: =$D31 -> 0 | T31: =SUM($D31:$E31)/2 -> 0 | U31: =SUM($D31:$F31)/3 -> 0 | V31: =SUM($D31:$G31)/4 -> 0 | W31: =SUM($D31:$H31)/5 -> 0 | X31: =SUM($D31:$I31)/6 -> 0 | Y31: =SUM($D31:$J31)/7 -> 0 | Z31: =SUM($D31:$K31)/8 -> 0 | AA31: =SUM($D31:$L31)/9 -> 0 | AB31: =SUM($D31:$M31)/10 -> 0 | AC31: =SUM($D31:$N31)/11 -> 0
C32: X Lexus精品 | D32: 0 | E32: 0 | F32: 0 | G32: 0 | H32: 0 | I32: 0 | J32: 0 | K32: 0 | L32: 0 | M32: 0 | N32: 0 | O32: 0 | P32: =AVERAGE(D32:O32) -> 0 | R32: =0 -> 0 | S32: =$D32 -> 0 | T32: =SUM($D32:$E32)/2 -> 0 | U32: =SUM($D32:$F32)/3 -> 0 | V32: =SUM($D32:$G32)/4 -> 0 | W32: =SUM($D32:$H32)/5 -> 0 | X32: =SUM($D32:$I32)/6 -> 0 | Y32: =SUM($D32:$J32)/7 -> 0 | Z32: =SUM($D32:$K32)/8 -> 0 | AA32: =SUM($D32:$L32)/9 -> 0 | AB32: =SUM($D32:$M32)/10 -> 0 | AC32: =SUM($D32:$N32)/11 -> 0
C33: 8 活動贈品 | D33: 0 | E33: 0 | F33: 0 | G33: 0 | H33: 0 | I33: 0 | J33: 0 | K33: 0 | L33: 0 | M33: 0 | N33: 0 | O33: 0 | P33: =AVERAGE(D33:O33) -> 0 | R33: =0 -> 0 | S33: =$D33 -> 0 | T33: =SUM($D33:$E33)/2 -> 0 | U33: =SUM($D33:$F33)/3 -> 0 | V33: =SUM($D33:$G33)/4 -> 0 | W33: =SUM($D33:$H33)/5 -> 0 | X33: =SUM($D33:$I33)/6 -> 0 | Y33: =SUM($D33:$J33)/7 -> 0 | Z33: =SUM($D33:$K33)/8 -> 0 | AA33: =SUM($D33:$L33)/9 -> 0 | AB33: =SUM($D33:$M33)/10 -> 0 | AC33: =SUM($D33:$N33)/11 -> 0

Sheet A類各進口別庫存金額目標
A1: A類各進口別庫存金額目標
B2: 1 | C2: 2 | D2: 3 | E2: 4 | F2: 5 | G2: 6 | H2: 7 | I2: 8 | J2: 9 | K2: 10 | L2: 11 | M2: 12
B3: 一月 | C3: 二月 | D3: 三月 | E3: 四月 | F3: 五月 | G3: 六月 | H3: 七月 | I3: 八月 | J3: 九月 | K3: 十月 | L3: 十一月 | M3: 十二月 | N3: 平均
A4: 豐田零件(A) | B4: 3.0049576e+08 | C4: 3.0282551e+08 | D4: 3.007299e+08 | E4: 3.0072263e+08 | F4: 2.9986129e+08 | G4: 2.8349938e+08 | H4: 2.8455176e+08 | I4: 2.8265785e+08 | J4: 2.7254655e+08 | K4: 2.7156971e+08 | L4: 2.8669157e+08 | M4: 2.9965611e+08 | N4: =SUM(B4:M4)/12 -> 2.90484e+08
A5: A1 TMC | B5: 1.4457614e+08 | C5: 1.4250618e+08 | D5: 1.4140165e+08 | E5: 1.4196812e+08 | F5: 1.4264222e+08 | G5: 1.3712794e+08 | H5: 1.310192e+08 | I5: 1.2768135e+08 | J5: 1.2350457e+08 | K5: 1.2862321e+08 | L5: 1.3850814e+08 | M5: 1.4379949e+08 | N5: =SUM(B5:M5)/12 -> 1.3694652e+08
A6: A3 KZ | B6: 1.2026289e+08 | C6: 1.2300721e+08 | D6: 1.2156635e+08 | E6: 1.2262046e+08 | F6: 1.2342562e+08 | G6: 1.139012e+08 | H6: 1.2079431e+08 | I6: 1.2057273e+08 | J6: 1.1424183e+08 | K6: 1.0887569e+08 | L6: 1.1446547e+08 | M6: 1.2177918e+08 | N6: =SUM(B6:M6)/12 -> 1.1879275e+08
A7: A4 TMAP | B7: 35656733 | C7: 37312125 | D7: 37761898 | E7: 36134056 | F7: 33793445 | G7: 32470239 | H7: 32738248 | I7: 34403777 | J7: 34800147 | K7: 34070808 | L7: 33717970 | M7: 34077436 | N7: =SUM(B7:M7)/12 -> 34744740

Sheet 日期
A1: YYMM | B1: SNO | C1: DATE01 | D1: DATE02 | E1: DATE03 | F1: DATE04 | G1: DATE05 | H1: DATE06 | I1: DATE07 | J1: DATE08 | K1: DATE09 | L1: DATE10 | M1: DATE11 | N1: DATE12 | O1: DATE13 | P1: DATE14 | Q1: DATE15 | R1: DATE16 | S1: DATE17 | T1: DATE18 | U1: DATE19 | V1: DATE20 | W1: DATE21 | X1: DATE22 | Y1: DATE23 | Z1: DATE24 | AA1: DATE25 | AB1: DATE26 | AC1: DATE27 | AD1: DATE28 | AE1: DATE29 | AF1: DATE30 | AG1: DATE31 | AH1: MTDT
A2: 202505 | B2: 1 | C2: 2025/05/01 | D2: 2025/05/02 | E2: 2025/05/03 | F2: 2025/05/04 | G2: 2025/05/05 | H2: 2025/05/06 | I2: 2025/05/07 | J2: 2025/05/08 | K2: 2025/05/09 | L2: 2025/05/10 | M2: 2025/05/11 | N2: 2025/05/12 | O2: 2025/05/13 | P2: 2025/05/14 | Q2: 2025/05/15 | R2: 2025/05/16 | S2: 2025/05/17 | T2: 2025/05/18 | U2: 2025/05/19 | V2: 2025/05/20 | W2: 2025/05/21 | X2: 2025/05/22 | Y2: 2025/05/23 | Z2: 2025/05/24 | AA2: 2025/05/25 | AB2: 2025/05/26 | AC2: 2025/05/27 | AD2: 2025/05/28 | AE2: 2025/05/29 | AF2: 2025/05/30 | AG2: 2025/05/31 | AH2: 45628.229
A3: 202505 | B3: 2 | C3: Thu | D3: Fri | E3: Sat | F3: Sun | G3: Mon | H3: Tue | I3: Wed | J3: Thu | K3: Fri | L3: Sat | M3: Sun | N3: Mon | O3: Tue | P3: Wed | Q3: Thu | R3: Fri | S3: Sat | T3: Sun | U3: Mon | V3: Tue | W3: Wed | X3: Thu | Y3: Fri | Z3: Sat | AA3: Sun | AB3: Mon | AC3: Tue | AD3: Wed | AE3: Thu | AF3: Fri | AG3: Sat | AH3: 45628.229

Sheet 庫存金額
A1: YYMM | B1: FRCD | C1: DATE01 | D1: DATE02 | E1: DATE03 | F1: DATE04 | G1: DATE05 | H1: DATE06 | I1: DATE07 | J1: DATE08 | K1: DATE09 | L1: DATE10 | M1: DATE11 | N1: DATE12 | O1: DATE13 | P1: DATE14 | Q1: DATE15 | R1: DATE16 | S1: DATE17 | T1: DATE18 | U1: DATE19 | V1: DATE20 | W1: DATE21 | X1: DATE22 | Y1: DATE23 | Z1: DATE24 | AA1: DATE25 | AB1: DATE26 | AC1: DATE27 | AD1: DATE28 | AE1: DATE29 | AF1: DATE30 | AG1: DATE31 | AH1: DIFFAMT | AI1: AVGAMT
A2: 202505 | B2: 01-A | C2: 311974084.00 | D2: 307339949.00 | E2: 304349072.00 | F2: 304335526.00 | G2: 305949450.00 | H2: 304814994.00 | I2: 313159147.00 | J2: 315264198.00 | K2: 320237052.00 | L2: 314936876.00 | M2: 314930282.00 | N2: 314944194.00 | O2: 313395125.00 | P2: 310772860.00 | Q2: 307940880.00 | R2: 302680475.00 | S2: 295890173.00 | T2: 295866348.00 | U2: 294901039.00 | V2: 292665866.00 | W2: 292394873.00 | X2: 288012408.00 | Y2: 286805048.00 | Z2: 281262645.00 | AA2: 281254432.00 | AB2: 281694742.00 | AC2: 279348944.00 | AD2: 278253460.00 | AE2: 276437537.00 | AF2: 276368546.00 | AG2: 276368546.00 | AH2: .00 | AI2: 298211250.68 | AJ2: 214520184 | AK2: 43056.229
A3: 202505 | B3: 02-D | C3: 249410081.00 | D3: 251063268.00 | E3: 249183991.00 | F3: 249183991.00 | G3: 250375060.00 | H3: 250382011.00 | I3: 250622297.00 | J3: 249929837.00 | K3: 251546348.00 | L3: 250034468.00 | M3: 250030499.00 | N3: 250868843.00 | O3: 251041281.00 | P3: 249704020.00 | Q3: 251432949.00 | R3: 250086448.00 | S3: 248273934.00 | T3: 248273934.00 | U3: 247428501.00 | V3: 245605462.00 | W3: 245267428.00 | X3: 241595037.00 | Y3: 239664748.00 | Z3: 238211286.00 | AA3: 238211286.00 | AB3: 238021360.00 | AC3: 234624833.00 | AD3: 229987875.00 | AE3: 225086934.00 | AF3: 225086934.00 | AG3: 225086945.00 | AH3: 11.00 | AI3: 244365222.23 | AJ3: 129394202 | AK3: 43056.229
A4: 202505 | B4: 03-J | C4: 6400194.00 | D4: 5793832.00 | E4: 4172804.00 | F4: 4172804.00 | G4: 4090908.00 | H4: 5178997.00 | I4: 4948274.00 | J4: 5571175.00 | K4: 7202093.00 | L4: 5213212.00 | M4: 5213212.00 | N4: 4523455.00 | O4: 5025743.00 | P4: 6555248.00 | Q4: 4675945.00 | R4: 7156093.00 | S4: 4864407.00 | T4: 4864407.00 | U4: 5083485.00 | V4: 6128581.00 | W4: 6681104.00 | X4: 6705997.00 | Y4: 7288015.00 | Z4: 5274518.00 | AA4: 5274518.00 | AB4: 5214735.00 | AC4: 5919370.00 | AD4: 5670066.00 | AE4: 7600695.00 | AF4: 7600695.00 | AG4: 7600695.00 | AH4: .00 | AI4: 5731137.97 | AJ4: 7407477 | AK4: 43056.229
A5: 202505 | B5: 04-O | C5: 6800876.00 | D5: 7018299.00 | E5: 6929576.00 | F5: 6929576.00 | G5: 6811797.00 | H5: 6680095.00 | I5: 6447781.00 | J5: 6289744.00 | K5: 6165907.00 | L5: 6050967.00 | M5: 6050967.00 | N5: 6142152.00 | O5: 6029571.00 | P5: 5916864.00 | Q5: 5702028.00 | R5: 5598452.00 | S5: 5529684.00 | T5: 5529684.00 | U5: 5463540.00 | V5: 5323223.00 | W5: 5394794.00 | X5: 5556369.00 | Y5: 5611499.00 | Z5: 5516591.00 | AA5: 5516591.00 | AB5: 5491591.00 | AC5: 5373873.00 | AD5: 5241109.00 | AE5: 5117407.00 | AF5: 5117407.00 | AG5: 5117407.00 | AH5: .00 | AI5: 5885981.32 | AJ5: 19279658 | AK5: 43056.229
A6: 202505 | B6: 05-N | C6: 21065273.00 | D6: 21030984.00 | E6: 18935940.00 | F6: 18944440.00 | G6: 19015629.00 | H6: 19222197.00 | I6: 18480250.00 | J6: 19224641.00 | K6: 20673838.00 | L6: 18631528.00 | M6: 18631528.00 | N6: 18807609.00 | O6: 17892973.00 | P6: 18012362.00 | Q6: 19696808.00 | R6: 20256082.00 | S6: 18095489.00 | T6: 18095489.00 | U6: 19054652.00 | V6: 18540160.00 | W6: 19776614.00 | X6: 20374748.00 | Y6: 22038392.00 | Z6: 20152866.00 | AA6: 20150947.00 | AB6: 21569345.00 | AC6: 20911301.00 | AD6: 23264593.00 | AE6: 21843172.00 | AF6: 21843172.00 | AG6: 21843172.00 | AH6: .00 | AI6: 19873425.61 | AJ6: 19767518 | AK6: 43056.229
A7: 202505 | B7: 06-C | C7: .00 | D7: .00 | E7: .00 | F7: .00 | G7: .00 | H7: .00 | I7: .00 | J7: .00 | K7: .00 | L7: .00 | M7: .00 | N7: .00 | O7: .00 | P7: .00 | Q7: .00 | R7: .00 | S7: .00 | T7: .00 | U7: .00 | V7: .00 | W7: .00 | X7: .00 | Y7: .00 | Z7: .00 | AA7: .00 | AB7: .00 | AC7: .00 | AD7: .00 | AE7: .00 | AF7: .00 | AG7: .00 | AH7: .00 | AI7: .00 | AJ7: 0 | AK7: 43056.229
A8: 202505 | B8: 07-H | C8: 22844347.00 | D8: 18673412.00 | E8: 15666274.00 | F8: 15666274.00 | G8: 12022271.00 | H8: 12367191.00 | I8: 12485632.00 | J8: 11439101.00 | K8: 10811308.00 | L8: 7422341.00 | M8: 7422341.00 | N8: 7146191.00 | O8: 9108097.00 | P8: 9920465.00 | Q8: 10056002.00 | R8: 9955098.00 | S8: 6372326.00 | T8: 6372326.00 | U8: 5949208.00 | V8: 8773085.00 | W8: 9912113.00 | X8: 10075158.00 | Y8: 11705450.00 | Z8: 8589694.00 | AA8: 8589694.00 | AB8: 10477856.00 | AC8: 12093372.00 | AD8: 13288885.00 | AE8: 14936114.00 | AF8: 19621557.00 | AG8: 19631221.00 | AH8: 9664.00 | AI8: 11593367.87 | AJ8: 7768697 | AK8: 43056.229
A9: 202505 | B9: 08-E | C9: .00 | D9: .00 | E9: .00 | F9: .00 | G9: .00 | H9: .00 | I9: .00 | J9: .00 | K9: .00 | L9: .00 | M9: .00 | N9: .00 | O9: .00 | P9: .00 | Q9: .00 | R9: .00 | S9: .00 | T9: .00 | U9: .00 | V9: .00 | W9: .00 | X9: .00 | Y9: .00 | Z9: .00 | AA9: .00 | AB9: .00 | AC9: .00 | AD9: .00 | AE9: .00 | AF9: .00 | AG9: .00 | AH9: .00 | AI9: .00 | AJ9: 0 | AK9: 43056.229
A10: 202505 | B10: 09-F | C10: 2642042.00 | D10: 2489817.00 | E10: 2382952.00 | F10: 2382952.00 | G10: 2203662.00 | H10: 2083032.00 | I10: 2616642.00 | J10: 2461137.00 | K10: 2310287.00 | L10: 2182257.00 | M10: 2182257.00 | N10: 2067952.00 | O10: 1922607.00 | P10: 1782862.00 | Q10: 1986207.00 | R10: 2060227.00 | S10: 1800482.00 | T10: 1800482.00 | U10: 1602127.00 | V10: 1429102.00 | W10: 2077562.00 | X10: 1887637.00 | Y10: 1677972.00 | Z10: 1522512.00 | AA10: 1522512.00 | AB10: 2328622.00 | AC10: 2193547.00 | AD10: 2085202.00 | AE10: 2010192.00 | AF10: 2010192.00 | AG10: 2010192.00 | AH10: .00 | AI10: 2055329.90 | AJ10: 2782946 | AK10: 43056.229
A11: 202505 | B11: 10-P | C11: 91839.00 | D11: 91839.00 | E11: 91839.00 | F11: 91839.00 | G11: 91839.00 | H11: 91839.00 | I11: 91839.00 | J11: 91839.00 | K11: 91839.00 | L11: 91839.00 | M11: 91839.00 | N11: 91839.00 | O11: 91839.00 | P11: 91839.00 | Q11: 91839.00 | R11: 91839.00 | S11: 91839.00 | T11: 91839.00 | U11: 91839.00 | V11: 91839.00 | W11: 91839.00 | X11: 91839.00 | Y11: 91839.00 | Z11: 91839.00 | AA11: 91839.00 | AB11: 91839.00 | AC11: 91839.00 | AD11: 91839.00 | AE11: 91839.00 | AF11: 91839.00 | AG11: 91839.00 | AH11: .00 | AI11: 91839.00 | AJ11: 118299 | AK11: 43056.229
A12: 202505 | B12: 11-G | C12: .00 | D12: .00 | E12: .00 | F12: .00 | G12: .00 | H12: .00 | I12: .00 | J12: .00 | K12: .00 | L12: .00 | M12: .00 | N12: .00 | O12: .00 | P12: .00 | Q12: .00 | R12: .00 | S12: .00 | T12: .00 | U12: .00 | V12: .00 | W12: .00 | X12: .00 | Y12: .00 | Z12: .00 | AA12: .00 | AB12: .00 | AC12: .00 | AD12: .00 | AE12: .00 | AF12: .00 | AG12: .00 | AH12: .00 | AI12: .00 | AJ12: 0 | AK12: 43056.229
A13: 202505 | B13: 12-M | C13: 1381676.00 | D13: 1660145.00 | E13: 1497869.00 | F13: 1497869.00 | G13: 953630.00 | H13: 1067226.00 | I13: 841090.00 | J13: 1124538.00 | K13: 1546892.00 | L13: 1232160.00 | M13: 1232160.00 | N13: 1292723.00 | O13: 1580209.00 | P13: 2069964.00 | Q13: 1467504.00 | R13: 1824230.00 | S13: 1490606.00 | T13: 1490606.00 | U13: 1669969.00 | V13: 1769537.00 | W13: 1634288.00 | X13: 1727301.00 | Y13: 1780322.00 | Z13: 1326118.00 | AA13: 1326118.00 | AB13: 2000721.00 | AC13: 1596900.00 | AD13: 1452903.00 | AE13: 2094697.00 | AF13: 2094697.00 | AG13: 2094697.00 | AH13: .00 | AI13: 1542560.16 | AJ13: 1823954 | AK13: 43056.229
... A25: 202505 | B25: 27-7 | C25: 7753957.00 | D25: 7891858.00 | E25: 7737458.00 | F25: 7737458.00 | G25: 7638137.00 | H25: 6627115.00 | I25: 6594735.00 | J25: 6538735.00 | K25: 7295535.00 | L25: 7213135.00 | M25: 7213135.00 | N25: 7247595.00 | O25: 6857092.00 | P25: 6730081.00 | Q25: 6672681.00 | R25: 6954809.00 | S25: 6804409.00 | T25: 6804409.00 | U25: 6823139.00 | V25: 6244405.00 | W25: 6428361.00 | X25: 7252205.00 | Y25: 7981718.00 | Z25: 7896118.00 | AA25: 7896118.00 | AB25: 7773320.00 | AC25: 8003503.00 | AD25: 10378684.00 | AE25: 10222320.00 | AF25: 10222320.00 | AG25: 10222320.00 | AH25: .00 | AI25: 7601834.36 | AJ25: 0 | AK25: 43056.229
AJ26: 0 | AK26: 43056.229
AJ27: 8845929 | AK27: 43056.229
AJ28: 2889405 | AK28: 43056.229

Sheet 供應率ALL
A1: YYMM | B1: FRCD | C1: DATE01 | D1: DATE02 | E1: DATE03 | F1: DATE04 | G1: DATE05 | H1: DATE06 | I1: DATE07 | J1: DATE08 | K1: DATE09 | L1: DATE10 | M1: DATE11 | N1: DATE12 | O1: DATE13 | P1: DATE14 | Q1: DATE15 | R1: DATE16 | S1: DATE17 | T1: DATE18 | U1: DATE19 | V1: DATE20 | W1: DATE21 | X1: DATE22 | Y1: DATE23 | Z1: DATE24 | AA1: DATE25 | AB1: DATE26 | AC1: DATE27 | AD1: DATE28 | AE1: DATE29 | AF1: DATE30 | AG1: DATE31 | AH1: AVGSR
A2: 202505 | B2: 01-A | C2: 0 | D2: 98.1 | E2: 98.6 | F2: 0 | G2: 98.6 | H2: 98.4 | I2: 98.4 | J2: 98.4 | K2: 98.1 | L2: 98.6 | M2: 0 | N2: 98.2 | O2: 98.5 | P2: 98.8 | Q2: 98.3 | R2: 98.5 | S2: 98.4 | T2: 0 | U2: 98.1 | V2: 98.2 | W2: 97.6 | X2: 97.8 | Y2: 97.9 | Z2: 97.7 | AA2: 0 | AB2: 97.8 | AC2: 97.7 | AD2: 97.7 | AE2: 97.9 | AF2: 0 | AG2: 0 | AH2: 98.2 | AI2: 44412.229
A3: 202505 | B3: 02-D | C3: 0 | D3: 99 | E3: 98.7 | F3: 0 | G3: 99.1 | H3: 98.5 | I3: 99 | J3: 98.6 | K3: 99.2 | L3: 99.3 | M3: 0 | N3: 99.3 | O3: 98.2 | P3: 97.7 | Q3: 98.4 | R3: 97.9 | S3: 99 | T3: 0 | U3: 97.6 | V3: 98.3 | W3: 98.3 | X3: 98.4 | Y3: 97.6 | Z3: 99.1 | AA3: 0 | AB3: 98.2 | AC3: 98.3 | AD3: 97.9 | AE3: 97.8 | AF3: 0 | AG3: 0 | AH3: 98.5 | AI3: 44412.229
A4: 202505 | B4: 03-J | C4: 0 | D4: 100 | E4: 100 | F4: 0 | G4: 100 | H4: 100 | I4: 100 | J4: 100 | K4: 100 | L4: 100 | M4: 0 | N4: 100 | O4: 100 | P4: 100 | Q4: 100 | R4: 100 | S4: 100 | T4: 0 | U4: 100 | V4: 99.8 | W4: 100 | X4: 100 | Y4: 100 | Z4: 100 | AA4: 0 | AB4: 100 | AC4: 100 | AD4: 100 | AE4: 100 | AF4: 0 | AG4: 0 | AH4: 100 | AI4: 44412.229
A5: 202505 | B5: 04-O | C5: 0 | D5: 100 | E5: 100 | F5: 0 | G5: 95.6 | H5: 87.1 | I5: 84.4 | J5: 82.8 | K5: 82 | L5: 80 | M5: 0 | N5: 85.2 | O5: 94.2 | P5: 86.7 | Q5: 94.2 | R5: 86.3 | S5: 90.9 | T5: 0 | U5: 92.4 | V5: 89.5 | W5: 96.2 | X5: 84.4 | Y5: 82.5 | Z5: 92.8 | AA5: 0 | AB5: 88.3 | AC5: 88.8 | AD5: 96 | AE5: 92.8 | AF5: 0 | AG5: 0 | AH5: 89 | AI5: 44412.229
A6: 202505 | B6: 05-N | C6: 0 | D6: 99.4 | E6: 99.4 | F6: 0 | G6: 97.9 | H6: 98.6 | I6: 99.5 | J6: 99.7 | K6: 99.8 | L6: 99.9 | M6: 0 | N6: 99.9 | O6: 99.9 | P6: 99.8 | Q6: 99.1 | R6: 99.8 | S6: 99.9 | T6: 0 | U6: 99.8 | V6: 100 | W6: 99.8 | X6: 99.8 | Y6: 99.8 | Z6: 99.7 | AA6: 0 | AB6: 99.6 | AC6: 99.8 | AD6: 99.9 | AE6: 99.9 | AF6: 0 | AG6: 0 | AH6: 99.7 | AI6: 44412.229
A7: 202505 | B7: 06-C | C7: 0 | D7: 0 | E7: 0 | F7: 0 | G7: 0 | H7: 0 | I7: 0 | J7: 0 | K7: 0 | L7: 0 | M7: 0 | N7: 0 | O7: 0 | P7: 0 | Q7: 0 | R7: 0 | S7: 0 | T7: 0 | U7: 0 | V7: 0 | W7: 0 | X7: 0 | Y7: 0 | Z7: 0 | AA7: 0 | AB7: 0 | AC7: 0 | AD7: 0 | AE7: 0 | AF7: 0 | AG7: 0 | AH7: 0 | AI7: 44412.229
A8: 202505 | B8: 07-H | C8: 0 | D8: 98.7 | E8: 98.2 | F8: 0 | G8: 95.8 | H8: 95.1 | I8: 97.8 | J8: 99.7 | K8: 100 | L8: 100 | M8: 0 | N8: 97.6 | O8: 96.3 | P8: 98.8 | Q8: 99.2 | R8: 98.9 | S8: 96.7 | T8: 0 | U8: 93.6 | V8: 93.9 | W8: 100 | X8: 97.1 | Y8: 98.9 | Z8: 99.2 | AA8: 0 | AB8: 94.7 | AC8: 99.1 | AD8: 98.9 | AE8: 99.4 | AF8: 0 | AG8: 0 | AH8: 98 | AI8: 44412.229
A9: 202505 | B9: 08-Z | C9: 0 | D9: 100 | E9: 100 | F9: 0 | G9: 100 | H9: 100 | I9: 95.4 | J9: 100 | K9: 100 | L9: 100 | M9: 0 | N9: 100 | O9: 100 | P9: 100 | Q9: 92 | R9: 96 | S9: 94.4 | T9: 0 | U9: 100 | V9: 85.7 | W9: 75 | X9: 100 | Y9: 100 | Z9: 83.3 | AA9: 0 | AB9: 95 | AC9: 100 | AD9: 100 | AE9: 100 | AF9: 0 | AG9: 0 | AH9: 96.2 | AI9: 44412.229
A10: 202505 | B10: 09-@ | C10: 0 | D10: 98.3 | E10: 98.7 | F10: 0 | G10: 98.4 | H10: 98.3 | I10: 98.4 | J10: 98.6 | K10: 98.2 | L10: 98.8 | M10: 0 | N10: 98.4 | O10: 98.5 | P10: 98.8 | Q10: 98.4 | R10: 98.6 | S10: 98.4 | T10: 0 | U10: 98.1 | V10: 98.2 | W10: 97.9 | X10: 97.9 | Y10: 97.7 | Z10: 97.7 | AA10: 0 | AB10: 97.8 | AC10: 98.1 | AD10: 98.1 | AE10: 98.2 | AF10: 0 | AG10: 0 | AH10: 98.3 | AI10: 44412.229
A11: 202505 | B11: 10-M | C11: 0 | D11: 100 | E11: 100 | F11: 0 | G11: 100 | H11: 100 | I11: 91.3 | J11: 100 | K11: 100 | L11: 100 | M11: 0 | N11: 100 | O11: 100 | P11: 100 | Q11: 100 | R11: 100 | S11: 100 | T11: 0 | U11: 100 | V11: 100 | W11: 100 | X11: 100 | Y11: 100 | Z11: 100 | AA11: 0 | AB11: 100 | AC11: 100 | AD11: 100 | AE11: 100 | AF11: 0 | AG11: 0 | AH11: 99.6 | AI11: 44412.229
A12: 202505 | B12: 11-S | C12: 0 | D12: 98.1 | E12: 97 | F12: 0 | G12: 97.2 | H12: 75 | I12: 86.3 | J12: 92.8 | K12: 100 | L12: 100 | M12: 0 | N12: 94.2 | O12: 94.8 | P12: 100 | Q12: 95.9 | R12: 98 | S12: 100 | T12: 0 | U12: 100 | V12: 98 | W12: 96.1 | X12: 98.1 | Y12: 100 | Z12: 100 | AA12: 0 | AB12: 100 | AC12: 98.4 | AD12: 100 | AE12: 97.9 | AF12: 0 | AG12: 0 | AH12: 95.8 | AI12: 44412.229
A13: 202505 | B13: 12-V | C13: 0 | D13: 99.1 | E13: 98.9 | F13: 0 | G13: 99.1 | H13: 96.6 | I13: 97.9 | J13: 97.3 | K13: 96.7 | L13: 95.7 | M13: 0 | N13: 96.5 | O13: 97.2 | P13: 99.1 | Q13: 97.6 | R13: 98.5 | S13: 97.1 | T13: 0 | U13: 95.7 | V13: 98.4 | W13: 98.6 | X13: 94.8 | Y13: 95.9 | Z13: 97.7 | AA13: 0 | AB13: 94.4 | AC13: 97.9 | AD13: 98 | AE13: 98 | AF13: 0 | AG13: 0 | AH13: 97.4 | AI13: 44412.229
... A23: 202505 | B23: 23-6 | C23: 0 | D23: 95.3 | E23: 96.6 | F23: 0 | G23: 96.5 | H23: 95.2 | I23: 95 | J23: 97.1 | K23: 91.8 | L23: 97.2 | M23: 0 | N23: 96.2 | O23: 92.7 | P23: 94.1 | Q23: 94.8 | R23: 96.4 | S23: 95.2 | T23: 0 | U23: 95.5 | V23: 95.1 | W23: 94.4 | X23: 94.2 | Y23: 84.8 | Z23: 88.6 | AA23: 0 | AB23: 93 | AC23: 96.1 | AD23: 95.9 | AE23: 94.8 | AF23: 0 | AG23: 0 | AH23: 94.4 | AI23: 44412.229

Sheet 供應率
A1: YYMM | B1: FRCD | C1: IMPCD | D1: DATE01 | E1: DATE02 | F1: DATE03 | G1: DATE04 | H1: DATE05 | I1: DATE06 | J1: DATE07 | K1: DATE08 | L1: DATE09 | M1: DATE10 | N1: DATE11 | O1: DATE12 | P1: DATE13 | Q1: DATE14 | R1: DATE15 | S1: DATE16 | T1: DATE17 | U1: DATE18 | V1: DATE19 | W1: DATE20 | X1: DATE21 | Y1: DATE22 | Z1: DATE23 | AA1: DATE24 | AB1: DATE25 | AC1: DATE26 | AD1: DATE27 | AE1: DATE28 | AF1: DATE29 | AG1: DATE30 | AH1: DATE31 | AI1: AVGSR
A2: 202505 | B2: 01-A | C2: 1 | D2: 0 | E2: 98.6 | F2: 98.7 | G2: 0 | H2: 98.7 | I2: 98.1 | J2: 98.2 | K2: 98.4 | L2: 98.1 | M2: 98.5 | N2: 0 | O2: 98.3 | P2: 98.3 | Q2: 98.8 | R2: 98.5 | S2: 98.6 | T2: 98.8 | U2: 0 | V2: 98.7 | W2: 98.3 | X2: 98.4 | Y2: 98.6 | Z2: 98.6 | AA2: 98.8 | AB2: 0 | AC2: 98.6 | AD2: 98.7 | AE2: 98.1 | AF2: 98.5 | AG2: 0 | AH2: 0 | AI2: 98.5 | AJ2: 43056.23
A3: 202505 | B3: 01-A | C3: 3 | D3: 0 | E3: 98.1 | F3: 98.6 | G3: 0 | H3: 98.8 | I3: 99 | J3: 98.7 | K3: 98.9 | L3: 98.4 | M3: 98.7 | N3: 0 | O3: 99 | P3: 98.9 | Q3: 99.1 | R3: 98.8 | S3: 98.6 | T3: 98.3 | U3: 0 | V3: 97.8 | W3: 98.3 | X3: 97.5 | Y3: 97.2 | Z3: 97.4 | AA3: 96.7 | AB3: 0 | AC3: 97.3 | AD3: 97.4 | AE3: 97.6 | AF3: 97.6 | AG3: 0 | AH3: 0 | AI3: 98.2 | AJ3: 43056.23
A4: 202505 | B4: 01-A | C4: 4 | D4: 0 | E4: 99.2 | F4: 98.9 | G4: 0 | H4: 99.2 | I4: 98.7 | J4: 98.8 | K4: 98.9 | L4: 99.6 | M4: 99.7 | N4: 0 | O4: 99.2 | P4: 99.3 | Q4: 99.6 | R4: 99.4 | S4: 100 | T4: 98.8 | U4: 0 | V4: 99.2 | W4: 99.1 | X4: 99 | Y4: 98.8 | Z4: 98.9 | AA4: 99.3 | AB4: 0 | AC4: 99.2 | AD4: 98.9 | AE4: 99.3 | AF4: 99.1 | AG4: 0 | AH4: 0 | AI4: 99.2 | AJ4: 43056.23
A5: 202505 | B5: 01-A | C5: ALL | D5: 0 | E5: 98.5 | F5: 98.7 | G5: 0 | H5: 98.8 | I5: 98.6 | J5: 98.5 | K5: 98.7 | L5: 98.5 | M5: 98.7 | N5: 0 | O5: 98.7 | P5: 98.7 | Q5: 99 | R5: 98.7 | S5: 98.8 | T5: 98.6 | U5: 0 | V5: 98.3 | W5: 98.4 | X5: 98 | Y5: 98 | Z5: 98.1 | AA5: 98.1 | AB5: 0 | AC5: 98.1 | AD5: 98.1 | AE5: 98.1 | AF5: 98.2 | AG5: 0 | AH5: 0 | AI5: 98.5 | AJ5: 43056.23
A6: 202505 | B6: 02-D | C6: ALL | D6: 0 | E6: 99.4 | F6: 99.3 | G6: 0 | H6: 99.4 | I6: 99 | J6: 99.2 | K6: 99.3 | L6: 99.4 | M6: 99.6 | N6: 0 | O6: 99.7 | P6: 99.1 | Q6: 99.1 | R6: 98.9 | S6: 99.2 | T6: 99.6 | U6: 0 | V6: 98.8 | W6: 98.9 | X6: 98.9 | Y6: 98.9 | Z6: 98.4 | AA6: 99.5 | AB6: 0 | AC6: 98.6 | AD6: 98.9 | AE6: 99 | AF6: 98.3 | AG6: 0 | AH6: 0 | AI6: 99.1 | AJ6: 43056.23
A7: 202505 | B7: 03-J | C7: ALL | D7: 0 | E7: 100 | F7: 100 | G7: 0 | H7: 100 | I7: 100 | J7: 100 | K7: 100 | L7: 100 | M7: 100 | N7: 0 | O7: 100 | P7: 100 | Q7: 100 | R7: 100 | S7: 100 | T7: 100 | U7: 0 | V7: 100 | W7: 99.8 | X7: 100 | Y7: 100 | Z7: 100 | AA7: 100 | AB7: 0 | AC7: 100 | AD7: 100 | AE7: 100 | AF7: 100 | AG7: 0 | AH7: 0 | AI7: 99.9 | AJ7: 43056.23
A8: 202505 | B8: 04-O | C8: ALL | D8: 0 | E8: 100 | F8: 100 | G8: 0 | H8: 95.4 | I8: 94.2 | J8: 97.4 | K8: 100 | L8: 100 | M8: 100 | N8: 0 | O8: 85.2 | P8: 94.2 | Q8: 90 | R8: 94.2 | S8: 85.7 | T8: 90.9 | U8: 0 | V8: 92.4 | W8: 89.5 | X8: 96.2 | Y8: 85.9 | Z8: 82.5 | AA8: 95.1 | AB8: 0 | AC8: 88.3 | AD8: 88.8 | AE8: 96 | AF8: 96.2 | AG8: 0 | AH8: 0 | AI8: 92.2 | AJ8: 43056.23
A9: 202505 | B9: 05-N | C9: ALL | D9: 0 | E9: 99.4 | F9: 99.5 | G9: 0 | H9: 98 | I9: 98.6 | J9: 99.5 | K9: 99.7 | L9: 99.8 | M9: 100 | N9: 0 | O9: 99.9 | P9: 99.9 | Q9: 99.9 | R9: 99.1 | S9: 99.8 | T9: 99.9 | U9: 0 | V9: 99.8 | W9: 100 | X9: 99.8 | Y9: 99.8 | Z9: 99.8 | AA9: 99.7 | AB9: 0 | AC9: 99.7 | AD9: 99.9 | AE9: 99.9 | AF9: 99.9 | AG9: 0 | AH9: 0 | AI9: 99.6 | AJ9: 43056.23
A10: 202505 | B10: 06-C | C10: ALL | D10: 0 | E10: 0 | F10: 0 | G10: 0 | H10: 0 | I10: 0 | J10: 0 | K10: 0 | L10: 0 | M10: 0 | N10: 0 | O10: 0 | P10: 0 | Q10: 0 | R10: 0 | S10: 0 | T10: 0 | U10: 0 | V10: 0 | W10: 0 | X10: 0 | Y10: 0 | Z10: 0 | AA10: 0 | AB10: 0 | AC10: 0 | AD10: 0 | AE10: 0 | AF10: 0 | AG10: 0 | AH10: 0 | AI10: 0 | AJ10: 43056.23
A11: 202505 | B11: 07-H | C11: ALL | D11: 0 | E11: 98.7 | F11: 98.2 | G11: 0 | H11: 95.8 | I11: 95.1 | J11: 97.8 | K11: 99.7 | L11: 100 | M11: 100 | N11: 0 | O11: 97.5 | P11: 96.4 | Q11: 98.7 | R11: 99.7 | S11: 99.4 | T11: 98.7 | U11: 0 | V11: 93.8 | W11: 93.9 | X11: 100 | Y11: 97.1 | Z11: 98.9 | AA11: 99.2 | AB11: 0 | AC11: 94.7 | AD11: 99.2 | AE11: 98.9 | AF11: 99.4 | AG11: 0 | AH11: 0 | AI11: 98 | AJ11: 43056.23
A12: 202505 | B12: 10-M | C12: ALL | D12: 0 | E12: 100 | F12: 100 | G12: 0 | H12: 100 | I12: 100 | J12: 91.3 | K12: 100 | L12: 100 | M12: 100 | N12: 0 | O12: 100 | P12: 100 | Q12: 100 | R12: 100 | S12: 100 | T12: 100 | U12: 0 | V12: 100 | W12: 100 | X12: 100 | Y12: 100 | Z12: 100 | AA12: 100 | AB12: 0 | AC12: 100 | AD12: 100 | AE12: 100 | AF12: 100 | AG12: 0 | AH12: 0 | AI12: 99.6 | AJ12: 43056.23
A13: 202505 | B13: 11-S | C13: ALL | D13: 0 | E13: 100 | F13: 97 | G13: 0 | H13: 97.2 | I13: 97 | J13: 100 | K13: 92.8 | L13: 100 | M13: 100 | N13: 0 | O13: 94.2 | P13: 94.8 | Q13: 100 | R13: 100 | S13: 98 | T13: 100 | U13: 0 | V13: 100 | W13: 97.9 | X13: 98 | Y13: 100 | Z13: 100 | AA13: 100 | AB13: 0 | AC13: 100 | AD13: 98.4 | AE13: 100 | AF13: 97.9 | AG13: 0 | AH13: 0 | AI13: 98.5 | AJ13: 43056.23
... A21: 202505 | B21: 20-7 | C21: ALL | D21: 0 | E21: 0 | F21: 0 | G21: 0 | H21: 0 | I21: 0 | J21: 0 | K21: 0 | L21: 0 | M21: 0 | N21: 0 | O21: 0 | P21: 0 | Q21: 0 | R21: 0 | S21: 0 | T21: 0 | U21: 0 | V21: 0 | W21: 0 | X21: 0 | Y21: 0 | Z21: 0 | AA21: 0 | AB21: 0 | AC21: 0 | AD21: 0 | AE21: 0 | AF21: 0 | AG21: 0 | AH21: 0 | AI21: 0 | AJ21: 43056.23
A22: 202505 | B22: 21-6 | C22: ALL | D22: 0 | E22: 96.5 | F22: 98 | G22: 0 | H22: 97.3 | I22: 96.7 | J22: 98.1 | K22: 98.9 | L22: 92.7 | M22: 98.1 | N22: 0 | O22: 97.4 | P22: 93.8 | Q22: 95.8 | R22: 96.6 | S22: 98.1 | T22: 96.8 | U22: 0 | V22: 96.8 | W22: 96.9 | X22: 95.8 | Y22: 96.1 | Z22: 86.3 | AA22: 88.8 | AB22: 0 | AC22: 94.8 | AD22: 97.2 | AE22: 97.7 | AF22: 97.2 | AG22: 0 | AH22: 0 | AI22: 95.8

Sheet 點數BO
A1: YYMM | B1: FRCD | C1: DATE01 | D1: DATE02 | E1: DATE03 | F1: DATE04 | G1: DATE05 | H1: DATE06 | I1: DATE07 | J1: DATE08 | K1: DATE09 | L1: DATE10 | M1: DATE11 | N1: DATE12 | O1: DATE13 | P1: DATE14 | Q1: DATE15 | R1: DATE16 | S1: DATE17 | T1: DATE18 | U1: DATE19 | V1: DATE20 | W1: DATE21 | X1: DATE22 | Y1: DATE23 | Z1: DATE24 | AA1: DATE25 | AB1: DATE26 | AC1: DATE27 | AD1: DATE28 | AE1: DATE29 | AF1: DATE30 | AG1: DATE31 | AH1: SUMITEMS
A2: 202505 | B2: 01-A | C2: .00 | D2: 223.00 | E2: 112.00 | F2: .00 | G2: 151.00 | H2: 186.00 | J2: 157.00 | K2: 170.00 | L2: 93.00 | M2: .00 | N2: 195.00 | O2: 175.00 | P2: 126.00 | Q2: 182.00 | R2: 137.00 | S2: 118.00 | T2: .00 | U2: 222.00 | V2: 196.00 | W2: 258.00 | X2: 220.00 | Y2: 196.00 | Z2: 162.00 | AA2: .00 | AB2: 248.00 | AC2: 271.00 | AD2: 242.00 | AE2: 197.00 | AF2: .00 | AG2: .00 | AH2: 4413 | AI2: 43056.23
A3: 202505 | B3: 02-D | C3: .00 | D3: 15.00 | E3: 14.00 | F3: .00 | G3: 14.00 | H3: 31.00 | J3: 22.00 | K3: 12.00 | L3: 7.00 | M3: .00 | N3: 11.00 | O3: 36.00 | P3: 38.00 | Q3: 26.00 | R3: 31.00 | S3: 10.00 | T3: .00 | U3: 37.00 | V3: 36.00 | W3: 29.00 | X3: 28.00 | Y3: 38.00 | Z3: 9.00 | AA3: .00 | AB3: 28.00 | AC3: 36.00 | AD3: 35.00 | AE3: 34.00 | AF3: .00 | AG3: .00 | AH3: 594 | AI3: 43056.23
A4: 202505 | B4: 03-J | C4: .00 | D4: .00 | E4: .00 | F4: .00 | G4: .00 | H4: .00 | J4: .00 | K4: .00 | L4: .00 | M4: .00 | N4: .00 | O4: .00 | P4: .00 | Q4: .00 | R4: .00 | S4: .00 | T4: .00 | U4: .00 | V4: 1.00 | W4: .00 | X4: .00 | Y4: .00 | Z4: .00 | AA4: .00 | AB4: .00 | AC4: .00 | AD4: .00 | AE4: .00 | AF4: .00 | AG4: .00 | AH4: 1 | AI4: 43056.23
A5: 202505 | B5: 04-O | C5: .00 | D5: .00 | E5: .00 | F5: .00 | G5: 1.00 | H5: 5.00 | J5: 6.00 | K5: 7.00 | L5: 6.00 | M5: .00 | N5: 5.00 | O5: 2.00 | P5: 7.00 | Q5: 3.00 | R5: 6.00 | S5: 3.00 | T5: .00 | U5: 4.00 | V5: 5.00 | W5: 2.00 | X5: 9.00 | Y5: 7.00 | Z5: 3.00 | AA5: .00 | AB5: 7.00 | AC5: 4.00 | AD5: 1.00 | AE5: 2.00 | AF5: .00 | AG5: .00 | AH5: 102 | AI5: 43056.23
A6: 202505 | B6: 05-N | C6: .00 | D6: 12.00 | E6: 9.00 | F6: .00 | G6: 41.00 | H6: 25.00 | J6: 5.00 | K6: 3.00 | L6: 1.00 | M6: .00 | N6: 2.00 | O6: 2.00 | P6: 2.00 | Q6: 14.00 | R6: 3.00 | S6: 1.00 | T6: .00 | U6: 4.00 | V6: .00 | W6: 2.00 | X6: 3.00 | Y6: 2.00 | Z6: 4.00 | AA6: .00 | AB6: 7.00 | AC6: 3.00 | AD6: 2.00 | AE6: 2.00 | AF6: .00 | AG6: .00 | AH6: 157 | AI6: 43056.23
A7: 202505 | B7: 06-C | C7: .00 | D7: .00 | E7: .00 | F7: .00 | G7: .00 | H7: .00 | J7: .00 | K7: .00 | L7: .00 | M7: .00 | N7: .00 | O7: .00 | P7: .00 | Q7: .00 | R7: .00 | S7: .00 | T7: .00 | U7: .00 | V7: .00 | W7: .00 | X7: .00 | Y7: .00 | Z7: .00 | AA7: .00 | AB7: .00 | AC7: .00 | AD7: .00 | AE7: .00 | AF7: .00 | AG7: .00 | AH7: 0 | AI7: 43056.23
A8: 202505 | B8: 07-H | C8: .00 | D8: 6.00 | E8: 7.00 | F8: .00 | G8: 19.00 | H8: 16.00 | J8: 1.00 | K8: .00 | L8: .00 | M8: .00 | N8: 10.00 | O8: 12.00 | P8: 5.00 | Q8: 3.00 | R8: 4.00 | S8: 15.00 | T8: .00 | U8: 28.00 | V8: 21.00 | W8: .00 | X8: 10.00 | Y8: 4.00 | Z8: 3.00 | AA8: .00 | AB8: 29.00 | AC8: 6.00 | AD8: 7.00 | AE8: 4.00 | AF8: .00 | AG8: .00 | AH8: 218 | AI8: 43056.23
A9: 202505 | B9: 08-Z | C9: .00 | D9: .00 | E9: .00 | F9: .00 | G9: .00 | H9: .00 | J9: .00 | K9: .00 | L9: .00 | M9: .00 | N9: .00 | O9: .00 | P9: .00 | Q9: 2.00 | R9: 1.00 | S9: 1.00 | T9: .00 | U9: .00 | V9: 4.00 | W9: 4.00 | X9: .00 | Y9: .00 | Z9: 4.00 | AA9: .00 | AB9: 1.00 | AC9: .00 | AD9: .00 | AE9: .00 | AF9: .00 | AG9: .00 | AH9: 18 | AI9: 43056.23
A10: 202505 | B10: 10-M | C10: .00 | D10: .00 | E10: .00 | F10: .00 | G10: .00 | H10: .00 | J10: .00 | K10: .00 | L10: .00 | M10: .00 | N10: .00 | O10: .00 | P10: .00 | Q10: .00 | R10: .00 | S10: .00 | T10: .00 | U10: .00 | V10: .00 | W10: .00 | X10: .00 | Y10: .00 | Z10: .00 | AA10: .00 | AB10: .00 | AC10: .00 | AD10: .00 | AE10: .00 | AF10: .00 | AG10: .00 | AH10: 2 | AI10: 43056.23
A11: 202505 | B11: 11-S | C11: .00 | D11: 1.00 | E11: 1.00 | F11: .00 | G11: 1.00 | H11: 22.00 | J11: 4.00 | K11: .00 | L11: .00 | M11: .00 | N11: 2.00 | O11: 2.00 | P11: .00 | Q11: 2.00 | R11: 1.00 | S11: .00 | T11: .00 | U11: .00 | V11: 1.00 | W11: 2.00 | X11: 1.00 | Y11: .00 | Z11: .00 | AA11: .00 | AB11: .00 | AC11: 1.00 | AD11: .00 | AE11: 1.00 | AF11: .00 | AG11: .00 | AH11: 51 | AI11: 43056.23
A12: 202505 | B12: 12-V | C12: .00 | D12: 3.00 | E12: 3.00 | F12: .00 | G12: 3.00 | H12: 12.00 | J12: 8.00 | K12: 10.00 | L12: 12.00 | M12: .00 | N12: 11.00 | O12: 9.00 | P12: 3.00 | Q12: 8.00 | R12: 5.00 | S12: 9.00 | T12: .00 | U12: 13.00 | V12: 5.00 | W12: 4.00 | X12: 18.00 | Y12: 13.00 | Z12: 7.00 | AA12: .00 | AB12: 19.00 | AC12: 8.00 | AD12: 7.00 | AE12: 7.00 | AF12: .00 | AG12: .00 | AH12: 203 | AI12: 43056.23
A13: 202505 | B13: 13-T | C13: .00 | D13: 2.00 | E13: 5.00 | F13: .00 | G13: 3.00 | H13: 3.00 | J13: 2.00 | K13: 1.00 | L13: 1.00 | M13: .00 | N13: 1.00 | O13: 4.00 | P13: 1.00 | Q13: 4.00 | R13: 1.00 | S13: 3.00 | T13: .00 | U13: 9.00 | V13: 5.00 | W13: 5.00 | X13: 3.00 | Y13: .00 | Z13: .00 | AA13: .00 | AB13: 5.00 | AC13: 5.00 | AD13: 5.00 | AE13: .00 | AF13: .00 | AG13: .00 | AH13: 68 | AI13: 43056.23
... A19: 202505 | B19: 20-7 | C19: .00 | D19: .00 | E19: .00 | F19: .00 | G19: .00 | H19: .00 | J19: .00 | K19: .00 | L19: .00 | M19: .00 | N19: .00 | O19: .00 | P19: .00 | Q19: .00 | R19: .00 | S19: .00 | T19: .00 | U19: .00 | V19: .00 | W19: .00 | X19: .00 | Y19: .00 | Z19: .00 | AA19: .00 | AB19: .00 | AC19: .00 | AD19: .00 | AE19: .00 | AF19: .00 | AG19: .00 | AH19: 0 | AI19: 43056.23
A20: 202505 | B20: 21-6 | C20: .00 | D20: 26.00 | E20: 14.00 | F20: .00 | G20: 16.00 | H20: 21.00 | J20: 11.00 | K20: 39.00 | L20: 14.00 | M20: .00 | N20: 18.00 | O20: 31.00 | P20: 27.00 | Q20: 22.00 | R20: 18.00 | S20: 26.00 | T20: .00 | U20: 23.00 | V20: 21.00 | W20: 23.00 | X20: 26.00 | Y20: 81.00 | Z20: 57.00 | AA20: .00 | AB20: 37.00 | AC20: 20.00 | AD20: 19.00 | AE20: 28.00 | AF20: .00 | AG20: .00 | AH20: 640

Sheet 庫存金額A類
A1: YYMM | B1: IMPCD | C1: DATE01 | D1: DATE02 | E1: DATE03 | F1: DATE04 | G1: DATE05 | H1: DATE06 | I1: DATE07 | J1: DATE08 | K1: DATE09 | L1: DATE10 | M1: DATE11 | N1: DATE12 | O1: DATE13 | P1: DATE14 | Q1: DATE15 | R1: DATE16 | S1: DATE17 | T1: DATE18 | U1: DATE19 | V1: DATE20 | W1: DATE21 | X1: DATE22 | Y1: DATE23 | Z1: DATE24 | AA1: DATE25 | AB1: DATE26 | AC1: DATE27 | AD1: DATE28 | AE1: DATE29 | AF1: DATE30 | AG1: DATE31 | AH1: AVGAMT
A2: 202505 | B2: 1 | C2: 139794654.00 | D2: 137959501.00 | E2: 135574128.00 | F2: 135573833.00 | G2: 136404498.00 | H2: 136226803.00 | I2: 136074028.00 | J2: 137485748.00 | K2: 141204218.00 | L2: 139138711.00 | M2: 139132231.00 | N2: 141399429.00 | O2: 142964866.00 | P2: 143611345.00 | Q2: 143961194.00 | R2: 144828265.00 | S2: 141596584.00 | T2: 141589344.00 | U2: 140647507.00 | V2: 140822388.00 | W2: 141404208.00 | X2: 139344591.00 | Y2: 138544899.00 | Z2: 136247571.00 | AA2: 136240634.00 | AB2: 136082859.00 | AC2: 132681403.00 | AD2: 127902067.00 | AE2: 125837986.00 | AF2: 125768995.00 | AG2: 125768995.00 | AH2: 137477854.29 | AI2: 43056.23
A3: 202505 | B3: 3 | C3: 130463017.00 | D3: 129811627.00 | E3: 130330030.00 | F3: 130316779.00 | G3: 132467376.00 | H3: 132435736.00 | I3: 140265325.00 | J3: 139812651.00 | K3: 141933387.00 | L3: 139591064.00 | M3: 139591064.00 | N3: 138107159.00 | O3: 134974302.00 | P3: 129978644.00 | Q3: 125454401.00 | R3: 120761130.00 | S3: 118219809.00 | T3: 118204084.00 | U3: 117929780.00 | V3: 116625937.00 | W3: 116730102.00 | X3: 115832952.00 | Y3: 116565819.00 | Z3: 114209640.00 | AA3: 114208364.00 | AB3: 114512706.00 | AC3: 115065696.00 | AD3: 117418276.00 | AE3: 117948248.00 | AF3: 117948248.00 | AG3: 117948248.00 | AH3: 125343922.61 | AI3: 43056.23
A4: 202505 | B4: 4 | C4: 41716413.00 | D4: 39568821.00 | E4: 38444914.00 | F4: 38444914.00 | G4: 37077576.00 | H4: 36152455.00 | I4: 36819794.00 | J4: 37965799.00 | K4: 37099447.00 | L4: 36207101.00 | M4: 36206987.00 | N4: 35437606.00 | O4: 35455957.00 | P4: 37182871.00 | Q4: 38525285.00 | R4: 37091080.00 | S4: 36073780.00 | T4: 36072920.00 | U4: 36323752.00 | V4: 35217541.00 | W4: 34260563.00 | X4: 32834865.00 | Y4: 31694330.00 | Z4: 30805434.00 | AA4: 30805434.00 | AB4: 31099177.00 | AC4: 31601845.00 | AD4: 32933117.00 | AE4: 32651303.00 | AF4: 32651303.00 | AG4: 32651303.00 | AH4: 35389473.77 | AI4: 43056.23
AH5: =AVERAGE(C4:AE4) -> #DIV/0!

Sheet 期貨金額
A1: YYMM | B1: FRCD | C1: IMPCD | D1: DATE01 | E1: DATE02 | F1: DATE03 | G1: DATE04 | H1: DATE05 | I1: DATE06 | J1: DATE07 | K1: DATE08 | L1: DATE09 | M1: DATE10 | N1: DATE11 | O1: DATE12 | P1: DATE13 | Q1: DATE14 | R1: DATE15 | S1: DATE16 | T1: DATE17 | U1: DATE18 | V1: DATE19 | W1: DATE20 | X1: DATE21 | Y1: DATE22 | Z1: DATE23 | AA1: DATE24 | AB1: DATE25 | AC1: DATE26 | AD1: DATE27 | AE1: DATE28 | AF1: DATE29 | AG1: DATE30 | AH1: DATE31 | AI1: AVGAMT
A2: 202505 | B2: A | C2: 1 | D2: 11269974.00 | E2: 11199118.00 | F2: 10215716.00 | G2: 10215716.00 | H2: 9664888.00 | I2: 7647046.00 | J2: 7061967.00 | K2: 7016879.00 | L2: 7257779.00 | M2: 7325248.00 | N2: 7325248.00 | O2: 7293924.00 | P2: 7424014.00 | Q2: 7511787.00 | R2: 7750505.00 | S2: 7774722.00 | T2: 7774722.00 | U2: 7774722.00 | V2: 7841622.00 | W2: 7808133.00 | X2: 7795733.00 | Y2: 7831328.00 | Z2: 7984331.00 | AA2: 7978830.00 | AB2: 7978830.00 | AC2: 8066521.00 | AD2: 8000620.00 | AE2: 7048446.00 | AF2: 5543196.00 | AG2: 5543196.00 | AH2: 5543196.00 | AI2: 7886063.13 | AJ2: 43056.23
A3: 202505 | B3: A | C3: 3 | D3: 6346190.00 | E3: 6359939.00 | F3: 6381708.00 | G3: 6381708.00 | H3: 6696677.00 | I3: 8008940.00 | J3: 5417301.00 | K3: 5363136.00 | L3: 5243232.00 | M3: 5249076.00 | N3: 5249076.00 | O3: 5257668.00 | P3: 5864927.00 | Q3: 5713884.00 | R3: 5700124.00 | S3: 5493048.00 | T3: 5493048.00 | U3: 5493048.00 | V3: 5445753.00 | W3: 5438368.00 | X3: 5433008.00 | Y3: 5383803.00 | Z3: 5135085.00 | AA3: 5170416.00 | AB3: 5170416.00 | AC3: 5375722.00 | AD3: 5309001.00 | AE3: 5301032.00 | AF3: 5225078.00 | AG3: 5225078.00 | AH3: 5225078.00 | AI3: 5630663.48 | AJ3: 43056.23
A4: 202505 | B4: A | C4: 4 | D4: 3592653.00 | E4: 3603441.00 | F4: 3603441.00 | G4: 3603441.00 | H4: 3438490.00 | I4: 3611995.00 | J4: 3573832.00 | K4: 3660313.00 | L4: 3602557.00 | M4: 3602662.00 | N4: 3602662.00 | O4: 3602762.00 | P4: 3613248.00 | Q4: 3587858.00 | R4: 3468947.00 | S4: 3469753.00 | T4: 3469753.00 | U4: 3469753.00 | V4: 3469840.00 | W4: 3462629.00 | X4: 3384277.00 | Y4: 3367385.00 | Z4: 3297941.00 | AA4: 3297941.00 | AB4: 3297941.00 | AC4: 3089159.00 | AD4: 3126783.00 | AE4: 1504496.00 | AF4: 54178.00 | AG4: 54178.00 | AH4: 54178.00 | AI4: 3085112.48 | AJ4: 43056.23
A5: 202505 | B5: C | C5: 1 | D5: .00 | E5: .00 | F5: .00 | G5: .00 | H5: .00 | I5: .00 | J5: .00 | K5: .00 | L5: .00 | M5: .00 | N5: .00 | O5: .00 | P5: .00 | Q5: .00 | R5: .00 | S5: .00 | T5: .00 | U5: .00 | V5: .00 | W5: .00 | X5: .00 | Y5: .00 | Z5: .00 | AA5: .00 | AB5: .00 | AC5: .00 | AD5: .00 | AE5: .00 | AF5: .00 | AG5: .00 | AH5: .00 | AI5: .00 | AJ5: 43056.23
A6: 202505 | B6: C | C6: 3 | D6: .00 | E6: .00 | F6: .00 | G6: .00 | H6: .00 | I6: .00 | J6: .00 | K6: .00 | L6: .00 | M6: .00 | N6: .00 | O6: .00 | P6: .00 | Q6: .00 | R6: .00 | S6: .00 | T6: .00 | U6: .00 | V6: .00 | W6: .00 | X6: .00 | Y6: .00 | Z6: .00 | AA6: .00 | AB6: .00 | AC6: .00 | AD6: .00 | AE6: .00 | AF6: .00 | AG6: .00 | AH6: .00 | AI6: .00 | AJ6: 43056.23
A7: 202505 | B7: D | C7: 1 | D7: 1815285.00 | E7: 1834673.00 | F7: 1792821.00 | G7: 1792821.00 | H7: 1933945.00 | I7: 1938267.00 | J7: 1754019.00 | K7: 1743335.00 | L7: 1750941.00 | M7: 1744125.00 | N7: 1744125.00 | O7: 1743153.00 | P7: 1755930.00 | Q7: 2952221.00 | R7: 2792471.00 | S7: 4076022.00 | T7: 4052412.00 | U7: 4052412.00 | V7: 4073631.00 | W7: 5468026.00 | X7: 5466760.00 | Y7: 5482660.00 | Z7: 7112763.00 | AA7: 7108225.00 | AB7: 7108225.00 | AC7: 7131861.00 | AD7: 7164131.00 | AE7: 7073896.00 | AF7: 8233891.00 | AG7: 8233891.00 | AH7: 8233891.00 | AI7: 4166478.35 | AJ7: 43056.23
A8: 202505 | B8: E | C8: 1 | D8: .00 | E8: .00 | F8: .00 | G8: .00 | H8: .00 | I8: .00 | J8: .00 | K8: .00 | L8: .00 | M8: .00 | N8: .00 | O8: .00 | P8: .00 | Q8: .00 | R8: .00 | S8: .00 | T8: .00 | U8: .00 | V8: .00 | W8: .00 | X8: .00 | Y8: .00 | Z8: .00 | AA8: .00 | AB8: .00 | AC8: .00 | AD8: .00 | AE8: .00 | AF8: .00 | AG8: .00 | AH8: .00 | AI8: .00 | AJ8: 43056.23
A9: 202505 | B9: E | C9: 3 | D9: .00 | E9: .00 | F9: .00 | G9: .00 | H9: .00 | I9: .00 | J9: .00 | K9: .00 | L9: .00 | M9: .00 | N9: .00 | O9: .00 | P9: .00 | Q9: .00 | R9: .00 | S9: .00 | T9: .00 | U9: .00 | V9: .00 | W9: .00 | X9: .00 | Y9: .00 | Z9: .00 | AA9: .00 | AB9: .00 | AC9: .00 | AD9: .00 | AE9: .00 | AF9: .00 | AG9: .00 | AH9: .00 | AI9: .00 | AJ9: 43056.23
A10: 202505 | B10: F | C10: 1 | D10: .00 | E10: .00 | F10: .00 | G10: .00 | H10: .00 | I10: .00 | J10: .00 | K10: .00 | L10: .00 | M10: .00 | N10: .00 | O10: .00 | P10: .00 | Q10: .00 | R10: .00 | S10: .00 | T10: .00 | U10: .00 | V10: .00 | W10: .00 | X10: .00 | Y10: .00 | Z10: .00 | AA10: .00 | AB10: .00 | AC10: .00 | AD10: .00 | AE10: .00 | AF10: .00 | AG10: .00 | AH10: .00 | AI10: .00 | AJ10: 43056.23
A11: 202505 | B11: F | C11: 3 | D11: .00 | E11: .00 | F11: .00 | G11: .00 | H11: .00 | I11: .00 | J11: 24192.00 | K11: 24192.00 | L11: 24192.00 | M11: 24192.00 | N11: 24192.00 | O11: 24192.00 | P11: 24192.00 | Q11: 24192.00 | R11: 24192.00 | S11: 24192.00 | T11: 24192.00 | U11: 24192.00 | V11: 24192.00 | W11: 24192.00 | X11: 24192.00 | Y11: 24192.00 | Z11: 24192.00 | AA11: 24192.00 | AB11: 24192.00 | AC11: 24192.00 | AD11: 24192.00 | AE11: 24192.00 | AF11: 24192.00 | AG11: 24192.00 | AH11: 24192.00 | AI11: 19509.68 | AJ11: 43056.23
A12: 202505 | B12: H | C12: 3 | D12: .00 | E12: .00 | F12: .00 | G12: .00 | H12: .00 | I12: .00 | J12: .00 | K12: .00 | L12: .00 | M12: .00 | N12: .00 | O12: .00 | P12: .00 | Q12: .00 | R12: .00 | S12: .00 | T12: .00 | U12: .00 | V12: .00 | W12: .00 | X12: .00 | Y12: .00 | Z12: .00 | AA12: .00 | AB12: .00 | AC12: .00 | AD12: .00 | AE12: .00 | AF12: .00 | AG12: .00 | AH12: .00 | AI12: .00 | AJ12: 43056.23
A13: 202505 | B13: J | C13: 3 | D13: .00 | E13: .00 | F13: .00 | G13: .00 | H13: .00 | I13: .00 | J13: .00 | K13: .00 | L13: .00 | M13: .00 | N13: .00 | O13: .00 | P13: .00 | Q13: .00 | R13: .00 | S13: .00 | T13: .00 | U13: .00 | V13: .00 | W13: .00 | X13: .00 | Y13: .00 | Z13: .00 | AA13: .00 | AB13: .00 | AC13: .00 | AD13: .00 | AE13: .00 | AF13: .00 | AG13: .00 | AH13: .00 | AI13: .00 | AJ13: 43056.23
... A21: 202505 | B21: V | C21: 3 | D21: 1968.00 | E21: .00 | F21: .00 | G21: .00 | H21: .00 | I21: .00 | J21: .00 | K21: .00 | L21: .00 | M21: .00 | N21: .00 | O21: .00 | P21: .00 | Q21: .00 | R21: .00 | S21: .00 | T21: .00 | U21: .00 | V21: .00 | W21: .00 | X21: .00 | Y21: .00 | Z21: .00 | AA21: .00 | AB21: .00 | AC21: .00 | AD21: .00 | AE21: .00 | AF21: .00 | AG21: .00 | AH21: .00 | AI21: 63.48 | AJ21: 43056.23

Sheet 月庫存金額
A1: YY | B1: FRCD | C1: MONTH01 | D1: MONTH02 | E1: MONTH03 | F1: MONTH04 | G1: MONTH05 | H1: MONTH06 | I1: MONTH07 | J1: MONTH08 | K1: MONTH09 | L1: MONTH10 | M1: MONTH11 | N1: MONTH12 | O1: AVGAMT | P1: MONTH01E | Q1: MONTH02E | R1: MONTH03E | S1: MONTH04E | T1: MONTH05E | U1: MONTH06E | V1: MONTH07E | W1: MONTH08E | X1: MONTH09E | Y1: MONTH10E | Z1: MONTH11E | AA1: MONTH12E | AB1: AVGAMTE
A2: 2025 | B2: 01-A | C2: 292895572.45 | D2: 294277850.14 | E2: 303547104.61 | F2: 305015691.73 | G2: .00 | H2: .00 | I2: .00 | J2: .00 | K2: .00 | L2: .00 | M2: .00 | N2: .00 | O2: 298934055.00 | P2: 301522048.00 | Q2: 312011790.00 | R2: 307804297.00 | S2: 311952904.00 | T2: .00 | U2: .00 | V2: .00 | W2: .00 | X2: .00 | Y2: .00 | Z2: .00 | AA2: .00 | AB2: 308322760.00 | AC2: 43045.23
A3: 2025 | B3: 02-D | C3: 213813987.06 | D3: 216421676.39 | E3: 230735445.39 | F3: 242111303.37 | G3: .00 | H3: .00 | I3: .00 | J3: .00 | K3: .00 | L3: .00 | M3: .00 | N3: .00 | O3: 225770603.00 | P3: 217348722.00 | Q3: 229286452.00 | R3: 234536820.00 | S3: 249410081.00 | T3: .00 | U3: .00 | V3: .00 | W3: .00 | X3: .00 | Y3: .00 | Z3: .00 | AA3: .00 | AB3: 232645519.00 | AC3: 43045.23
A4: 2025 | B4: 03-J | C4: 6894022.48 | D4: 7273219.50 | E4: 6022622.23 | F4: 6246401.67 | G4: .00 | H4: .00 | I4: .00 | J4: .00 | K4: .00 | L4: .00 | M4: .00 | N4: .00 | O4: 6609067.00 | P4: 11731801.00 | Q4: 6677578.00 | R4: 7953023.00 | S4: 6400194.00 | T4: .00 | U4: .00 | V4: .00 | W4: .00 | X4: .00 | Y4: .00 | Z4: .00 | AA4: .00 | AB4: 8190649.00 | AC4: 43045.23
A5: 2025 | B5: 04-O | C5: 11103888.48 | D5: 10717600.11 | E5: 7939466.94 | F5: 7405026.60 | G5: .00 | H5: .00 | I5: .00 | J5: .00 | K5: .00 | L5: .00 | M5: .00 | N5: .00 | O5: 9291496.00 | P5: 11043043.00 | Q5: 11016551.00 | R5: 6604155.00 | S5: 6800876.00 | T5: .00 | U5: .00 | V5: .00 | W5: .00 | X5: .00 | Y5: .00 | Z5: .00 | AA5: .00 | AB5: 8866156.00 | AC5: 43045.23
A6: 2025 | B6: 05-N | C6: 21593172.87 | D6: 19382073.82 | E6: 19671570.68 | F6: 18629028.17 | G6: .00 | H6: .00 | I6: .00 | J6: .00 | K6: .00 | L6: .00 | M6: .00 | N6: .00 | O6: 19818962.00 | P6: 18962815.00 | Q6: 23106428.00 | R6: 21071693.00 | S6: 21065273.00 | T6: .00 | U6: .00 | V6: .00 | W6: .00 | X6: .00 | Y6: .00 | Z6: .00 | AA6: .00 | AB6: 21051552.00 | AC6: 43045.23
A7: 2025 | B7: 06-C | C7: .00 | D7: .00 | E7: .00 | F7: .00 | G7: .00 | H7: .00 | I7: .00 | J7: .00 | K7: .00 | L7: .00 | M7: .00 | N7: .00 | O7: .00 | P7: .00 | Q7: .00 | R7: .00 | S7: .00 | T7: .00 | U7: .00 | V7: .00 | W7: .00 | X7: .00 | Y7: .00 | Z7: .00 | AA7: .00 | AB7: .00 | AC7: 43045.23
A8: 2025 | B8: 07-H | C8: 9729574.06 | D8: 13250904.71 | E8: 11342667.68 | F8: 11143472.50 | G8: .00 | H8: .00 | I8: .00 | J8: .00 | K8: .00 | L8: .00 | M8: .00 | N8: .00 | O8: 11366655.00 | P8: 11220240.00 | Q8: 19113676.00 | R8: 13631227.00 | S8: 22844347.00 | T8: .00 | U8: .00 | V8: .00 | W8: .00 | X8: .00 | Y8: .00 | Z8: .00 | AA8: .00 | AB8: 16702373.00 | AC8: 43045.23
A9: 2025 | B9: 08-E | C9: .00 | D9: .00 | E9: .00 | F9: .00 | G9: .00 | H9: .00 | I9: .00 | J9: .00 | K9: .00 | L9: .00 | M9: .00 | N9: .00 | O9: .00 | P9: .00 | Q9: .00 | R9: .00 | S9: .00 | T9: .00 | U9: .00 | V9: .00 | W9: .00 | X9: .00 | Y9: .00 | Z9: .00 | AA9: .00 | AB9: .00 | AC9: 43045.23
A10: 2025 | B10: 09-F | C10: 1710555.94 | D10: 1534112.82 | E10: 1354194.52 | F10: 2181402.27 | G10: .00 | H10: .00 | I10: .00 | J10: .00 | K10: .00 | L10: .00 | M10: .00 | N10: .00 | O10: 1695067.00 | P10: 1745249.00 | Q10: 1677636.00 | R10: 1480486.00 | S10: 2642042.00 | T10: .00 | U10: .00 | V10: .00 | W10: .00 | X10: .00 | Y10: .00 | Z10: .00 | AA10: .00 | AB10: 1886353.00 | AC10: 43045.23
A11: 2025 | B11: 10-P | C11: 106839.00 | D11: 106839.00 | E11: 97968.03 | F11: 94797.33 | G11: .00 | H11: .00 | I11: .00 | J11: .00 | K11: .00 | L11: .00 | M11: .00 | N11: .00 | O11: 101611.00 | P11: 106839.00 | Q11: 106839.00 | R11: 93089.00 | S11: 91839.00 | T11: .00 | U11: .00 | V11: .00 | W11: .00 | X11: .00 | Y11: .00 | Z11: .00 | AA11: .00 | AB11: 99652.00 | AC11: 43045.23
A12: 2025 | B12: 11-G | C12: .00 | D12: .00 | E12: .00 | F12: .00 | G12: .00 | H12: .00 | I12: .00 | J12: .00 | K12: .00 | L12: .00 | M12: .00 | N12: .00 | O12: .00 | P12: .00 | Q12: .00 | R12: .00 | S12: .00 | T12: .00 | U12: .00 | V12: .00 | W12: .00 | X12: .00 | Y12: .00 | Z12: .00 | AA12: .00 | AB12: .00 | AC12: 43045.23
A13: 2025 | B13: 12-M | C13: 2731882.90 | D13: 2401477.71 | E13: 1864895.61 | F13: 1992262.87 | G13: .00 | H13: .00 | I13: .00 | J13: .00 | K13: .00 | L13: .00 | M13: .00 | N13: .00 | O13: 2247630.00 | P13: 4434328.00 | Q13: 2190434.00 | R13: 2572318.00 | S13: 1381676.00 | T13: .00 | U13: .00 | V13: .00 | W13: .00 | X13: .00 | Y13: .00 | Z13: .00 | AA13: .00 | AB13: 2644689.00 | AC13: 43045.23
... A26: 2025 | B26: 27-7 | C26: 4444644.09 | D26: 5507793.46 | E26: 5928979.93 | F26: 7326142.47 | G26: .00 | H26: .00 | I26: .00 | J26: .00 | K26: .00 | L26: .00 | M26: .00 | N26: .00 | O26: 5801890.00 | P26: 4802566.00 | Q26: 5405462.00 | R26: 6546163.00 | S26: 7753957.00 | T26: .00 | U26: .00 | V26: .00 | W26: .00 | X26: .00 | Y26: .00 | Z26: .00 | AA26: .00 | AB26: 6127037.00 | AC26: 43045.23
AC27: 43045.23
AC28: 43045.23

Sheet 月供應率ALL
A1: YY | B1: FRCD | C1: MONTH01 | D1: MONTH02 | E1: MONTH03 | F1: MONTH04 | G1: MONTH05 | H1: MONTH06 | I1: MONTH07 | J1: MONTH08 | K1: MONTH09 | L1: MONTH10 | M1: MONTH11 | N1: MONTH12 | O1: AVGSR
A2: 2025 | B2: 01-A | C2: 98.2 | D2: 98 | E2: 98.5 | F2: 98.5 | G2: 0 | H2: 0 | I2: 0 | J2: 0 | K2: 0 | L2: 0 | M2: 0 | N2: 0 | O2: 98.3
A3: 2025 | B3: 02-D | C3: 97.7 | D3: 98.1 | E3: 98.4 | F3: 98.6 | G3: 0 | H3: 0 | I3: 0 | J3: 0 | K3: 0 | L3: 0 | M3: 0 | N3: 0 | O3: 98.2
A4: 2025 | B4: 03-J | C4: 99.1 | D4: 99.9 | E4: 100 | F4: 100 | G4: 0 | H4: 0 | I4: 0 | J4: 0 | K4: 0 | L4: 0 | M4: 0 | N4: 0 | O4: 99.7
A5: 2025 | B5: 04-O | C5: 87.1 | D5: 91.1 | E5: 97.9 | F5: 93.5 | G5: 0 | H5: 0 | I5: 0 | J5: 0 | K5: 0 | L5: 0 | M5: 0 | N5: 0 | O5: 92.4
A6: 2025 | B6: 05-N | C6: 99.7 | D6: 99.2 | E6: 99.5 | F6: 99.3 | G6: 0 | H6: 0 | I6: 0 | J6: 0 | K6: 0 | L6: 0 | M6: 0 | N6: 0 | O6: 99.4
A7: 2025 | B7: 06-C | C7: 0 | D7: 0 | E7: 0 | F7: 0 | G7: 0 | H7: 0 | I7: 0 | J7: 0 | K7: 0 | L7: 0 | M7: 0 | N7: 0 | O7: 0
A8: 2025 | B8: 07-H | C8: 98 | D8: 98.5 | E8: 98.8 | F8: 98.9 | G8: 0 | H8: 0 | I8: 0 | J8: 0 | K8: 0 | L8: 0 | M8: 0 | N8: 0 | O8: 98.5
A9: 2025 | B9: 08-Z | C9: 98.6 | D9: 94.7 | E9: 91.2 | F9: 99.7 | G9: 0 | H9: 0 | I9: 0 | J9: 0 | K9: 0 | L9: 0 | M9: 0 | N9: 0 | O9: 96
A10: 2025 | B10: 09-@ | C10: 98.3 | D10: 98.1 | E10: 98.5 | F10: 98.6 | G10: 0 | H10: 0 | I10: 0 | J10: 0 | K10: 0 | L10: 0 | M10: 0 | N10: 0 | O10: 98.3
A11: 2025 | B11: 10-M | C11: 96 | D11: 99.6 | E11: 100 | F11: 100 | G11: 0 | H11: 0 | I11: 0 | J11: 0 | K11: 0 | L11: 0 | M11: 0 | N11: 0 | O11: 98.9
A12: 2025 | B12: 11-S | C12: 95 | D12: 96 | E12: 96.5 | F12: 97.7 | G12: 0 | H12: 0 | I12: 0 | J12: 0 | K12: 0 | L12: 0 | M12: 0 | N12: 0 | O12: 96.3
... A23: 2025 | B23: 23-6 | C23: 94.7 | D23: 94.7 | E23: 94.4 | F23: 95.9 | G23: 0 | H23: 0 | I23: 0 | J23: 0 | K23: 0 | L23: 0 | M23: 0 | N23: 0 | O23: 94.9

Sheet 月供應率
A1: YY | B1: FRCD | C1: IMPCD | D1: MONTH01 | E1: MONTH02 | F1: MONTH03 | G1: MONTH04 | H1: MONTH05 | I1: MONTH06 | J1: MONTH07 | K1: MONTH08 | L1: MONTH09 | M1: MONTH10 | N1: MONTH11 | O1: MONTH12 | P1: AVGSR
A2: 2025 | B2: 01-A | C2: 1 | D2: 98.1 | E2: 97.8 | F2: 98.6 | G2: 98.7 | H2: 0 | I2: 0 | J2: 0 | K2: 0 | L2: 0 | M2: 0 | N2: 0 | O2: 0 | P2: 98.3 | Q2: 43045.23
A3: 2025 | B3: 01-A | C3: 3 | D3: 98.4 | E3: 98.4 | F3: 98.6 | G3: 98.7 | H3: 0 | I3: 0 | J3: 0 | K3: 0 | L3: 0 | M3: 0 | N3: 0 | O3: 0 | P3: 98.5 | Q3: 43045.23
A4: 2025 | B4: 01-A | C4: 4 | D4: 99.3 | E4: 99.3 | F4: 99.4 | G4: 99.4 | H4: 0 | I4: 0 | J4: 0 | K4: 0 | L4: 0 | M4: 0 | N4: 0 | O4: 0 | P4: 99.3 | Q4: 43045.23
A5: 2025 | B5: 01-A | C5: ALL | D5: 98.3 | E5: 98.2 | F5: 98.7 | G5: 98.7 | H5: 0 | I5: 0 | J5: 0 | K5: 0 | L5: 0 | M5: 0 | N5: 0 | O5: 0 | P5: 98.5 | Q5: 43045.23
A6: 2025 | B6: 02-D | C6: ALL | D6: 98.2 | E6: 98.7 | F6: 99 | G6: 99.2 | H6: 0 | I6: 0 | J6: 0 | K6: 0 | L6: 0 | M6: 0 | N6: 0 | O6: 0 | P6: 98.8 | Q6: 43045.23
A7: 2025 | B7: 03-J | C7: ALL | D7: 99.2 | E7: 99.9 | F7: 99.9 | G7: 99.9 | H7: 0 | I7: 0 | J7: 0 | K7: 0 | L7: 0 | M7: 0 | N7: 0 | O7: 0 | P7: 99.7 | Q7: 43045.23
A8: 2025 | B8: 04-O | C8: ALL | D8: 84.5 | E8: 93.9 | F8: 92 | G8: 85.9 | H8: 0 | I8: 0 | J8: 0 | K8: 0 | L8: 0 | M8: 0 | N8: 0 | O8: 0 | P8: 89.1 | Q8: 43045.23
A9: 2025 | B9: 05-N | C9: ALL | D9: 99.7 | E9: 99.2 | F9: 99.5 | G9: 99.3 | H9: 0 | I9: 0 | J9: 0 | K9: 0 | L9: 0 | M9: 0 | N9: 0 | O9: 0 | P9: 99.4 | Q9: 43045.23
A10: 2025 | B10: 06-C | C10: ALL | D10: 0 | E10: 0 | F10: 0 | G10: 0 | H10: 0 | I10: 0 | J10: 0 | K10: 0 | L10: 0 | M10: 0 | N10: 0 | O10: 0 | P10: 0 | Q10: 43045.23
A11: 2025 | B11: 07-H | C11: ALL | D11: 98 | E11: 98.5 | F11: 98.8 | G11: 98.9 | H11: 0 | I11: 0 | J11: 0 | K11: 0 | L11: 0 | M11: 0 | N11: 0 | O11: 0 | P11: 98.6 | Q11: 43045.23
A12: 2025 | B12: 10-M | C12: ALL | D12: 95.9 | E12: 99.5 | F12: 100 | G12: 100 | H12: 0 | I12: 0 | J12: 0 | K12: 0 | L12: 0 | M12: 0 | N12: 0 | O12: 0 | P12: 98.8 | Q12: 43045.23
A13: 2025 | B13: 11-S | C13: ALL | D13: 95.2 | E13: 92.6 | F13: 97 | G13: 98.9 | H13: 0 | I13: 0 | J13: 0 | K13: 0 | L13: 0 | M13: 0 | N13: 0 | O13: 0 | P13: 95.9 | Q13: 43045.23
... A21: 2025 | B21: 20-7 | C21: ALL | D21: 0 | E21: 0 | F21: 0 | G21: 0 | H21: 0 | I21: 0 | J21: 0 | K21: 0 | L21: 0 | M21: 0 | N21: 0 | O21: 0 | P21: 0 | Q21: 43045.23
A22: 2025 | B22: 21-6 | C22: ALL | D22: 96 | E22: 96.2 | F22: 95.8 | G22: 96.9 | H22: 0 | I22: 0 | J22: 0 | K22: 0 | L22: 0 | M22: 0 | N22: 0 | O22: 0 | P22: 96.2

Sheet 月點數BO
A1: YY | B1: FRCD | C1: MONTH01 | D1: MONTH02 | E1: MONTH03 | F1: MONTH04 | G1: MONTH05 | H1: MONTH06 | I1: MONTH07 | J1: MONTH08 | K1: MONTH09 | L1: MONTH10 | M1: MONTH11 | N1: MONTH12 | O1: AVGITEMS
A2: 2025 | B2: 01-A | C2: 4435 | D2: 5186 | E2: 4253 | F2: 3663 | G2: 0 | H2: 0 | I2: 0 | J2: 0 | K2: 0 | L2: 0 | M2: 0 | N2: 0 | O2: 4384
A3: 2025 | B3: 02-D | C3: 884 | D3: 782 | E3: 727 | F3: 575 | G3: 0 | H3: 0 | I3: 0 | J3: 0 | K3: 0 | L3: 0 | M3: 0 | N3: 0 | O3: 742
A4: 2025 | B4: 03-J | C4: 101 | D4: 5 | E4: 3 | F4: 5 | G4: 0 | H4: 0 | I4: 0 | J4: 0 | K4: 0 | L4: 0 | M4: 0 | N4: 0 | O4: 29
A5: 2025 | B5: 04-O | C5: 44 | D5: 20 | E5: 18 | F5: 37 | G5: 0 | H5: 0 | I5: 0 | J5: 0 | K5: 0 | L5: 0 | M5: 0 | N5: 0 | O5: 30
A6: 2025 | B6: 05-N | C6: 143 | D6: 330 | E6: 239 | F6: 315 | G6: 0 | H6: 0 | I6: 0 | J6: 0 | K6: 0 | L6: 0 | M6: 0 | N6: 0 | O6: 257
A7: 2025 | B7: 06-C | C7: 0 | D7: 0 | E7: 0 | F7: 0 | G7: 0 | H7: 0 | I7: 0 | J7: 0 | K7: 0 | L7: 0 | M7: 0 | N7: 0 | O7: 0
A8: 2025 | B8: 07-H | C8: 239 | D8: 127 | E8: 140 | F8: 101 | G8: 0 | H8: 0 | I8: 0 | J8: 0 | K8: 0 | L8: 0 | M8: 0 | N8: 0 | O8: 152
A9: 2025 | B9: 08-Z | C9: 2 | D9: 9 | E9: 26 | F9: 1 | G9: 0 | H9: 0 | I9: 0 | J9: 0 | K9: 0 | L9: 0 | M9: 0 | N9: 0 | O9: 10
A10: 2025 | B10: 10-M | C10: 26 | D10: 2 | E10: 0 | F10: 0 | G10: 0 | H10: 0 | I10: 0 | J10: 0 | K10: 0 | L10: 0 | M10: 0 | N10: 0 | O10: 7
A11: 2025 | B11: 11-S | C11: 21 | D11: 17 | E11: 30 | F11: 27 | G11: 0 | H11: 0 | I11: 0 | J11: 0 | K11: 0 | L11: 0 | M11: 0 | N11: 0 | O11: 24
A12: 2025 | B12: 12-V | C12: 260 | D12: 350 | E12: 394 | F12: 246 | G12: 0 | H12: 0 | I12: 0 | J12: 0 | K12: 0 | L12: 0 | M12: 0 | N12: 0 | O12: 313
... A20: 2025 | B20: 21-6 | C20: 570 | D20: 546 | E20: 665 | F20: 434 | G20: 0 | H20: 0 | I20: 0 | J20: 0 | K20: 0 | L20: 0 | M20: 0 | N20: 0 | O20: 554
