Workbook

Sheet 2025年
A1: 2025年零件部楊梅配銷室月報
A2: 項目 | E2: 當月目標 | F2: 當月達成率 | G2: 1月 | H2: 2月 | I2: 3月 | J2: 4月 | K2: 5月 | L2: 6月 | M2: 7月 | N2: 8月 | O2: 9月 | P2: 10月 | Q2: 11月 | R2: 12月 | S2: 平均累計 | T2: 累計達成率 | Y2: 12
A3: 材敏現場人員數 | E3: --- | F3: --- | G3: 98 | H3: 96 | I3: 96 | J3: 93 | K3: 93 | L3: 96 | M3: 105 | N3: 101 | O3: 102 | P3: 100 | Q3: 106 | R3: 110 | S3: =AVERAGE(G3:R3) -> 99.666667 | T3: --- | U3: 材敏大物25--鈞傑/鈞凱+(進貨17+出貨29)--小鳳+P9(27)
A4: 作業量 | B4: 進貨 | C4: 點數 | E4: --- | F4: --- | G4: ='進貨點數(同期比)'!B53 -> 129842 | H4: ='進貨點數(同期比)'!C53 -> 102438 | I4: ='進貨點數(同期比)'!D53 -> 99561 | J4: ='進貨點數(同期比)'!E53 -> 103426 | K4: ='進貨點數(同期比)'!F53 -> 75605 | L4: ='進貨點數(同期比)'!G53 -> 102232 | M4: ='進貨點數(同期比)'!H53 -> 98650 | N4: ='進貨點數(同期比)'!I53 -> 95964 | ... R4: ='進貨點數(同期比)'!M53 -> 100688 | S4: =AVERAGE(G4:R4) -> 100304.75 | T4: --- | U4: 參考p7
D5: 同期比 | G5: ='進貨點數(同期比)'!B55 -> 1.1711721 | H5: ='進貨點數(同期比)'!C55 -> 1.3315742 | I5: ='進貨點數(同期比)'!D55 -> 1.1038784 | J5: ='進貨點數(同期比)'!E55 -> 1.0694558 | K5: ='進貨點數(同期比)'!F55 -> 0.80586881 | L5: ='進貨點數(同期比)'!G55 -> 1.0862802 | M5: ='進貨點數(同期比)'!H55 -> 0.97809814 | N5: ='進貨點數(同期比)'!I55 -> 1.0350317 | ... R5: ='進貨點數(同期比)'!M55 -> 0.8812954 | S5: =AVERAGE(G5:R5) -> 1.0364934 | U5: 參考進貨點數(同期比)
C6: PCS數 | E6: --- | F6: --- | G6: ='進貨點數(同期比)'!B54 -> 1492848 | H6: ='進貨點數(同期比)'!C54 -> 1547363 | I6: ='進貨點數(同期比)'!D54 -> 1584863 | J6: ='進貨點數(同期比)'!E54 -> 1569348 | K6: ='進貨點數(同期比)'!F54 -> 1438634 | L6: ='進貨點數(同期比)'!G54 -> 1640073 | M6: ='進貨點數(同期比)'!H54 -> 1737019 | N6: ='進貨點數(同期比)'!I54 -> 1664088 | ... R6: ='進貨點數(同期比)'!M54 -> 1922967 | S6: =AVERAGE(G6:R6) -> 1673806.3 | T6: ---
D7: 同期比 | G7: ='進貨點數(同期比)'!B56 -> 0.88989724 | H7: ='進貨點數(同期比)'!C56 -> 1.2081345 | I7: ='進貨點數(同期比)'!D56 -> 1.0958612 | J7: ='進貨點數(同期比)'!E56 -> 1.0650132 | K7: ='進貨點數(同期比)'!F56 -> 0.97490423 | L7: ='進貨點數(同期比)'!G56 -> 1.1353821 | M7: ='進貨點數(同期比)'!H56 -> 1.0309287 | N7: ='進貨點數(同期比)'!I56 -> 1.1208191 | ... R7: ='進貨點數(同期比)'!M56 -> 1.0802014 | S7: =AVERAGE(G7:R7) -> 1.096287
C8: 加班時數 | E8: --- | F8: --- | G8: =加班時數!B7 -> 298.9 | H8: =加班時數!C7 -> 365.7 | I8: =加班時數!D7 -> 297.3 | J8: =加班時數!E7 -> 266.8 | K8: =加班時數!F7 -> 234.8 | L8: =加班時數!G7 -> 433.3 | M8: =加班時數!H7 -> 546.7 | N8: =加班時數!I7 -> 390.2 | ... R8: =加班時數!M7 -> 232.1 | S8: =AVERAGE(G8:R8) -> 380.33333 | U8: I:\3楊梅配銷室\06.共同事務\A.月報\106年\月報新版共二頁-2017年材敏加班統計，加班合計
B9: 出貨 | C9: 點數 | E9: --- | F9: --- | G9: ='出貨點數(其他附件)'!B215 -> 339138 | H9: ='出貨點數(其他附件)'!C215 -> 341523 | I9: ='出貨點數(其他附件)'!D215 -> 376721 | J9: ='出貨點數(其他附件)'!E215 -> 341179 | K9: ='出貨點數(其他附件)'!F215 -> 345170 | L9: ='出貨點數(其他附件)'!G215 -> 365956 | M9: ='出貨點數(其他附件)'!H215 -> 393712 | N9: ='出貨點數(其他附件)'!I215 -> 367245 | ... R9: ='出貨點數(其他附件)'!M215 -> 404546 | S9: =AVERAGE(G9:R9) -> 361595.25 | T9: --- | U9: 參考p1
D10: 同期比 | G10: ='出貨點數(其他附件)'!B216 -> 0.79919783 | H10: ='出貨點數(其他附件)'!C216 -> 1.1985997 | I10: ='出貨點數(其他附件)'!D216 -> 1.017964 | J10: ='出貨點數(其他附件)'!E216 -> 1.0032493 | K10: ='出貨點數(其他附件)'!F216 -> 0.95810827 | L10: ='出貨點數(其他附件)'!G216 -> 1.0851243 | M10: ='出貨點數(其他附件)'!H216 -> 1.0252383 | N10: ='出貨點數(其他附件)'!I216 -> 0.96499941 | ... R10: ='出貨點數(其他附件)'!M216 -> 0.99791067 | S10: =AVERAGE(G10:R10) -> 1.0001284
C11: HF點數 | E11: --- | F11: --- | G11: 78287 | H11: 79015 | I11: 82801 | J11: 75333 | K11: 73855 | L11: 79081 | M11: 90281 | N11: 83916 | O11: 79688 | P11: 82371 | Q11: 78230 | R11: 99363 | S11: =AVERAGE(G11:R11) -> 81851.75 | U11: 參考p8 | V11: (台中倉全日出貨量DLR/HF+湖內副倉全日出貨量DLR/HF)-I數
C12: PCS數 | E12: --- | F12: --- | G12: ='出貨點數(其他附件)'!B234 -> 2533491 | H12: ='出貨點數(其他附件)'!C234 -> 2080755 | I12: ='出貨點數(其他附件)'!D234 -> 2480308 | J12: ='出貨點數(其他附件)'!E234 -> 2305800 | K12: ='出貨點數(其他附件)'!F234 -> 2427856 | L12: ='出貨點數(其他附件)'!G234 -> 2457339 | M12: ='出貨點數(其他附件)'!H234 -> 2652432 | N12: ='出貨點數(其他附件)'!I234 -> 2365728 | ... R12: ='出貨點數(其他附件)'!M234 -> 2769707 | S12: =AVERAGE(G12:R12) -> 2445731.1 | T12: --- | U12: 參考p1
D13: 同期比 | G13: ='出貨點數(其他附件)'!B235 -> 0.92004061 | H13: ='出貨點數(其他附件)'!C235 -> 1.1098141 | I13: ='出貨點數(其他附件)'!D235 -> 1.0096931 | J13: ='出貨點數(其他附件)'!E235 -> 1.0277572 | K13: ='出貨點數(其他附件)'!F235 -> 1.0022089 | L13: ='出貨點數(其他附件)'!G235 -> 1.0465232 | M13: ='出貨點數(其他附件)'!H235 -> 1.0403399 | N13: ='出貨點數(其他附件)'!I235 -> 0.96951933 | ... R13: ='出貨點數(其他附件)'!M235 -> 0.99400127 | S13: =AVERAGE(G13:R13) -> 1.017185
C14: HF PCS數 | E14: --- | F14: --- | G14: 549800 | H14: 431019 | I14: 488867 | J14: 424842 | K14: 445094 | L14: 475098 | M14: 496386 | N14: 432852 | O14: 448755 | P14: 487495 | Q14: 488841 | R14: 598700 | S14: =AVERAGE(G14:R14) -> 480645.75 | U14: 參考p8 | V14: (台中倉全日出貨量DLR/HF+湖內副倉全日出貨量DLR/HF)-PCS數
C15: 加班時數 | E15: --- | F15: --- | G15: =加班時數!B18 -> 792.1 | H15: =加班時數!C18 -> 411.5 | I15: =加班時數!D18 -> 710.4 | J15: =加班時數!E18 -> 635.1 | K15: =加班時數!F18 -> 612.3 | L15: =加班時數!G18 -> 609.8 | M15: =加班時數!H18 -> 416.4 | N15: =加班時數!I18 -> 709 | ... R15: =加班時數!M18 -> 1233 | S15: =AVERAGE(G15:R15) -> 744.875
B16: 優先開箱點數 | C16: 中小物 | E16: --- | F16: --- | G16: 797 | H16: 807 | I16: 1588 | J16: 561 | K16: 508 | L16: 763 | M16: 1065 | N16: 808 | O16: 868 | P16: 784 | Q16: 855 | R16: 913 | S16: =AVERAGE(G16:R16) -> 859.75 | T16: --- | U16: 抓QB
C17: 大物 | E17: --- | F17: --- | G17: 2157 | H17: 1542 | I17: 1241 | J17: 1866 | K17: 1032 | L17: 3456 | M17: 2688 | N17: 2395 | O17: 2177 | P17: 2353 | Q17: 2434 | R17: 1808 | S17: =AVERAGE(G17:R17) -> 2095.75 | T17: --- | U17: 慶林兄提供
B18: 包裝 | C18: 點數 | E18: --- | F18: --- | G18: 23959 | H18: 19984 | I18: 22267 | J18: 22159 | K18: 16404 | L18: 19244 | M18: 23324 | N18: 18160 | O18: 20841 | P18: 21404 | Q18: 21192 | R18: 20690 | S18: =AVERAGE(G18:R18) -> 20802.333 | T18: --- | U18: P9到貨
D19: 同期比 | G19: 0.90541153 | H19: 1.2221135 | I19: 1.0118144 | J19: 0.97397917 | K19: 0.74536532 | L19: 0.88514788 | M19: 0.92526182 | N19: 0.89581689 | O19: 0.88100271 | P19: 0.94419692 | Q19: 0.8134188 | R19: 0.82995708 | S19: =AVERAGE(G19:R19) -> 0.91945717
C20: PCS數 | E20: --- | F20: --- | G20: 165670 | H20: 125375 | I20: 135941 | J20: 153454 | K20: 123765 | L20: 131490 | M20: 149595 | N20: 153416 | O20: 122234 | P20: 134310 | Q20: 139087 | R20: 120887 | S20: =AVERAGE(G20:R20) -> 137935.33 | T20: ---
D21: 同期比 | G21: 0.79104813 | H21: 1.0401802 | I21: 0.86696513 | J21: 0.87537935 | K21: 0.90711532 | L21: 0.94874922 | M21: 0.79230443 | N21: 1.1260468 | O21: 0.76539283 | P21: 0.83271334 | Q21: 0.89770615 | R21: 0.82892427 | S21: =AVERAGE(G21:R21) -> 0.8893771
C22: 加班時數 | E22: --- | F22: --- | G22: =加班時數!B26 -> 840 | H22: =加班時數!C26 -> 493.5 | I22: =加班時數!D26 -> 424 | J22: =加班時數!E26 -> 720 | K22: =加班時數!F26 -> 419 | L22: =加班時數!G26 -> 641 | M22: =加班時數!H26 -> 713.7 | N22: =加班時數!I26 -> 1164.3 | ... R22: =加班時數!M26 -> 320.5 | S22: =AVERAGE(G22:R22) -> 623.16667 | U22: I:\3楊梅配銷室\06.共同事務\A.月報\106年\月報新版共二頁-2017年材敏加班統計, 加班合計
A23: 生產力 | B23: 進貨(i/hr) | E23: 36 | F23: =R23/E23 -> 1.1583333 | G23: 41.9 | H23: 43 | I23: 47.2 | J23: 47.6 | K23: 39.9 | L23: 48.7 | M23: 43.3 | N23: 46.1 | O23: 44.6 | P23: 49.1 | Q23: 47.3 | R23: 41.7 | S23: =AVERAGE(G23:R23) -> 45.033333 | T23: =S23/E23 -> 1.2509259
C24: 中小物(i/hr) | G24: 64.1 | H24: 67.6 | I24: 62.6 | J24: 62.6 | K24: 52.1 | L24: 63.6 | M24: 54.5 | N24: 61.3 | O24: 59.4 | P24: 66.8 | Q24: 64 | R24: 50.9
C25: 大物(i/hr) | G25: 19.3 | H25: 19.4 | I25: 26 | J25: 27.3 | K25: 21.9 | L25: 27.4 | M25: 25.6 | N25: 25.7 | O25: 24.4 | P25: 27.3 | Q25: 26 | R25: 27.6
B26: 出貨(i/hr) | E26: 63.6 | F26: =R26/E26 -> 1.0959119 | G26: 68.1 | H26: 64.6 | I26: 65.9 | J26: 63.6 | K26: 62.3 | L26: 65.9 | M26: 65.5 | N26: 63.7 | O26: 64.2 | P26: 72.1 | Q26: 65.8 | R26: 69.7 | S26: =AVERAGE(G26:R26) -> 65.95 | T26: =S26/E26 -> 1.0369497
C27: 中小物(i/hr) | G27: 82.4 | H27: 78.7 | I27: 75.2 | J27: 73.1 | K27: 78.7 | L27: 77.5 | M27: 81.5 | N27: 81.3 | O27: 81.7 | P27: 92.3 | Q27: 81.4 | R27: 85.5
C28: 大物(i/hr) | G28: 44.1 | H28: 41.2 | I28: 47.7 | J28: 45.3 | K28: 38.1 | L28: 45 | M28: 41.1 | N28: 38.4 | O28: 39.4 | P28: 44 | Q28: 43.4 | R28: 46
B29: 包裝(i/hr) | E29: 138 | F29: =R29/E29 -> 1.0103623 | G29: 141.27 | H29: 141.78 | I29: 140.94 | J29: 141.09 | K29: 140.03 | L29: 140.35 | M29: 139.5 | N29: 140.8 | O29: 140.36 | P29: 139.63 | Q29: 140.96 | R29: 139.43 | S29: =AVERAGE(G29:R29) -> 140.51167 | T29: =S29/E29 -> 1.0182005 | U29: P9
A30: 品質 | B30: 出貨品質 | C30: 誤品(ppm) | E30: 9 | F30: =E30/R30 -> 3.6 | G30: 5.9 | H30: 8.8 | I30: 10.6 | J30: 5.9 | K30: 17.4 | L30: 2.7 | M30: 0 | N30: 2.7 | O30: 2.8 | P30: 2.8 | Q30: 8.7 | R30: 2.5 | S30: =AVERAGE(G30:R31) -> 5.9 | T30: =E30/S30 -> 1.5254237
C31: 欠品(ppm) | F31: =E31/K31 -> #DIV/0! | U31: P3
C32: 損品(ppm) | E32: 8 | F32: =IF(R32=0,"-",E32/R32) -> - | G32: 0 | H32: 0 | I32: 0 | J32: 0 | K32: 0 | L32: 0 | M32: 0 | N32: 0 | O32: 0 | P32: 0 | Q32: 0 | R32: 0 | S32: =AVERAGE(G32:R32) -> 0 | T32: 1
C33: 包裝(ppm) | E33: 103 | F33: =IF(R33=0,"-",E33/R33) -> 0.91150442 | G33: 136 | H33: 132 | I33: 244 | J33: 264 | K33: 120 | L33: 103 | M33: 179 | N33: 193 | O33: 174 | P33: 171 | Q33: 139 | R33: 113 | S33: =AVERAGE(G33:R33) -> 164 | T33: =E33/S33 -> 0.62804878 | U33: P9
B34: 配送品質-準時率 | E34: 98 | F34: =R34/E34 -> 1 | G34: 98 | H34: 98 | I34: 98 | J34: 98 | K34: 98 | L34: 98 | M34: 98 | N34: 98 | O34: 98 | P34: 98 | Q34: 98 | R34: 98 | S34: =AVERAGE(G34:R34) -> 98 | T34: =S34/E34 -> 1 | U34: P8
A35: 包材回收 | B35: 重量 (公斤) | C35: 國內 | E35: --- | F35: --- | G35: ='包材回收(同期比)'!D91 -> 3049 | H35: ='包材回收(同期比)'!E91 -> 3344 | I35: ='包材回收(同期比)'!F91 -> 3925 | J35: ='包材回收(同期比)'!G91 -> 3494 | K35: ='包材回收(同期比)'!H91 -> 3212 | L35: ='包材回收(同期比)'!I91 -> 3261 | M35: ='包材回收(同期比)'!J91 -> 3267 | N35: ='包材回收(同期比)'!K91 -> 2520 | ... R35: ='包材回收(同期比)'!O91 -> 2603 | S35: =AVERAGE(G35:R35) -> 3014.6667 | T35: --- | U35: I:\3楊梅配銷室\06.共同事務-楊配室KPI匯整
C36: 國外 | E36: --- | F36: --- | G36: ='包材回收(同期比)'!D92 -> 14198 | H36: ='包材回收(同期比)'!E92 -> 22052 | I36: ='包材回收(同期比)'!F92 -> 23449 | J36: ='包材回收(同期比)'!G92 -> 27357.5 | K36: ='包材回收(同期比)'!H92 -> 18891 | L36: ='包材回收(同期比)'!I92 -> 29006 | M36: ='包材回收(同期比)'!J92 -> 23905 | N36: ='包材回收(同期比)'!K92 -> 12130 | ... R36: ='包材回收(同期比)'!O92 -> 19024 | S36: =AVERAGE(G36:R36) -> 20764.542 | T36: ---
C37: 合計 | E37: 28810.5 | F37: =R37/E37 -> 0.75066382 | G37: =G35+G36 -> 17247 | H37: =H35+H36 -> 25396 | I37: =I35+I36 -> 27374 | J37: =J35+J36 -> 30851.5 | K37: =K35+K36 -> 22103 | L37: =L35+L36 -> 32267 | M37: =M35+M36 -> 27172 | N37: =N35+N36 -> 14650 | ... R37: =R35+R36 -> 21627 | S37: =AVERAGE(G37:R37) -> 23779.208 | T37: ---
C38: 同期比 | E38: --- | F38: --- | G38: ='包材回收(同期比)'!D94 -> 0.4862556 | H38: ='包材回收(同期比)'!E94 -> 1.4146613 | I38: ='包材回收(同期比)'!F94 -> 0.82588626 | J38: ='包材回收(同期比)'!G94 -> 1.1633734 | K38: ='包材回收(同期比)'!H94 -> 0.78835111 | L38: ='包材回收(同期比)'!I94 -> 1.0247721 | M38: ='包材回收(同期比)'!J94 -> 0.93842169 | N38: ='包材回收(同期比)'!K94 -> 0.6292685 | ... R38: ='包材回收(同期比)'!O94 -> 0.80550486 | S38: =AVERAGE(G38:R38) -> 0.88029954
B39: 金額 (萬元) | C39: 國內 | E39: --- | F39: --- | G39: ='包材回收(同期比)'!D95 -> 13.7 | H39: ='包材回收(同期比)'!E95 -> 15.6 | I39: ='包材回收(同期比)'!F95 -> 18 | J39: ='包材回收(同期比)'!G95 -> 16.1 | K39: ='包材回收(同期比)'!H95 -> 14.9 | L39: ='包材回收(同期比)'!I95 -> 15.3 | M39: ='包材回收(同期比)'!J95 -> 15.2 | N39: ='包材回收(同期比)'!K95 -> 11.7 | ... R39: ='包材回收(同期比)'!O95 -> 11.9 | S39: =AVERAGE(G39:R39) -> 13.925 | T39: ---
C40: 國外 | E40: --- | F40: --- | G40: ='包材回收(同期比)'!D96 -> 47.5 | H40: ='包材回收(同期比)'!E96 -> 89.7 | I40: ='包材回收(同期比)'!F96 -> 96 | J40: ='包材回收(同期比)'!G96 -> 143.5 | K40: ='包材回收(同期比)'!H96 -> 84.3 | L40: ='包材回收(同期比)'!I96 -> 146.8 | M40: ='包材回收(同期比)'!J96 -> 123.1 | N40: ='包材回收(同期比)'!K96 -> 53.9 | ... R40: ='包材回收(同期比)'!O96 -> 79.3 | S40: =AVERAGE(G40:R40) -> 92.508333 | T40: ---
C41: 合計 | E41: 120.1 | F41: =R41/E41 -> 0.75936719 | G41: =G39+G40 -> 61.2 | H41: =H39+H40 -> 105.3 | I41: =I39+I40 -> 114 | J41: =J39+J40 -> 159.6 | K41: =K39+K40 -> 99.2 | L41: =L39+L40 -> 162.1 | M41: =M39+M40 -> 138.3 | N41: =N39+N40 -> 65.6 | ... R41: =R39+R40 -> 91.2 | S41: =AVERAGE(G41:R41) -> 106.43333 | T41: ---
C42: 同期比 | E42: --- | F42: --- | G42: ='包材回收(同期比)'!D98 -> 0.42689732 | H42: ='包材回收(同期比)'!E98 -> 1.3837057 | I42: ='包材回收(同期比)'!F98 -> 0.79387187 | J42: ='包材回收(同期比)'!G98 -> 1.4352518 | K42: ='包材回收(同期比)'!H98 -> 0.91009174 | L42: ='包材回收(同期比)'!I98 -> 1.1875458 | M42: ='包材回收(同期比)'!J98 -> 1.279371 | N42: ='包材回收(同期比)'!K98 -> 0.71226927 | ... R42: ='包材回收(同期比)'!O98 -> 0.94409938 | S42: =AVERAGE(G42:R42) -> 0.98502053
A43: 增援運費 | B43: 金額 (仟元) | C43: DLR(北區) | E43: 170.8005 | F43: =E46/R46 -> 0.86105773 | G43: 217 | H43: 213 | I43: 164 | J43: 179 | K43: 115 | L43: 230 | M43: 191 | N43: 223 | O43: 133 | P43: 233 | Q43: 287 | R43: 315 | S43: =AVERAGE(G43:R43) -> 208.33333 | T43: --- | U43: 台數:楊配室KPI匯總，DLR增援車P14-1(增下據點+增援車費)
C44: SDTC | E44: 314.13054 | G44: 259 | H44: 234 | I44: 253 | J44: 234 | K44: 236 | L44: 230 | M44: 248 | N44: 318 | O44: 223 | P44: 225 | Q44: 238 | R44: 306 | S44: =AVERAGE(G44:R44) -> 250.33333 | T44: --- | U44: P14-2, 增援車金額:按上班天數-台中基本17噸/1台(7989元)，2台35噸(11406元/台)
C45: SDHN | E45: 314.13054 | G45: 259 | H45: 234 | I45: 253 | J45: 234 | K45: 236 | L45: 231 | M45: 248 | N45: 318 | O45: 224 | P45: 226 | Q45: 239 | R45: 307 | S45: =AVERAGE(G45:R45) -> 250.75 | T45: --- | U45: 仁武倉基本2台35噸(17618元/台)，17噸均為增援車11770元/台
B46: 合計 | E46: =E43+E44+E45 -> 799.06157 | G46: =SUM(G43:G45) -> 735 | H46: =SUM(H43:H45) -> 681 | I46: =SUM(I43:I45) -> 670 | J46: =SUM(J43:J45) -> 647 | K46: =SUM(K43:K45) -> 587 | L46: =SUM(L43:L45) -> 691 | M46: =SUM(M43:M45) -> 687 | N46: =SUM(N43:N45) -> 859 | ... R46: =SUM(R43:R45) -> 928 | S46: =AVERAGE(G46:R46) -> 709.41667 | T46: ---
B47: 同期比 | G47: --- | H47: --- | I47: --- | J47: --- | K47: --- | L47: --- | M47: --- | N47: --- | O47: --- | P47: --- | Q47: --- | S47: ---
A48: 庫位使用率 | B48: 中小物區 | C48: 積層區(A-D) | E48: 0.85 | F48: =R48/E48 -> 0.86067009 | G48: 0.945 | H48: 0.94592412 | I48: 0.94870362 | J48: 0.9511804 | K48: 0.94987321 | L48: 0.94420413 | M48: 0.88140396 | N48: 0.8608054 | O48: 0.75404236 | P48: 0.58624041 | Q48: 0.48386678 | R48: =庫位使用率!$C296 -> 0.73156958 | S48: =AVERAGE(G48:R48) -> 0.83190116 | T48: =S48/E48 -> 0.97870725
C49: 積層區( E.P.T.U.4 ) | E49: 0.85 | F49: =R49/E49 -> 0.68240248 | G49: 1.811 | H49: 1.8032232 | I49: 1.8175487 | J49: 1.8278949 | K49: 1.8243136 | L49: 1.7634302 | M49: 1.7628333 | N49: 1.7441305 | O49: 1.7859133 | P49: 1.7723836 | Q49: 1.7200557 | R49: =庫位使用率!$G296 -> 0.58004211 | S49: =AVERAGE(G49:R49) -> 1.6843974 | T49: =S49/E49 -> 1.981644
C50: 專區(R.S.J ) | E50: 0.85 | F50: =R50/E50 -> 1.039061 | G50: 0.914 | H50: 0.88581542 | I50: 0.8656711 | J50: 0.8792408 | K50: 0.87360355 | L50: 0.87559073 | M50: 0.90036243 | N50: 0.90036391 | O50: 0.90697107 | P50: 0.90169214 | Q50: 0.83632232 | R50: =庫位使用率!$L296 -> 0.88320184 | S50: =AVERAGE(G50:R50) -> 0.88523628 | T50: =S50/E50 -> 1.0414544
B51: 大物區 | C51: 高中銷區(F.N.H) | E51: 0.85 | F51: =R51/E51 -> 1.1017118 | G51: 0.94 | H51: 0.9382065 | I51: 0.93565519 | J51: 0.93820488 | K51: 0.93978187 | L51: 0.94726289 | M51: 0.92799806 | N51: 0.91590402 | O51: 0.9138423 | P51: 0.92324931 | Q51: 0.93257715 | R51: =庫位使用率!$Q296 -> 0.936455 | S51: =AVERAGE(G51:R51) -> 0.9324281 | T51: =S51/E51 -> 1.0969742
C52: 金屬區(H) | E52: 0.85 | F52: =R52/E52 -> 1.1306059 | G52: 0.968 | H52: 0.96190476 | I52: 0.95526003 | J52: 0.95557644 | K52: 0.95526003 | L52: 0.96380326 | M52: 0.96095551 | N52: 0.96475251 | O52: 0.96823308 | P52: 0.96918233 | Q52: 0.96696742 | R52: =庫位使用率!$T296 -> 0.96101504 | S52: =AVERAGE(G52:R52) -> 0.96257587 | T52: =S52/E52 -> 1.1324422
C53: 低滯銷區(M.Q) | E53: 0.85 | F53: =R53/E53 -> 2.4547911 | G53: 2.28 | H53: 2.2756184 | I53: 2.3162544 | J53: 2.3180212 | K53: 2.3074205 | L53: 2.2959364 | M53: 2.2217314 | N53: 2.164311 | O53: 2.1439929 | P53: 2.1475265 | Q53: 2.114841 | R53: =庫位使用率!$U296 -> 2.0865724 | S53: =AVERAGE(G53:R53) -> 2.2226855 | T53: =S53/E53 -> 2.6149241
C54: 電、化品區(K) | E54: 0.85 | F54: =R54/E54 -> 1.2189007 | G54: 0.984 | H54: 0.98360656 | I54: 0.98032787 | J54: 0.98032787 | K54: 0.98032787 | L54: 0.98360656 | M54: 0.99344262 | N54: 0.99344262 | O54: 1.0032787 | P54: 1 | Q54: 1.0163934 | R54: =庫位使用率!$W296 -> 1.0360656 | S54: =AVERAGE(G54:R54) -> 0.99456831 | T54: =S54/E54 -> 1.1700804
C55: 保 桿區(V) | E55: 0.85 | F55: =R55/E55 -> 1.0676173 | G55: 0.876 | H55: 0.87878788 | I55: 0.88363636 | J55: 0.88242424 | K55: 0.88363636 | L55: 0.88969697 | M55: 0.89090909 | N55: 0.89212121 | O55: 0.89575758 | P55: 0.90060606 | Q55: 0.90545455 | R55: =庫位使用率!$X296 -> 0.90747475 | S55: =AVERAGE(G55:R55) -> 0.89054209 | T55: =S55/E55 -> 1.0476966
C56: 輪胎區(Y) | E56: 0.85 | F56: =R56/E56 -> 1.1764706 | G56: 0.905 | H56: 0.92857143 | I56: 0.93253968 | J56: 0.95634921 | K56: 0.98015873 | L56: 0.99206349 | M56: 0.98015873 | N56: 0.97222222 | O56: 0.98809524 | P56: 0.98809524 | Q56: 0.98809524 | R56: =庫位使用率!$Y296 -> 1 | S56: =AVERAGE(G56:R56) -> 0.96761243 | T56: =S56/E56 -> 1.1383676
C57: 油品區(Z) | E57: 0.85 | F57: =R57/E57 -> 0.91822095 | G57: 0.762 | H57: 0.76219512 | I57: 0.76829268 | J57: 0.76829268 | K57: 0.76829268 | L57: 0.77439024 | M57: 0.77439024 | N57: 0.77439024 | O57: 0.77439024 | P57: 0.7804878 | Q57: 0.7804878 | R57: =庫位使用率!$Z296 -> 0.7804878 | S57: =AVERAGE(G57:R57) -> 0.77234146 | T57: =S57/E57 -> 0.90863702
B58: 全區 | E58: 0.85 | F58: =Q58/E58 -> 0.7519613 | G58: 1.006 | H58: 1.0045381 | I58: 1.0070028 | J58: =庫位使用率!$AC248 -> 1.0102442 | K58: =庫位使用率!$AC254 -> 1.0089333 | L58: =庫位使用率!$AC260 -> 1.0020382 | M58: =庫位使用率!$AC266 -> 0.95135842 | N58: =庫位使用率!$AC272 -> 0.93321995 | O58: =庫位使用率!$AC278 -> 0.85342429 | P58: =庫位使用率!$AC284 -> 0.72303285 | Q58: =庫位使用率!$AC290 -> 0.63916711 | R58: =庫位使用率!$AC296 -> 0.68946634 | S58: =AVERAGE(G58:R58) -> 0.9023688 | T58: =S58/E58 -> 1.0616104

Sheet 出貨點數(其他附件)
A1: 2019年 /月份 | B1: 1 | C1: 2 | D1: 3 | E1: 4 | F1: 5 | G1: 6 | H1: 7 | I1: 8 | J1: 9 | K1: 10 | L1: 11 | M1: 12
A2: 零件 i | B2: 391042 | C2: 232855 | D2: 313479 | E2: 296353 | F2: 317723 | G2: 299282 | H2: 340859 | I2: 321679 | J2: 293513 | K2: 328038 | L2: 319587 | M2: 355032
A3: 和勁 i | B3: 19165 | C3: 5370 | D3: 7040 | E3: 8088 | F3: 14307 | G3: 15998 | H3: 17087 | I3: 9871 | J3: 7884 | K3: 10591 | L3: 14011 | M3: 19338
A4: 產機 i | B4: 1541 | C4: 915 | D4: 1173 | E4: 1192 | F4: 1374 | G4: 1259 | H4: 1698 | I4: 1184 | J4: 1284 | K4: 1463 | L4: 1337 | M4: 1413
A5: 車美仕 i | B5: 9219 | C5: 5688 | D5: 6409 | E5: 7215 | F5: 6512 | G5: 7125 | H5: 6171 | I5: 3806 | J5: 4954 | K5: 6786 | L5: 6618 | M5: 7404
A6: 和運 i | B6: 767 | C6: 338 | D6: 601 | E6: 480 | F6: 523 | G6: 573 | H6: 690 | I6: 627 | J6: 544 | K6: 652 | L6: 735 | M6: 807
A7: 和運經銷商i | B7: 1979 | C7: 1127 | D7: 1706 | E7: 1466 | F7: 2276 | G7: 1829 | H7: 2225 | I7: 2422 | J7: 2030 | K7: 2523 | L7: 2213 | M7: 2459
A8: 湯淺 i | B8: 1781 | C8: 1320 | D8: 1206 | E8: 908 | F8: 1448 | G8: 1596 | H8: 1620 | I8: 1678 | J8: 2144 | K8: 1778 | L8: 2075 | M8: 1814
A9: 總合計i | B9: =SUM(B2:B8) -> 425494 | C9: =SUM(C2:C8) -> 247613 | D9: =SUM(D2:D8) -> 331614 | E9: =SUM(E2:E8) -> 315702 | F9: =SUM(F2:F8) -> 344163 | G9: =SUM(G2:G8) -> 327662 | H9: =SUM(H2:H8) -> 370350 | I9: =SUM(I2:I8) -> 341267 | ... M9: =SUM(M2:M8) -> 388267
A10: 零件pcs | B10: 2536614 | C10: 1445282 | D10: 1916054 | E10: 1898917 | F10: 2060248 | G10: 2025118 | H10: 2211194 | I10: 1962282 | J10: 1879324 | K10: 2087204 | L10: 2061187 | M10: 2312999
A11: 和勁pcs | B11: 146177 | C11: 72647 | D11: 120051 | E11: 107960 | F11: 128648 | G11: 152500 | H11: 146036 | I11: 80867 | J11: 110822 | K11: 85412 | L11: 140248 | M11: 132573
A12: 產機pcs
A13: 車美仕pcs | B13: 81135 | C13: 41945 | D13: 49580 | E13: 76305 | F13: 65954 | G13: 69793 | H13: 60954 | I13: 26574 | J13: 44215 | K13: 60060 | L13: 58843 | M13: 69373
A14: 和運pcs | B14: 8245 | C14: 4212 | D14: 9513 | E14: 5102 | F14: 7249 | G14: 6286 | H14: 7354 | I14: 7154 | J14: 5628 | K14: 7622 | L14: 7142 | M14: 7585
A15: 和運經銷商pcs | B15: 3216 | C15: 1899 | D15: 2655 | E15: 2092 | F15: 3983 | G15: 2776 | H15: 3989 | I15: 4303 | J15: 3435 | K15: 4350 | L15: 4033 | M15: 3827
A16: 湯淺pcs | B16: 10184 | C16: 7466 | D16: 6254 | E16: 4384 | F16: 6817 | G16: 7750 | H16: 7957 | I16: 8164 | J16: 10878 | K16: 9293 | L16: 11210 | M16: 9658
A17: 總合計pcs | B17: =SUM(B10:B16) -> 2785571 | C17: =SUM(C10:C16) -> 1573451 | D17: =SUM(D10:D16) -> 2104107 | E17: =SUM(E10:E16) -> 2094760 | F17: =SUM(F10:F16) -> 2272899 | G17: =SUM(G10:G16) -> 2264223 | H17: =SUM(H10:H16) -> 2437484 | I17: =SUM(I10:I16) -> 2089344 | ... M17: =SUM(M10:M16) -> 2536015
A19: 出貨點數
A20: 2020年 /月份 | B20: 1 | C20: 2 | D20: 3 | E20: 4 | F20: 5 | G20: 6 | H20: 7 | I20: 8 | J20: 9 | K20: 10 | L20: 11 | M20: 12 | N20: 平均 | O20: 合計
A21: 零件 i | B21: 295444 | C21: 319960 | D21: 334332 | E21: 290437 | F21: 301493 | G21: 309849 | H21: 362845 | I21: 343104 | J21: 350048 | K21: 322082 | L21: 333743 | M21: 372497 | N21: =AVERAGE(B21:M21) -> 327986.17 | O21: =SUM(B21:M21) -> 3935834
A22: 同期比 | B22: =B21/B2 -> 0.7555301 | C22: =C21/C2 -> 1.374074 | D22: =D21/D2 -> 1.0665212 | E22: =E21/E2 -> 0.98003732 | F22: =F21/F2 -> 0.94891777 | G22: =G21/G2 -> 1.0353078 | H22: =H21/H2 -> 1.0645017 | I22: =I21/I2 -> 1.0666037 | ... M22: =M21/M2 -> 1.0491927 | N22: =AVERAGE(B22:M22) -> 1.04662
A23: 和勁 i | B23: 7114 | C23: 7702 | D23: 9509 | E23: 7516 | F23: 10898 | G23: 16398 | H23: 18684 | I23: 11874 | J23: 10590 | K23: 8570 | L23: 15821 | M23: 18403 | N23: =AVERAGE(B23:M23) -> 11923.25 | O23: =SUM(B23:M23) -> 143079
A24: 同期比 | B24: =B23/B3 -> 0.3711975 | C24: =C23/C3 -> 1.4342644 | D24: =D23/D3 -> 1.3507102 | E24: =E23/E3 -> 0.92927794 | F24: =F23/F3 -> 0.76172503 | G24: =G23/G3 -> 1.0250031 | H24: =H23/H3 -> 1.0934629 | I24: =I23/I3 -> 1.2029176 | ... M24: =M23/M3 -> 0.9516496 | N24: =AVERAGE(B24:M24) -> 1.0334831
A25: 產機 i | B25: 1199 | C25: 1451 | D25: 1386 | E25: 1256 | F25: 1192 | G25: 1331 | H25: 1317 | I25: 1303 | J25: 1610 | K25: 1142 | L25: 1656 | M25: 1347 | N25: =AVERAGE(B25:M25) -> 1349.1667 | O25: =SUM(B25:M25) -> 16190
A26: 同期比 | B26: =B25/B4 -> 0.77806619 | C26: =C25/C4 -> 1.5857923 | D26: =D25/D4 -> 1.1815857 | E26: =E25/E4 -> 1.0536913 | F26: =F25/F4 -> 0.86754003 | G26: =G25/G4 -> 1.0571882 | H26: =H25/H4 -> 0.77561837 | I26: =I25/I4 -> 1.1005068 | ... M26: =M25/M4 -> 0.95329087 | N26: =AVERAGE(B26:M26) -> 1.0521963
A27: 車美仕 i | B27: 6171 | C27: 4671 | D27: 9604 | E27: 8302 | F27: 8656 | G27: 9635 | H27: 11710 | I27: 9005 | J27: 8641 | K27: 9010 | L27: 9324 | M27: 11470 | N27: =AVERAGE(B27:M27) -> 8849.9167 | O27: =SUM(B27:M27) -> 106199
A28: 同期比 | B28: =B27/B5 -> 0.66937846 | C28: =C27/C5 -> 0.82120253 | D28: =D27/D5 -> 1.4985177 | E28: =E27/E5 -> 1.1506584 | F28: =F27/F5 -> 1.3292383 | G28: =G27/G5 -> 1.3522807 | H28: =H27/H5 -> 1.8975855 | I28: =I27/I5 -> 2.3660011 | ... M28: =M27/M5 -> 1.5491626 | N28: =AVERAGE(B28:M28) -> 1.4262409
A29: 和運 i | B29: 670 | C29: 796 | D29: 831 | E29: 734 | F29: 877 | G29: 931 | H29: 817 | I29: 877 | J29: 975 | K29: 765 | L29: 994 | M29: 963 | N29: =AVERAGE(B29:M29) -> 852.5 | O29: =SUM(B29:M29) -> 10230
A30: 同期比 | B30: =B29/B6 -> 0.87353325 | C30: =C29/C6 -> 2.3550296 | D30: =D29/D6 -> 1.3826955 | E30: =E29/E6 -> 1.5291667 | F30: =F29/F6 -> 1.6768642 | G30: =G29/G6 -> 1.6247818 | H30: =H29/H6 -> 1.184058 | I30: =I29/I6 -> 1.3987241 | ... M30: =M29/M6 -> 1.1933086 | N30: =AVERAGE(B30:M30) -> 1.4613446
A31: 和運經銷商i | B31: 2238 | C31: 2831 | D31: 3697 | E31: 3273 | F31: 3579 | G31: 4099 | H31: 5499 | I31: 5051 | J31: 4846 | K31: 4478 | L31: 4797 | M31: 4674 | N31: =AVERAGE(B31:M31) -> 4088.5 | O31: =SUM(B31:M31) -> 49062
A32: 同期比 | B32: =B31/B8 -> 1.2565974 | C32: =C31/C8 -> 2.144697 | D32: =D31/D8 -> 3.0655058 | E32: =E31/E8 -> 3.6046256 | F32: =F31/F8 -> 2.4716851 | G32: =G31/G8 -> 2.5682957 | H32: =H31/H8 -> 3.3944444 | I32: =I31/I8 -> 3.0101311 | ... M32: =M31/M8 -> 2.5766262 | N32: =AVERAGE(B32:M32) -> 2.5986031
A33: 湯淺 i | B33: 1835 | C33: 1257 | D33: 1564 | E33: 1268 | F33: 1490 | G33: 1635 | H33: 1795 | I33: 2126 | J33: 1810 | K33: 1753 | L33: 2185 | M33: 2034 | N33: =AVERAGE(B33:M33) -> 1729.3333 | O33: =SUM(B33:M33) -> 20752
A34: 同期比 | B34: =B33/B8 -> 1.03032 | C34: =C33/C8 -> 0.95227273 | D34: =D33/D8 -> 1.2968491 | E34: =E33/E8 -> 1.3964758 | F34: =F33/F8 -> 1.0290055 | G34: =G33/G8 -> 1.0244361 | H34: =H33/H8 -> 1.1080247 | I34: =I33/I8 -> 1.2669845 | ... M34: =M33/M8 -> 1.1212789 | N34: =AVERAGE(B34:M34) -> 1.0924013
A35: 總合計i | B35: =B21+B23+B25+B27+B29+B33+B31 -> 314671 | C35: =C21+C23+C25+C27+C29+C33 -> 335837 | D35: =D21+D23+D25+D27+D29+D33 -> 357226 | E35: =E21+E23+E25+E27+E29+E33 -> 309513 | F35: =F21+F23+F25+F27+F29+F33 -> 324606 | G35: =G21+G23+G25+G27+G29+G33 -> 339779 | H35: =H21+H23+H25+H27+H29+H33 -> 397168 | I35: =I21+I23+I25+I27+I29+I33 -> 368289 | J35: =J21+J23+J25+J27+J29+J33 -> 373674 | ... M35: =M21+M23+M25+M27+M29+M33 -> 406714 | N35: =AVERAGEA(B35:M35) -> 352876.83 | O35: =SUM(B35:M35) -> 4234522
A36: 同期比 | B36: =B35/B9 -> 0.73954274 | C36: =C35/C9 -> 1.3562979 | D36: =D35/D9 -> 1.0772344 | E36: =E35/E9 -> 0.98039607 | F36: =F35/F9 -> 0.94317518 | G36: =G35/G9 -> 1.0369802 | H36: =H35/H9 -> 1.0724126 | I36: =I35/I9 -> 1.0791814 | ... M36: =M35/M9 -> 1.0475111 | N36: =AVERAGE(B36:M36) -> 1.0461951
A37: 出貨PCS
A38: 零件pcs | B38: 2064225 | C38: 1919724 | D38: 2387421 | E38: 1925057 | F38: 1938618 | G38: 1975146 | H38: 2125321 | I38: 2075304 | J38: 2188146 | K38: 2006021 | L38: 2079620 | M38: 2473506 | N38: =AVERAGE(B38:M38) -> 2096509.1 | O38: =SUM(B38:M38) -> 25158109
A39: 同期比 | B39: =B38/B10 -> 0.81377182 | C39: =C38/C10 -> 1.3282695 | D39: =D38/D10 -> 1.2460092 | E39: =E38/E10 -> 1.0137657 | F39: =F38/F10 -> 0.94096342 | G39: =G38/G10 -> 0.97532391 | H39: =H38/H10 -> 0.96116442 | I39: =I38/I10 -> 1.0575972 | ... M39: =M38/M10 -> 1.0693935 | N39: =AVERAGE(B39:M39) -> 1.0450527
A40: 和勁pcs | B40: 51983 | C40: 51792 | D40: 82775 | E40: 87977 | F40: 99436 | G40: 140113 | H40: 150989 | I40: 94844 | J40: 462884 | K40: 115534 | L40: 139413 | M40: 165648 | N40: =AVERAGE(B40:M40) -> 136949 | O40: =SUM(B40:M40) -> 1643388
A41: 同期比 | B41: =B40/B11 -> 0.35561682 | C41: =C40/C11 -> 0.71292689 | D41: =D40/D11 -> 0.68949863 | E41: =E40/E11 -> 0.81490367 | F41: =F40/F11 -> 0.77293079 | G41: =G40/G11 -> 0.91877377 | H41: =H40/H11 -> 1.0339163 | I41: =I40/I11 -> 1.1728394 | ... M41: =M40/M11 -> 1.2494852 | N41: =AVERAGE(B41:M41) -> 1.1870357
A42: 產機pcs | C42: 5849 | D42: 6241 | E42: 5366 | F42: 4951 | G42: 5264 | H42: 5493 | I42: 4870 | J42: 5489 | K42: 4626 | L42: 6284 | M42: 5618 | N42: =AVERAGE(B42:M42) -> 5459.1818 | O42: =SUM(B42:M42) -> 60051
A43: 同期比
A44: 車美仕pcs | B44: 60954 | C44: 42641 | D44: 108572 | E44: 103024 | F44: 105689 | G44: 107194 | H44: 100823 | I44: 109050 | J44: 84729 | K44: 111062 | L44: 131519 | M44: 134649 | N44: =AVERAGE(B44:M44) -> 99992.167 | O44: =SUM(B44:M44) -> 1199906
A45: 同期比 | B45: =B44/B13 -> 0.75126641 | C45: =C44/C13 -> 1.0165932 | D45: =D44/D13 -> 2.1898346 | E45: =E44/E13 -> 1.3501605 | F45: =F44/F13 -> 1.6024654 | G45: =G44/G13 -> 1.5358847 | H45: =H44/H13 -> 1.6540834 | I45: =I44/I13 -> 4.1036351 | ... M45: =M44/M13 -> 1.9409424 | N45: =AVERAGE(B45:M45) -> 1.8454524
A46: 和運pcs | B46: 6728 | C46: 3297 | D46: 8381 | E46: 7920 | F46: 9613 | G46: 10384 | H46: 9387 | I46: 9667 | J46: 11591 | K46: 8846 | L46: 11355 | M46: 11346 | N46: =AVERAGE(B46:M46) -> 9042.9167 | O46: =SUM(B46:M46) -> 108515
A47: 同期比 | B47: =B46/B14 -> 0.8160097 | C47: =C46/C14 -> 0.78276353 | D47: =D46/D14 -> 0.88100494 | E47: =E46/E14 -> 1.5523324 | F47: =F46/F14 -> 1.3261139 | G47: =G46/G14 -> 1.6519249 | H47: =H46/H14 -> 1.2764482 | I47: =I46/I14 -> 1.351272 | ... M47: =M46/M14 -> 1.4958471 | N47: =AVERAGE(B47:M47) -> 1.3286433
A48: 和運經銷商pcs | B48: 3968 | C48: 5081 | D48: 5827 | E48: 5149 | F48: 5818 | G48: 5944 | H48: 8090 | I48: 7710 | J48: 6682 | K48: 6678 | L48: 6803 | M48: 7010 | N48: =AVERAGE(B48:M48) -> 6230 | O48: =SUM(B48:M48) -> 74760
A49: 同期比 | B49: =B48/B14 -> 0.48126137 | C49: =C48/C14 -> 1.2063153 | D49: =D48/D14 -> 0.61253022 | E49: =E48/E14 -> 1.0092121 | F49: =F48/F14 -> 0.80259346 | G49: =G48/G14 -> 0.94559338 | H49: =H48/H14 -> 1.1000816 | I49: =I48/I14 -> 1.0777188 | ... M49: =M48/M14 -> 0.92419249 | N49: =AVERAGE(B49:M49) -> 0.93128824
A50: 湯淺pcs | B50: 10718 | C50: 7142 | D50: 7840 | E50: 6626 | F50: 7614 | G50: 8823 | H50: 9387 | I50: 11500 | J50: 9007 | K50: 9150 | L50: 11360 | M50: 10560 | N50: =AVERAGE(B50:M50) -> 9143.9167 | O50: =SUM(B50:M50) -> 109727
A51: 同期比 | B51: =B50/B16 -> 1.0524352 | C51: =C50/C16 -> 0.95660327 | D51: =D50/D16 -> 1.2535977 | E51: =E50/E16 -> 1.5114051 | F51: =F50/F16 -> 1.1169136 | G51: =G50/G16 -> 1.1384516 | H51: =H50/H16 -> 1.179716 | I51: =I50/I16 -> 1.4086232 | ... M51: =M50/M16 -> 1.0933941 | N51: =AVERAGE(B51:M51) -> 1.1280945
A52: 總合計pcs | B52: =B38+B40+B42+B44+B46+B50+B48 -> 2198576 | C52: =C38+C40+C42+C44+C46+C50+C48 -> 2035526 | D52: =D38+D40+D42+D44+D46+D50+D48 -> 2607057 | E52: =E38+E40+E42+E44+E46+E50+E48 -> 2141119 | F52: =F38+F40+F42+F44+F46+F50+F48 -> 2171739 | G52: =G38+G40+G42+G44+G46+G50+G48 -> 2252868 | H52: =H38+H40+H42+H44+H46+H50+H48 -> 2409490 | I52: =I38+I40+I42+I44+I46+I50+I48 -> 2312945 | ... N52: =N38+N40+N42+N44+N46+N50+N48 -> 2363326.3 | O52: =SUM(B52:M52) -> 28354456
A53: 同期比 | B53: =B52/B17 -> 0.78927301 | C53: =C52/C17 -> 1.2936698 | D53: =D52/D17 -> 1.2390325 | E53: =E52/E17 -> 1.0221309 | F53: =F52/F17 -> 0.95549296 | G53: =G52/G17 -> 0.99498503 | H53: =H52/H17 -> 0.98851521 | I53: =I52/I17 -> 1.1070197 | ... M53: =M52/M17 -> 1.1073819 | N53: =AVERAGE(B53:M53) -> 1.0745115
A56: 出貨點數
A57: 2021年 /月份 | B57: 1 | C57: 2 | D57: 3 | E57: 4 | F57: 5 | G57: 6 | H57: 7 | I57: 8 | J57: 9 | K57: 10 | L57: 11 | M57: 12 | N57: 平均 | O57: 合計
A58: 零件 i | B58: 396647 | C58: 277188 | D58: 366699 | E58: 318536 | F58: 296422 | G58: 260569 | H58: 311976 | I58: 328797 | J58: 313574 | K58: 324024 | L58: 352341 | M58: 366261 | N58: =AVERAGE(B58:M58) -> 326086.17 | O58: =SUM(B58:M58) -> 3913034
A59: 同期比 | B59: =B58/B21 -> 1.3425455 | C59: =C58/C21 -> 0.86632079 | D59: =D58/D21 -> 1.096811 | E59: =E58/E21 -> 1.0967473 | F59: =F58/F21 -> 0.98318037 | G59: =G58/G21 -> 0.84095479 | H59: =H58/H21 -> 0.85980515 | I59: =I58/I21 -> 0.95830127 | ... M59: =M58/M21 -> 0.98325893 | N59: =AVERAGE(B59:M59) -> 0.99879024
A60: 和勁 i | B60: 17078 | C60: 7050 | D60: 8604 | E60: 7283 | F60: 12965 | G60: 12881 | H60: 17347 | I60: 14030 | J60: 18493 | K60: 7114 | L60: 6824 | M60: 7360 | N60: =AVERAGE(B60:M60) -> 11419.083 | O60: =SUM(B60:M60) -> 137029
A61: 同期比 | B61: =B60/B23 -> 2.4006185 | C61: =C60/C23 -> 0.91534666 | D61: =D60/D23 -> 0.90482701 | E61: =E60/E23 -> 0.96899947 | F61: =F60/F23 -> 1.1896678 | G61: =G60/G23 -> 0.78552262 | H61: =H60/H23 -> 0.92844145 | I61: =I60/I23 -> 1.1815732 | ... M61: =M60/M23 -> 0.39993479 | N61: =AVERAGE(B61:M61) -> 1.056886
A62: 產機 i | B62: 1366 | C62: 1389 | D62: 1341 | E62: 1284 | F62: 1454 | G62: 1387 | H62: 1400 | I62: 1629 | J62: 1344 | K62: 1481 | L62: 1829 | M62: 1440 | N62: =AVERAGE(B62:M62) -> 1445.3333 | O62: =SUM(B62:M62) -> 17344
A63: 同期比 | B63: =B62/B25 -> 1.1392827 | C63: =C62/C25 -> 0.95727085 | D63: =D62/D25 -> 0.96753247 | E63: =E62/E25 -> 1.022293 | F63: =F62/F25 -> 1.2197987 | G63: =G62/G25 -> 1.0420736 | H63: =H62/H25 -> 1.063022 | I63: =I62/I25 -> 1.2501919 | ... M63: =M62/M25 -> 1.0690423 | N63: =AVERAGE(B63:M63) -> 1.0805505
A64: 車美仕 i | B64: 11739 | C64: 6889 | D64: 10948 | E64: 9187 | F64: 6890 | G64: 7592 | H64: 9833 | I64: 8497 | J64: 9442 | K64: 9589 | L64: 10603 | M64: 10315 | N64: =AVERAGE(B64:M64) -> 9293.6667 | O64: =SUM(B64:M64) -> 111524
A65: 同期比 | B65: =B64/B27 -> 1.9022849 | C65: =C64/C27 -> 1.4748448 | D65: =D64/D27 -> 1.1399417 | E65: =E64/E27 -> 1.1066008 | F65: =F64/F27 -> 0.79597967 | G65: =G64/G27 -> 0.78796056 | H65: =H64/H27 -> 0.83970965 | I65: =I64/I27 -> 0.9435869 | ... M65: =M64/M27 -> 0.89930253 | N65: =AVERAGE(B65:M65) -> 1.0986953
A66: 和運 i | B66: 1053 | C66: 923 | D66: 1336 | E66: 1307 | F66: 1283 | G66: 1165 | H66: 1183 | I66: 1446 | J66: 1195 | K66: 1398 | L66: 1520 | M66: 1534 | N66: =AVERAGE(B66:M66) -> 1278.5833 | O66: =SUM(B66:M66) -> 15343
A67: 同期比 | B67: =B66/B29 -> 1.5716418 | C67: =C66/C29 -> 1.1595477 | D67: =D66/D29 -> 1.6077016 | E67: =E66/E29 -> 1.780654 | F67: =F66/F29 -> 1.4629418 | G67: =G66/G29 -> 1.2513426 | H67: =H66/H29 -> 1.4479804 | I67: =I66/I29 -> 1.6488027 | ... M67: =M66/M29 -> 1.5929387 | N67: =AVERAGE(B67:M67) -> 1.5088182
A68: 和運經銷商i | B68: 4790 | C68: 3666 | D68: 4920 | E68: 4158 | F68: 4931 | G68: 3924 | H68: 3625 | I68: 4479 | J68: 5078 | K68: 5171 | L68: 5564 | M68: 6248 | N68: =AVERAGE(B68:M68) -> 4712.8333 | O68: =SUM(B68:M68) -> 56554
A69: 同期比 | B69: =B68/B31 -> 2.1403038 | C69: =C68/C31 -> 1.2949488 | D69: =D68/D31 -> 1.3308088 | E69: =E68/E31 -> 1.2703941 | F69: =F68/F31 -> 1.3777592 | G69: =G68/G31 -> 0.95730666 | H69: =H68/H31 -> 0.65921077 | I69: =I68/I31 -> 0.8867551 | ... M69: =M68/M31 -> 1.3367565 | N69: =AVERAGE(B69:M69) -> 1.2180639
A70: 湯淺 i | B70: 2420 | C70: 1436 | D70: 1551 | E70: 1353 | F70: 1553 | G70: 1280 | H70: 1659 | I70: 2100 | J70: 1673 | K70: 1929 | L70: 1907 | M70: 1780 | N70: =AVERAGE(B70:M70) -> 1720.0833 | O70: =SUM(B70:M70) -> 20641
A71: 同期比 | B71: =B70/B33 -> 1.3188011 | C71: =C70/C33 -> 1.1424025 | D71: =D70/D33 -> 0.99168798 | E71: =E70/E33 -> 1.0670347 | F71: =F70/F33 -> 1.0422819 | G71: =G70/G33 -> 0.78287462 | H71: =H70/H33 -> 0.92423398 | I71: =I70/I33 -> 0.98777046 | ... M71: =M70/M33 -> 0.87512291 | N71: =AVERAGE(B71:M71) -> 1.002474
A72: 總合計i | B72: =B58+B60+B62+B64+B66+B68+B70 -> 435093 | C72: =C58+C60+C62+C64+C66+C68+C70 -> 298541 | D72: =D58+D60+D62+D64+D66+D68+D70 -> 395399 | E72: =E58+E60+E62+E64+E66+E68+E70 -> 343108 | F72: =F58+F60+F62+F64+F66+F68+F70 -> 325498 | G72: =G58+G60+G62+G64+G66+G68+G70 -> 288798 | H72: =H58+H60+H62+H64+H66+H68+H70 -> 347023 | I72: =I58+I60+I62+I64+I66+I68+I70 -> 360978 | ... M72: =M58+M60+M62+M64+M66+M68+M70 -> 394938 | N72: =AVERAGEA(B72:M72) -> 355955.75 | O72: =SUM(B72:M72) -> 4271469
A73: 同期比 | B73: =B72/B35 -> 1.3826918 | C73: =C72/C35 -> 0.88894613 | D73: =D72/D35 -> 1.1068595 | E73: =E72/E35 -> 1.1085415 | F73: =F72/F35 -> 1.0027479 | G73: =G72/G35 -> 0.84995836 | H73: =H72/H35 -> 0.8737436 | I73: =I72/I35 -> 0.98014874 | ... M73: =M72/M35 -> 0.97104599 | N73: =AVERAGE(B73:M73) -> 1.0142785
A74: 出貨PCS
A75: 零件pcs | B75: 2419356 | C75: 1794672 | D75: 2301951 | E75: 2038565 | F75: 1945472 | G75: 1816154 | H75: 2380488 | I75: 2068503 | J75: 2058048 | K75: 2156521 | L75: 2245189 | M75: 2412965 | N75: =AVERAGE(B75:M75) -> 2136490.3 | O75: =SUM(B75:M75) -> 25637884
A76: 同期比 | B76: =B75/B38 -> 1.1720408 | C76: =C75/C38 -> 0.93485939 | D76: =D75/D38 -> 0.96419986 | E76: =E75/E38 -> 1.0589634 | F76: =F75/F38 -> 1.0035355 | G76: =G75/G38 -> 0.91950367 | H76: =H75/H38 -> 1.1200605 | I76: =I75/I38 -> 0.99672289 | ... M76: =M75/M38 -> 0.97552422 | N76: =AVERAGE(B76:M76) -> 1.0200495
A77: 和勁pcs | B77: 140616 | C77: 62362 | D77: 82962 | E77: 137684 | F77: 158944 | G77: 155930 | H77: 142955 | I77: 115873 | J77: 140592 | K77: 71082 | L77: 71494 | M77: 107674 | N77: =AVERAGE(B77:M77) -> 115680.67 | O77: =SUM(B77:M77) -> 1388168
A78: 同期比 | B78: =B77/B40 -> 2.7050382 | C78: =C77/C40 -> 1.2040856 | D78: =D77/D40 -> 1.0022591 | E78: =E77/E40 -> 1.5649999 | F78: =F77/F40 -> 1.5984553 | G78: =G77/G40 -> 1.1128875 | H78: =H77/H40 -> 0.94679083 | I78: =I77/I40 -> 1.221722 | ... M78: =M77/M40 -> 0.6500169 | N78: =AVERAGE(B78:M78) -> 1.1198379
A79: 產機pcs | B79: 3631 | C79: 4475 | D79: 5343 | E79: 5271 | F79: 4796 | G79: 6084 | H79: 5015 | I79: 6232 | J79: 4489 | K79: 6019 | L79: 6688 | M79: 5709 | N79: =AVERAGE(B79:M79) -> 5312.6667 | O79: =SUM(B79:M79) -> 63752
A80: 同期比 | B80: =B79/B42 -> #DIV/0! | C80: =C79/C42 -> 0.76508805 | D80: =D79/D42 -> 0.8561128 | E80: =E79/E42 -> 0.98229594 | F80: =F79/F42 -> 0.96869319 | G80: =G79/G42 -> 1.1557751 | H80: =H79/H42 -> 0.91298016 | I80: =I79/I42 -> 1.2796715 | ... M80: =M79/M42 -> 1.0161979 | N80: =AVERAGE(C80:M80) -> 1.0109133
A81: 車美仕pcs | B81: 154420 | C81: 67536 | D81: 94858 | E81: 101591 | F81: 67536 | G81: 91419 | H81: 115359 | I81: 90996 | J81: 77599 | K81: 144791 | L81: 114515 | M81: 151058 | N81: =AVERAGE(B81:M81) -> 105973.17 | O81: =SUM(B81:M81) -> 1271678
A82: 同期比 | B82: =B81/B44 -> 2.5333858 | C82: =C81/C44 -> 1.5838278 | D82: =D81/D44 -> 0.87368751 | E82: =E81/E44 -> 0.98609062 | F82: =F81/F44 -> 0.6390069 | G82: =G81/G44 -> 0.85283691 | H82: =H81/H44 -> 1.1441735 | I82: =I81/I44 -> 0.83444292 | ... M82: =M81/M44 -> 1.121865 | N82: =AVERAGE(C82:M82) -> 1.0114715
A83: 和運pcs | B83: 11056 | C83: 10071 | D83: 12672 | E83: 15170 | F83: 15139 | G83: 11616 | H83: 13918 | I83: 13811 | J83: 13363 | K83: 14248 | L83: 14462 | M83: 13377 | N83: =AVERAGE(B83:M83) -> 13241.917 | O83: =SUM(B83:M83) -> 158903
A84: 同期比 | B84: =B83/B46 -> 1.6432818 | C84: =C83/C46 -> 3.0545951 | D84: =D83/D46 -> 1.5119914 | E84: =E83/E46 -> 1.915404 | F84: =F83/F46 -> 1.5748466 | G84: =G83/G46 -> 1.1186441 | H84: =H83/H46 -> 1.4826888 | I84: =I83/I46 -> 1.4286749 | ... M84: =M83/M46 -> 1.1790058 | N84: =AVERAGE(C84:M84) -> 1.5730021
A85: 和運經銷商pcs | B85: 7435 | C85: 5901 | D85: 8603 | E85: 6425 | F85: 7656 | G85: 6283 | H85: 5848 | I85: 7991 | J85: 8009 | K85: 8707 | L85: 9578 | M85: 6248 | N85: =AVERAGE(B85:M85) -> 7390.3333 | O85: =SUM(B85:M85) -> 88684
A86: 同期比 | B86: =B85/B48 -> 1.8737399 | C86: =C85/C48 -> 1.1613856 | D86: =D85/D48 -> 1.476403 | E86: =E85/E48 -> 1.2478151 | F86: =F85/F48 -> 1.3159161 | G86: =G85/G48 -> 1.0570323 | H86: =H85/H48 -> 0.72286774 | I86: =I85/I48 -> 1.0364462 | ... M86: =M85/M48 -> 0.89129815 | N86: =AVERAGE(C86:M86) -> 1.165409
A87: 湯淺pcs | B87: 14048 | C87: 8024 | D87: 7928 | E87: 13566 | F87: 7731 | G87: 5177 | H87: 6472 | I87: 10398 | J87: 8189 | K87: 9795 | L87: 9364 | M87: 8981 | N87: =AVERAGE(B87:M87) -> 9139.4167 | O87: =SUM(B87:M87) -> 109673
A88: 同期比 | B88: =B87/B50 -> 1.3106923 | C88: =C87/C50 -> 1.1234948 | D88: =D87/D50 -> 1.0112245 | E88: =E87/E50 -> 2.0473891 | F88: =F87/F50 -> 1.0153664 | G88: =G87/G50 -> 0.58676187 | H88: =H87/H50 -> 0.68946415 | I88: =I87/I50 -> 0.90417391 | ... M88: =M87/M50 -> 0.85047348 | N88: =AVERAGE(C88:M88) -> 1.002938
A89: 總合計pcs | B89: =B75+B77+B79+B81+B83+B85+B87 -> 2750562 | C89: =C75+C77+C79+C81+C83+C85+C87 -> 1953041 | D89: =D75+D77+D79+D81+D83+D85+D87 -> 2514317 | E89: =E75+E77+E79+E81+E83+E85+E87 -> 2318272 | F89: =F75+F77+F79+F81+F83+F85+F87 -> 2207274 | G89: =G75+G77+G79+G81+G83+G85+G87 -> 2092663 | H89: =H75+H77+H79+H81+H83+H85+H87 -> 2670055 | I89: =I75+I77+I79+I81+I83+I85+I87 -> 2313804 | ... M89: =M75+M77+M79+M81+M83+M85+M87 -> 2706012 | N89: =AVERAGEA(B89:M89) -> 2393228.5 | O89: =SUM(B89:M89) -> 28718742
A90: 同期比 | B90: =B89/B52 -> 1.2510652 | C90: =C89/C52 -> 0.9594773 | D90: =D89/D52 -> 0.96442732 | E90: =E89/E52 -> 1.0827385 | F90: =F89/F52 -> 1.0163625 | G90: =G89/G52 -> 0.92888842 | H90: =H89/H52 -> 1.1081411 | I90: =I89/I52 -> 1.0003714 | ... M90: =M89/M52 -> 0.96356385 | N90: =AVERAGE(B90:M90) -> 1.0175911
A92: 出貨點數
A93: 2022年 /月份 | B93: 1 | C93: 2 | D93: 3 | E93: 4 | F93: 5 | G93: 6 | H93: 7 | I93: 8 | J93: 9 | K93: 10 | L93: 11 | M93: 12 | N93: 平均 | O93: 合計
A94: 零件 i | B94: 364962 | C94: 275117 | D94: 386799 | E94: 320228 | F94: 305685 | G94: 325833 | H94: 360551 | I94: 389740 | J94: 339121 | K94: 342211 | L94: 374422 | M94: 413932 | N94: =AVERAGE(B94:M94) -> 349883.42 | O94: =SUM(B94:M94) -> 4198601
A95: 同期比 | B95: =B94/B58 -> 0.92011789 | C95: =C94/C58 -> 0.99252854 | D95: =D94/D58 -> 1.0548133 | E95: =E94/E58 -> 1.0053118 | F95: =F94/F58 -> 1.0312494 | G95: =G94/G58 -> 1.2504672 | H95: =H94/H58 -> 1.1557011 | I95: =I94/I58 -> 1.1853514 | ... M95: =M94/M58 -> 1.1301558 | N95: =AVERAGE(B95:M95) -> 1.0771637
A96: 聯網 i | B96: 6119 | C96: 3287 | D96: 6235 | E96: 6194 | F96: 8512 | G96: 7822 | H96: 8256 | I96: 9715 | J96: 9676 | K96: 9685 | L96: 13000 | M96: 13348 | N96: =AVERAGE(B96:M96) -> 8487.4167 | O96: =SUM(B96:M96) -> 101849
A97: 同期比 | B97: =B96/B60 -> 0.35829722 | C97: =C96/C60 -> 0.46624113 | D97: =D96/D60 -> 0.72466295 | E97: =E96/E60 -> 0.85047371 | F97: =F96/F60 -> 0.65653683 | G97: =G96/G60 -> 0.60725099 | H97: =H96/H60 -> 0.47593244 | I97: =I96/I60 -> 0.69244476 | ... M97: =M96/M60 -> 1.813587 | N97: =AVERAGE(B97:M97) -> 0.86959109
A98: 產機 i | B98: 1435 | C98: 1257 | D98: 1808 | E98: 1528 | F98: 1539 | G98: 1379 | H98: 1486 | I98: 1475 | J98: 1351 | K98: 1561 | L98: 1501 | M98: 1120 | N98: =AVERAGE(B98:M98) -> 1453.3333 | O98: =SUM(B98:M98) -> 17440
A99: 同期比 | B99: =B98/B62 -> 1.0505124 | C99: =C98/C62 -> 0.9049676 | D99: =D98/D62 -> 1.3482476 | E99: =E98/E62 -> 1.1900312 | F99: =F98/F62 -> 1.0584594 | G99: =G98/G62 -> 0.99423216 | H99: =H98/H62 -> 1.0614286 | I99: =I98/I62 -> 0.90546347 | ... M99: =M98/M62 -> 0.77777778 | N99: =AVERAGE(B99:M99) -> 1.0142511
A100: 車美仕 i | B100: 9275 | C100: 10603 | D100: 11311 | E100: 10603 | F100: 8746 | G100: 9721 | H100: 11771 | I100: 11772 | J100: 10112 | K100: 9616 | L100: 10559 | M100: 11162 | N100: =AVERAGE(B100:M100) -> 10437.583 | O100: =SUM(B100:M100) -> 125251
A101: 同期比 | B101: =B100/B64 -> 0.79010137 | C101: =C100/C64 -> 1.5391203 | D101: =D100/D64 -> 1.0331567 | E101: =E100/E64 -> 1.1541308 | F101: =F100/F64 -> 1.2693759 | G101: =G100/G64 -> 1.2804268 | H101: =H100/H64 -> 1.1970914 | I101: =I100/I64 -> 1.3854302 | ... M101: =M100/M64 -> 1.0821134 | N101: =AVERAGE(B101:M101) -> 1.1500477
A102: 和運 i | B102: 1709 | C102: 1525 | D102: 1965 | E102: 1732 | F102: 1837 | G102: 2052 | H102: 1866 | I102: 2167 | J102: 1911 | K102: 1826 | L102: 2069 | M102: 1891 | N102: =AVERAGE(B102:M102) -> 1879.1667 | O102: =SUM(B102:M102) -> 22550
A103: 同期比 | B103: =B102/B66 -> 1.622982 | C103: =C102/C66 -> 1.652221 | D103: =D102/D66 -> 1.4708084 | E103: =E102/E66 -> 1.3251721 | F103: =F102/F66 -> 1.4318005 | G103: =G102/G66 -> 1.7613734 | H103: =H102/H66 -> 1.5773457 | I103: =I102/I66 -> 1.4986169 | ... M103: =M102/M66 -> 1.2327249 | N103: =AVERAGE(B103:M103) -> 1.4866287
A104: 和運經銷商i | B104: 5531 | C104: 4925 | D104: 7831 | E104: 6525 | F104: 6536 | G104: 7143 | H104: 7571 | I104: 8156 | J104: 8306 | K104: 8009 | L104: 8448 | M104: 8481 | N104: =AVERAGE(B104:M104) -> 7288.5 | O104: =SUM(B104:M104) -> 87462
...

Sheet 進貨點數(同期比)
A1: 2014年/月份 | B1: 1 | C1: 2 | D1: 3 | E1: 4 | F1: 5 | G1: 6 | H1: 7 | I1: 8 | J1: 9 | K1: 10 | L1: 11 | M1: 12
A2: I | B2: =37193+18064 -> 55257 | C2: =39053+16010 -> 55063 | D2: =41877+17252 -> 59129 | E2: =49005+18465 -> 67470 | F2: =35381+19931 -> 55312 | G2: =43034+19334 -> 62368 | H2: =43142+21923 -> 65065 | I2: =40516+15967 -> 56483 | J2: =44979+17834 -> 62813 | K2: =47684+20511 -> 68195 | L2: =39861+20761 -> 60622 | M2: =31739+21067 -> 52806
A3: PCS | B3: =496198+198457 -> 694655 | C3: =464784+148811 -> 613595 | D3: =492728+140695 -> 633423 | E3: =600634+157025 -> 757659 | F3: =457343+162854 -> 620197 | G3: =476239+169969 -> 646208 | H3: =517338+207767 -> 725105 | I3: =508280+142743 -> 651023 | J3: =439066+152125 -> 591191 | K3: =544603+182309 -> 726912 | L3: =443648+182039 -> 625687 | M3: =400285+17790 -> 418075
A4: 2015年/月份 | B4: 1 | C4: 2 | D4: 3 | E4: 4 | F4: 5 | G4: 6 | H4: 7 | I4: 8 | J4: 9 | K4: 10 | L4: 11 | M4: 12
A5: I | B5: =52126+22640 -> 74766 | C5: =39381+14207 -> 53588 | D5: =50344+22291 -> 72635 | E5: =45585+16098 -> 61683 | F5: 63019 | G5: 65339 | H5: 66729 | I5: 63204 | J5: 71271 | K5: 73736 | L5: 77700 | M5: 85071
A6: PCS | B6: =713524+302113 -> 1015637 | C6: =488291+138526 -> 626817 | D6: =521735+201209 -> 722944 | E6: =525340+144803 -> 670143 | F6: 700918 | G6: 707373 | H6: 737207 | I6: 814051 | J6: 918387 | K6: 775117 | L6: 1011035 | M6: 1201112
A7: 2016年/月份 | B7: 1 | C7: 2 | D7: 3 | E7: 4 | F7: 5 | G7: 6 | H7: 7 | I7: 8 | J7: 9 | K7: 10 | L7: 11 | M7: 12
A8: I | B8: 76036 | C8: 68333 | D8: 77543 | E8: 76742 | F8: 73888 | G8: 86617 | H8: 78313 | I8: 71403 | J8: 74708 | K8: 75109 | L8: 85130 | M8: 71365
A9: PCS | B9: 1328744 | C9: 939329 | D9: 981633 | E9: 1697335 | F9: 1022205 | G9: 1222222 | H9: 1051536 | I9: 889176 | J9: 929383 | K9: 1010261 | L9: 1208417 | M9: 1085894
A10: 同期比I | B10: =B8/B5 -> 1.0169863 | C10: =C8/C5 -> 1.2751549 | D10: =D8/D5 -> 1.0675707 | E10: =E8/E5 -> 1.2441353 | F10: =F8/F5 -> 1.1724718 | G10: =G8/G5 -> 1.3256554 | H10: =H8/H5 -> 1.1735977 | I10: =I8/I5 -> 1.1297228 | ... M10: =M8/M5 -> 0.83888752
A11: 同期比PCS | B11: =B9/B6 -> 1.3082863 | C11: =C9/C6 -> 1.4985698 | D11: =D9/D6 -> 1.3578272 | E11: =E9/E6 -> 2.5327952 | F11: =F9/F6 -> 1.4583803 | G11: =G9/G6 -> 1.7278324 | H11: =H9/H6 -> 1.4263782 | I11: =I9/I6 -> 1.0922854 | ... M11: =M9/M6 -> 0.90407389
A12: 2017年/月份 | B12: 1 | C12: 2 | D12: 3 | E12: 4 | F12: 5 | G12: 6 | H12: 7 | I12: 8 | J12: 9 | K12: 10 | L12: 11 | M12: 12
A13: I | B13: 89260 | C13: 61216 | D13: 92239 | E13: 70746 | F13: 72166 | G13: 79384 | H13: 88473 | I13: 93010 | J13: 87130 | K13: 77013 | L13: 88355 | M13: 76531
A14: PCS | B14: 1700935 | C14: 721085 | D14: 1202153 | E14: 1060419 | F14: 1063603 | G14: 1049824 | H14: 1103519 | I14: 1293402 | J14: 1172627 | K14: 1258484 | L14: 1216748 | M14: 1305038
A15: 同期比I | B15: =B13/B8 -> 1.1739176 | C15: =C13/C8 -> 0.89584827 | D15: =D13/D8 -> 1.1895207 | E15: =E13/E8 -> 0.92186808 | F15: =F13/F8 -> 0.97669446 | G15: =G13/G8 -> 0.91649445 | H15: =H13/H8 -> 1.1297358 | I15: =I13/I8 -> 1.3026063 | ... M15: =M13/M8 -> 1.0723884
A16: 同期比PCS | B16: =B14/B9 -> 1.2801074 | C16: =C14/C9 -> 0.76765968 | D16: =D14/D9 -> 1.2246461 | E16: =E14/E9 -> 0.62475528 | F16: =F14/F9 -> 1.0404987 | G16: =G14/G9 -> 0.85894707 | H16: =H14/H9 -> 1.0494353 | I16: =I14/I9 -> 1.4546074 | ... M16: =M14/M9 -> 1.2018098
A17: 2018年/月份 | B17: 1 | C17: 2 | D17: 3 | E17: 4 | F17: 5 | G17: 6 | H17: 7 | I17: 8 | J17: 9 | K17: 10 | L17: 11 | M17: 12
A18: I | B18: 94094 | C18: 71263 | D18: 91234 | E18: 74564 | F18: 88863 | G18: 71852 | H18: 85218 | I18: 75614 | J18: 87968 | K18: 83882 | L18: 92459 | M18: 76749
A19: PCS | B19: 1624123 | C19: 1136798 | D19: 1242691 | E19: 1182218 | F19: 1238105 | G19: 1211910 | H19: 1334803 | I19: 1171190 | J19: 1227569 | K19: 1249781 | L19: 1423839 | M19: 1267604
A20: 同期比I | B20: =B18/B13 -> 1.0541564 | C20: =C18/C13 -> 1.1641238 | D20: =D18/D13 -> 0.98910439 | E20: =E18/E13 -> 1.0539677 | F20: =F18/F13 -> 1.2313693 | G20: =G18/G13 -> 0.90511942 | H20: =H18/H13 -> 0.96320911 | I20: =I18/I13 -> 0.81296635 | ... M20: =M18/M13 -> 1.0028485
A21: 同期比PCS | B21: =B19/B14 -> 0.95484131 | C21: =C19/C14 -> 1.5765104 | D21: =D19/D14 -> 1.0337212 | E21: =E19/E14 -> 1.1148593 | F21: =F19/F14 -> 1.1640669 | G21: =G19/G14 -> 1.1543935 | H21: =H19/H14 -> 1.2095877 | I21: =I19/I14 -> 0.9055112 | ... M21: =M19/M14 -> 0.97131578
A22: 2019年/月份 | B22: 1 | C22: 2 | D22: 3 | E22: 4 | F22: 5 | G22: 6 | H22: 7 | I22: 8 | J22: 9 | K22: 10 | L22: 11 | M22: 12
A23: I | B23: 94541 | C23: 64264 | D23: 72895 | E23: 76434 | F23: 78417 | G23: 76076 | H23: 91269 | I23: 83130 | J23: 68376 | K23: 100460 | L23: 91667 | M23: 101821
A24: PCS | B24: 1514697 | C24: 987327 | D24: 1129534 | E24: 1241515 | F24: 1218380 | G24: 1234140 | H24: 1438773 | I24: 1197334 | J24: 1000002 | K24: 1434620 | L24: 1314964 | M24: 1534817
A25: 同期比I | B25: =B18/B23 -> 0.99527189 | C25: =C18/C23 -> 1.1089101 | D25: =D18/D23 -> 1.251581 | E25: =E18/E23 -> 0.97553445 | F25: =F18/F23 -> 1.1332109 | G25: =G18/G23 -> 0.94447658 | H25: =H18/H23 -> 0.93370148 | I25: =I18/I23 -> 0.90958739 | J25: =J23/J18 -> 0.77728265 | K25: =K23/K18 -> 1.1976348 | L25: =L23/L18 -> 0.99143404 | M25: =M23/M18 -> 1.3266753
A26: 同期比PCS | B26: =B19/B24 -> 1.0722428 | C26: =C19/C24 -> 1.1513896 | D26: =D19/D24 -> 1.1001803 | E26: =E19/E24 -> 0.95223819 | F26: =F19/F24 -> 1.0161895 | G26: =G19/G24 -> 0.98198746 | H26: =H19/H24 -> 0.92773704 | I26: =I19/I24 -> 0.97816482 | J26: =J24/J19 -> 0.81461979 | K26: =K24/K19 -> 1.1478971 | L26: =L24/L19 -> 0.92353419 | M26: =M24/M19 -> 1.2108016
A27: 2020年/月份 | B27: 1 | C27: 2 | D27: 3 | E27: 4 | F27: 5 | G27: 6 | H27: 7 | I27: 8 | J27: 9 | K27: 10 | L27: 11 | M27: 12
A28: I | B28: 80912 | C28: 78908 | D28: 84677 | E28: 72364 | F28: 88404 | G28: 79028 | H28: 100239 | I28: 99641 | J28: 86113 | K28: 91062 | L28: 91609 | M28: 122534
A29: PCS | B29: 1284289 | C29: 1215417 | D29: 1473277 | E29: 1281620 | F29: 1564926 | G29: 1256306 | H29: 1295767 | I29: 1277472 | J29: 1300368 | K29: 1221525 | L29: 1488301 | M29: 1590219
A30: 同期比I | B30: =B23/B28 -> 1.1684423 | C30: =C23/C28 -> 0.81441679 | D30: =D23/D28 -> 0.8608595 | E30: =E23/E28 -> 1.0562434 | F30: =F23/F28 -> 0.88703 | G30: =G23/G28 -> 0.96264615 | H30: =H23/H28 -> 0.91051387 | I30: =I23/I28 -> 0.83429512 | J30: =J28/J23 -> 1.2594039 | K30: =K28/K23 -> 0.90645033 | L30: =L28/L23 -> 0.99936728 | M30: =M28/M23 -> 1.2034256
A31: 同期比PCS | B31: =B24/B29 -> 1.1794051 | C31: =C24/C29 -> 0.81233601 | D31: =D24/D29 -> 0.76668135 | E31: =E24/E29 -> 0.96870757 | F31: =F24/F29 -> 0.77855439 | G31: =G24/G29 -> 0.98235621 | H31: =H24/H29 -> 1.110364 | I31: =I24/I29 -> 0.93726829 | J31: =J29/J24 -> 1.3003654 | K31: =K29/K24 -> 0.85146241 | L31: =L29/L24 -> 1.1318188 | M31: =M29/M24 -> 1.0360968
A32: 2021年/月份 | B32: 1 | C32: 2 | D32: 3 | E32: 4 | F32: 5 | G32: 6 | H32: 7 | I32: 8 | J32: 9 | K32: 10 | L32: 11 | M32: 12
A33: I | B33: 109087 | C33: 63617 | D33: 90797 | E33: 71472 | F33: 84403 | G33: 82486 | H33: 77347 | I33: 65823 | J33: 76526 | K33: 83320 | L33: 91781 | M33: 101214
A34: PCS | B34: 1590835 | C34: 1178970 | D34: 1516056 | E34: 1147688 | F34: 1412349 | G34: 1461802 | H34: 1284185 | I34: 1218066 | J34: 1352983 | K34: 1236302 | L34: 1447962 | M34: 1553156
A35: 同期比I | B35: =B33/B28 -> 1.3482178 | C35: =C28/C33 -> 1.2403603 | D35: =D28/D33 -> 0.93259689 | E35: =E28/E33 -> 1.0124804 | F35: =F28/F33 -> 1.0474035 | G35: =G28/G33 -> 0.95807773 | H35: =H28/H33 -> 1.2959649 | I35: =I28/I33 -> 1.5137718 | J35: =J33/J28 -> 0.88866954 | K35: =K33/K28 -> 0.914981 | L35: =L33/L28 -> 1.0018775 | M35: =M33/M28 -> 0.82600748
A36: 同期比PCS | B36: =B34/B29 -> 1.2386893 | C36: =C29/C34 -> 1.0309143 | D36: =D29/D34 -> 0.9717827 | E36: =E29/E34 -> 1.1166972 | F36: =F29/F34 -> 1.1080307 | G36: =G29/G34 -> 0.85942282 | H36: =H29/H34 -> 1.0090189 | I36: =I29/I34 -> 1.0487708 | J36: =J34/J29 -> 1.0404616 | K36: =K34/K29 -> 1.0120972 | L36: =L34/L29 -> 0.97289594 | M36: =M34/M29 -> 0.97669315
A37: 2022年/月份 | B37: 1 | C37: 2 | D37: 3 | E37: 4 | F37: 5 | G37: 6 | H37: 7 | I37: 8 | J37: 9 | K37: 10 | L37: 11 | M37: 12
A38: I | B38: 103232 | C38: 63927 | D38: 112851 | E38: 83070 | F38: 88988 | G38: 91796 | H38: 88671 | I38: 95742 | J38: 97444 | K38: 96411 | L38: 101583 | M38: 110262
A39: PCS | B39: 1491074 | C39: 922904 | D39: 1789012 | E39: 1277563 | F39: 1340509 | G39: 1294899 | H39: 1332450 | I39: 1486450 | J39: 1444923 | K39: 1390571 | L39: 1445203 | M39: 2001133
A40: 同期比I | B40: =B38/B33 -> 0.94632724 | C40: =C33/C38 -> 0.99515072 | D40: =D33/D38 -> 0.80457417 | E40: =E33/E38 -> 0.86038281 | F40: =F33/F38 -> 0.9484762 | G40: =G33/G38 -> 0.89857946 | H40: =H33/H38 -> 0.87229196 | I40: =I33/I38 -> 0.68750392 | J40: =J38/J33 -> 1.273345 | K40: =K38/K33 -> 1.1571171 | L40: =L38/L33 -> 1.1067977 | M40: =M38/M33 -> 1.0893947
A41: 同期比PCS | B41: =B39/B34 -> 0.93729017 | C41: =C34/C39 -> 1.2774568 | D41: =D34/D39 -> 0.8474264 | E41: =E34/E39 -> 0.89834161 | F41: =F34/F39 -> 1.0535916 | G41: =G34/G39 -> 1.1288927 | H41: =H34/H39 -> 0.96377725 | I41: =I34/I39 -> 0.81944633 | J41: =J39/J34 -> 1.0679536 | K41: =K39/K34 -> 1.1247826 | L41: =L39/L34 -> 0.99809456 | M41: =M39/M34 -> 1.2884301
A42: 2023年/月份 | B42: 1月 | C42: 2月 | D42: 3月 | E42: 4月 | F42: 5月 | G42: 6月 | H42: 7月 | I42: 8月 | J42: 9月 | K42: 10月 | L42: 11月 | M42: 12月
A43: I | B43: 97801 | C43: 82118 | D43: 91810 | E43: 79141 | F43: 94039 | G43: 87429 | H43: 104766 | I43: 92629 | J43: 93624 | K43: 159425 | L43: 112185 | M43: 114246
A44: PCS | B44: 1377016 | C44: 1335533 | D44: 1576602 | E44: 1341499 | F44: 1465817 | G44: 1472506 | H44: 1607581 | I44: 1390958 | J44: 1458345 | K44: 1661539 | L44: 1733671 | M44: 1702049
A45: 同期比I | B45: =B43/B38 -> 0.94739034 | C45: =C43/C38 -> 1.284559 | D45: =D43/D38 -> 0.81355061 | E45: =E43/E38 -> 0.95270254 | F45: =F43/F38 -> 1.0567605 | G45: =G43/G38 -> 0.95242712 | H45: =H43/H38 -> 1.1815137 | I45: =I43/I38 -> 0.96748553 | ... M45: =M43/M38 -> 1.0361321
A46: 同期比PCS | B46: =B44/B39 -> 0.92350614 | C46: =C44/C39 -> 1.4470985 | D46: =D44/D39 -> 0.88126966 | E46: =E44/E39 -> 1.0500453 | F46: =F44/F39 -> 1.0934779 | G46: =G44/G39 -> 1.137159 | H46: =H44/H39 -> 1.206485 | I46: =I44/I39 -> 0.93575835 | ... M46: =M44/M39 -> 0.85054267
A47: 2024年/月份 | B47: 1月 | C47: 2月 | D47: 3月 | E47: 4月 | F47: 5月 | G47: 6月 | H47: 7月 | I47: 8月 | J47: 9月 | K47: 10月 | L47: 11月 | M47: 12月
A48: I | B48: 110865 | C48: 76930 | D48: 90192 | E48: 96709 | F48: 93818 | G48: 94112 | H48: 100859 | I48: 92716 | J48: 96408 | K48: 101513 | L48: 99761 | M48: 114250
A49: PCS | B49: 1677551 | C49: 1280787 | D49: 1446226 | E49: 1473548 | F49: 1475667 | G49: 1444512 | H49: 1684907 | I49: 1484707 | J49: 1393606 | K49: 1628253 | L49: 1624740 | M49: 1780193
A50: 同期比I | B50: =B48/B43 -> 1.1335774 | C50: =C48/C43 -> 0.93682262 | D50: =D48/D43 -> 0.98237665 | E50: =E48/E43 -> 1.2219835 | F50: =F48/F43 -> 0.99764991 | G50: =G48/G43 -> 1.0764392 | H50: =H48/H43 -> 0.96270737 | I50: =I48/I43 -> 1.0009392 | ... M50: =M48/M43 -> 1.000035
A51: 同期比PCS | B51: =B49/B44 -> 1.2182509 | C51: =C49/C44 -> 0.95900813 | D51: =D49/D44 -> 0.9173057 | E51: =E49/E44 -> 1.0984339 | F51: =F49/F44 -> 1.0067198 | G51: =G49/G44 -> 0.98098887 | H51: =H49/H44 -> 1.0481008 | I51: =I49/I44 -> 1.0673989 | ... M51: =M49/M44 -> 1.0459117
A52: 2025年/月份 | B52: 1月 | C52: 2月 | D52: 3月 | E52: 4月 | F52: 5月 | G52: 6月 | H52: 7月 | I52: 8月 | J52: 9月 | K52: 10月 | L52: 11月 | M52: 12月
A53: I | B53: 129842 | C53: 102438 | D53: 99561 | E53: 103426 | F53: 75605 | G53: 102232 | H53: 98650 | I53: 95964 | J53: 94384 | K53: 99547 | L53: 101320 | M53: 100688
A54: PCS | B54: 1492848 | C54: 1547363 | D54: 1584863 | E54: 1569348 | F54: 1438634 | G54: 1640073 | H54: 1737019 | I54: 1664088 | J54: 1747272 | K54: 1597388 | L54: 2143813 | M54: 1922967
A55: 同期比I | B55: =B53/B48 -> 1.1711721 | C55: =C53/C48 -> 1.3315742 | D55: =D53/D48 -> 1.1038784 | E55: =E53/E48 -> 1.0694558 | F55: =F53/F48 -> 0.80586881 | G55: =G53/G48 -> 1.0862802 | H55: =H53/H48 -> 0.97809814 | I55: =I53/I48 -> 1.0350317 | ... M55: =M53/M48 -> 0.8812954
A56: 同期比PCS | B56: =B54/B49 -> 0.88989724 | C56: =C54/C49 -> 1.2081345 | D56: =D54/D49 -> 1.0958612 | E56: =E54/E49 -> 1.0650132 | F56: =F54/F49 -> 0.97490423 | G56: =G54/G49 -> 1.1353821 | H56: =H54/H49 -> 1.0309287 | I56: =I54/I49 -> 1.1208191 | ... M56: =M54/M49 -> 1.0802014

Sheet 庫位使用率
A2: 2015年10月 ~ 2015年12月 楊 梅 倉 庫 各 零 件 保 管 庫 區 使 用 狀 況
AF3: 2016/01/06 | AH3: 製表.
A4: 管 理 別 | C4: 中 小 物 庫 區 ( 材 敏 ) | P4: 大 物 庫 區 ( 和 泰 ) | Z4: 小 計 | AA4: 庫 區 保 管 狀 況 | AE4: 新 卡 | AF4: 空庫位 取 消 | AG4: 不適當 遷 移 | AH4: 合 計
A5: 區 域 別 | C5: 積 層 庫 區 | L5: 專 區 | P5: 小 計 | Q5: 高 層 架 庫 區 | W5: 專 區 | AB5: 小 計 | AC5: 合 計 | AD5: ▲ | AE5: ◎ | AF5: ▽ | AG5: 小 計 | AH5: 新 卡 | AI5: 空庫位 取消 | AJ5: 不適當 遷移
A6: 庫 區 | C6: A | D6: B | E6: C | F6: D | G6: E | H6: P | I6: T | J6: U | K6: 4 | L6: R | M6: S | N6: J | O6: W | Q6: F | R6: N | S6: G | T6: H | U6: M、Q | V6: L | W6: K | X6: V | Y6: Y | Z6: Z | AD6: 過高 >85% | AE6: 正常 75~85% | AF6: 過低 <75% | AK6: 合 計
A7: 保管類別 | C7: 高 銷 中 物 | D7: 高 銷 中小物 | E7: 低 銷 中量物 | F7: 低 銷 中小物 | G7: 暢 銷 量物區 | H7: 低、滯 銷區 | I7: 中 銷 量物區 | L7: 精品區 | M7: 高價 品區 | N7: 精品區 | Q7: 高中銷 大 物 | R7: 中低銷 大 物 | S7: 高中銷 大中物 | T7: 金屬區 | U7: 低、滯 銷區 | V7: 玻璃 庫區 | W7: 電、化 品區 | X7: 保桿區 | Y7: 輪胎區 | Z7: 油品區
B8: 使用率 | C8: =#REF!/#REF! -> #REF! | G8: =#REF!/#REF! -> #REF! | L8: =#REF!/#REF! -> #REF! | O8: =(#REF!+#REF!)/#REF! -> #REF! | P8: =(#REF!+#REF!)/#REF! -> #REF! | Q8: =#REF!/#REF! -> #REF! | T8: =(#REF!+#REF!)/#REF! -> #REF! | U8: =(#REF!+#REF!)/#REF! -> #REF! | V8: =(#REF!+#REF!)/#REF! -> #REF! | W8: =(#REF!+#REF!)/#REF! -> #REF! | X8: =(#REF!+#REF!)/#REF! -> #REF! | Y8: =(#REF!+#REF!)/#REF! -> #REF! | Z8: =(#REF!+#REF!)/#REF! -> #REF! | AB8: =(#REF!+#REF!)/#REF! -> #REF! | AC8: =(#REF!+#REF!)/#REF! -> #REF! | AD8: =#REF!/#REF! -> #REF! | AE8: =#REF!/#REF! -> #REF! | AF8: =#REF!/#REF! -> #REF! | AG8: =#REF!/#REF! -> #REF!
A9: 2022年 1月 | B9: 點數 (i) | C9: 7959 | D9: 32656 | E9: 3743 | F9: 17230 | G9: 1522 | H9: 4390 | I9: 2153 | L9: 30 | M9: 811 | N9: 681 | O9: 129 | P9: =SUM(C9:O9) -> 71304 | Q9: 1068 | R9: 2412 | S9: 1870 | T9: 2547 | U9: 2172 | V9: 730 | W9: 271 | X9: 696 | Y9: 194 | Z9: 128 | AB9: =SUM(Q9:AA9) -> 12088 | AC9: =P9+AB9 -> 83392 | AD9: 13 | AE9: 4 | AF9: 4 | AG9: =SUM(AD9:AF9) -> 21 | AH9: 2131 | AI9: 2261 | AJ9: 670 | AK9: =SUM(AH9:AJ14) -> 5062
B10: 延伸庫位 | C10: 35.8155 | D10: 146.952 | E10: 16.8435 | F10: 77.535 | G10: 0 | H10: 0 | I10: 0 | L10: 0 | M10: 4.055 | N10: 3.405 | O10: 0 | P10: =SUM(C10:O10) -> 284.606 | Q10: 10.68 | R10: 0 | S10: 0 | T10: 25.47 | U10: 0 | V10: 0 | W10: 0 | X10: 97.44 | Y10: 0 | Z10: 25.6 | AB10: =SUM(Q10:AA10) -> 159.19 | AC10: =P10+AB10 -> 443.796
B11: 配置數 | C11: 9252 | D11: 37456 | E11: 4675 | F11: 21619 | G11: 1602 | H11: 6242 | I11: 2442 | L11: 102 | M11: 876 | N11: 1147 | O11: 129 | P11: =SUM(C11:O11) -> 85542 | Q11: 1242 | R11: 2718 | S11: 2020 | T11: 3147 | U11: 4086 | V11: 851 | W11: 292 | X11: 852 | Y11: 204 | Z11: 164 | AB11: =SUM(Q11:AA11) -> 15576 | AC11: =P11+AB11 -> 101118
B12: 合計點數 | C12: =C9+D9+E9+F9+C10+D10+E10+F10 -> 61865.146 | G12: =G9+H9+I9+G10+H10+I10 -> 8065 | L12: =L9+M9+N9+L10+M10+N10 -> 1529.46 | Q12: =Q9+R9+S9+Q10+R10+S10 -> 5360.68
B13: 合計配置數 | C13: =C11+D11+E11+F11 -> 73002 | G13: =G11+H11+I11 -> 10286 | L13: =L11+M11+N11 -> 2125 | Q13: =Q11+R11+S11 -> 5980
B14: 使用率 | C14: =C12/C13 -> 0.84744454 | G14: =G12/G13 -> 0.78407544 | L14: =L12/L13 -> 0.71974588 | O14: =(O9+O10)/O11 -> 1 | P14: =(P9+P10)/P11 -> 0.83688254 | Q14: =Q12/Q13 -> 0.89643478 | T14: =(T9+T10)/T11 -> 0.81743565 | U14: =(U9+U10)/U11 -> 0.53157122 | V14: =(V9+V10)/V11 -> 0.85781434 | W14: =(W9+W10)/W11 -> 0.92808219 | X14: =(X9+X10)/X11 -> 0.93126761 | Y14: =(Y9+Y10)/Y11 -> 0.95098039 | Z14: =(Z9+Z10)/Z11 -> 0.93658537 | AB14: =(AB9+AB10)/AB11 -> 0.78628595 | AC14: =(AC9+AC10)/AC11 -> 0.82908875 | AD14: =AD9/$AG$102 -> #DIV/0! | AE14: =AE9/$AG$102 -> #DIV/0! | AF14: =AF9/$AG$102 -> #DIV/0! | AG14: =AG9/$AG$102 -> #DIV/0!
A15: 2022年 2月 | B15: 點數 (i) | C15: 7987 | D15: 32720 | E15: 3733 | F15: 17389 | G15: 1518 | H15: 4385 | I15: 2166 | L15: 31 | M15: 808 | N15: 682 | O15: 129 | P15: =SUM(C15:O15) -> 71548 | Q15: 1077 | R15: 2400 | S15: 1884 | T15: 2553 | U15: 2145 | V15: 729 | W15: 273 | X15: 706 | Y15: 196 | Z15: 129 | AB15: =SUM(Q15:AA15) -> 12092 | AC15: =P15+AB15 -> 83640 | AD15: 13 | AE15: 4 | AF15: 4 | AG15: =SUM(AD15:AF15) -> 21 | AH15: 1649 | AI15: 1805 | AJ15: 479 | AK15: =SUM(AH15:AJ20) -> 3933
B16: 延伸庫位 | C16: 35.9415 | D16: 147.24 | E16: 16.7985 | F16: 78.2505 | G16: 0 | H16: 0 | I16: 0 | L16: 0 | M16: 4.04 | N16: 3.41 | O16: 0 | P16: =SUM(C16:O16) -> 285.6805 | Q16: 10.77 | R16: 0 | S16: 0 | T16: 25.53 | U16: 0 | V16: 0 | W16: 0 | X16: 98.84 | Y16: 0 | Z16: 25.8 | AB16: =SUM(Q16:AA16) -> 160.94 | AC16: =P16+AB16 -> 446.6205
B17: 配置數 | C17: 9252 | D17: 37456 | E17: 4675 | F17: 21619 | G17: 1602 | H17: 6242 | I17: 2442 | L17: 102 | M17: 876 | N17: 1147 | O17: 129 | P17: =SUM(C17:O17) -> 85542 | Q17: 1242 | R17: 2718 | S17: 2020 | T17: 3147 | U17: 4086 | V17: 851 | W17: 292 | X17: 852 | Y17: 204 | Z17: 164 | AB17: =SUM(Q17:AA17) -> 15576 | AC17: =P17+AB17 -> 101118
B18: 合計點數 | C18: =C15+D15+E15+F15+C16+D16+E16+F16 -> 62107.23 | G18: =G15+H15+I15+G16+H16+I16 -> 8069 | L18: =L15+M15+N15+L16+M16+N16 -> 1528.45 | Q18: =Q15+R15+S15+Q16+R16+S16 -> 5371.77
B19: 合計配置數 | C19: =C17+D17+E17+F17 -> 73002 | G19: =G17+H17+I17 -> 10286 | L19: =L17+M17+N17 -> 2125 | Q19: =Q17+R17+S17 -> 5980
B20: 使用率 | C20: =C18/C19 -> 0.85076067 | G20: =G18/G19 -> 0.78446432 | L20: =L18/L19 -> 0.71927059 | O20: =(O15+O16)/O17 -> 1 | P20: =(P15+P16)/P17 -> 0.8397475 | Q20: =Q18/Q19 -> 0.8982893 | T20: =(T15+T16)/T17 -> 0.8193613 | U20: =(U15+U16)/U17 -> 0.52496329 | V20: =(V15+V16)/V17 -> 0.85663925 | W20: =(W15+W16)/W17 -> 0.93493151 | X20: =(X15+X16)/X17 -> 0.94464789 | Y20: =(Y15+Y16)/Y17 -> 0.96078431 | Z20: =(Z15+Z16)/Z17 -> 0.94390244 | AB20: =(AB15+AB16)/AB17 -> 0.78665511 | AC20: =(AC15+AC16)/AC17 -> 0.83156926 | AD20: =AD15/$AG$102 -> #DIV/0! | AE20: =AE15/$AG$102 -> #DIV/0! | AF20: =AF15/$AG$102 -> #DIV/0! | AG20: =AG15/$AG$102 -> #DIV/0!
A21: 2022年 3月 | B21: 點數 (i) | C21: 7895 | D21: 32892 | E21: 3795 | F21: 17620 | G21: 1529 | H21: 4351 | I21: 2241 | L21: 33 | M21: 810 | N21: 683 | O21: 129 | P21: =SUM(C21:O21) -> 71978 | Q21: 1078 | R21: 2395 | S21: 1902 | T21: 2602 | U21: 2135 | V21: 750 | W21: 273 | X21: 710 | Y21: 197 | Z21: 129 | AB21: =SUM(Q21:AA21) -> 12171 | AC21: =P21+AB21 -> 84149 | AD21: 13 | AE21: 4 | AF21: 4 | AG21: =SUM(AD21:AF21) -> 21 | AH21: 2509 | AI21: 3139 | AJ21: 1135 | AK21: =SUM(AH21:AJ26) -> 6783
B22: 延伸庫位 | C22: 35.5275 | D22: 148.014 | E22: 17.0775 | F22: 79.29 | G22: 0 | H22: 0 | I22: 0 | L22: 0 | M22: 4.05 | N22: 3.415 | O22: 0 | P22: =SUM(C22:O22) -> 287.374 | Q22: 10.78 | R22: 0 | S22: 0 | T22: 26.02 | U22: 0 | V22: 0 | W22: 0 | X22: 99.4 | Y22: 0 | Z22: 25.8 | AB22: =SUM(Q22:AA22) -> 162 | AC22: =P22+AB22 -> 449.374
B23: 配置數 | C23: 9252 | D23: 37456 | E23: 4675 | F23: 21619 | G23: 1602 | H23: 6242 | I23: 2442 | L23: 102 | M23: 876 | N23: 1147 | O23: 129 | P23: =SUM(C23:O23) -> 85542 | Q23: 1242 | R23: 2718 | S23: 2020 | T23: 3147 | U23: 4086 | V23: 851 | W23: 292 | X23: 852 | Y23: 204 | Z23: 164 | AB23: =SUM(Q23:AA23) -> 15576 | AC23: =P23+AB23 -> 101118
B24: 合計點數 | C24: =C21+D21+E21+F21+C22+D22+E22+F22 -> 62481.909 | G24: =G21+H21+I21+G22+H22+I22 -> 8121 | L24: =L21+M21+N21+L22+M22+N22 -> 1533.465 | Q24: =Q21+R21+S21+Q22+R22+S22 -> 5385.78
B25: 合計配置數 | C25: =C23+D23+E23+F23 -> 73002 | G25: =G23+H23+I23 -> 10286 | L25: =L23+M23+N23 -> 2125 | Q25: =Q23+R23+S23 -> 5980
B26: 使用率 | C26: =C24/C25 -> 0.85589311 | G26: =G24/G25 -> 0.78951974 | L26: =L24/L25 -> 0.72163059 | O26: =(O21+O22)/O23 -> 1 | P26: =(P21+P22)/P23 -> 0.84479407 | Q26: =Q24/Q25 -> 0.90063211 | T26: =(T21+T22)/T23 -> 0.83508738 | U26: =(U21+U22)/U23 -> 0.52251591 | V26: =(V21+V22)/V23 -> 0.8813161 | W26: =(W21+W22)/W23 -> 0.93493151 | X26: =(X21+X22)/X23 -> 0.95 | Y26: =(Y21+Y22)/Y23 -> 0.96568627 | Z26: =(Z21+Z22)/Z23 -> 0.94390244 | AB26: =(AB21+AB22)/AB23 -> 0.79179507 | AC26: =(AC21+AC22)/AC23 -> 0.83663021 | AD26: =AD21/$AG$102 -> #DIV/0! | AE26: =AE21/$AG$102 -> #DIV/0! | AF26: =AF21/$AG$102 -> #DIV/0! | AG26: =AG21/$AG$102 -> #DIV/0!
A27: 2022年 4月 | B27: 點數 (i) | C27: 7941 | D27: 32619 | E27: 3837 | F27: 18131 | G27: 1534 | H27: 4316 | I27: 2252 | L27: 35 | M27: 821 | N27: 690 | O27: 150 | P27: =SUM(C27:O27) -> 72326 | Q27: 1100 | R27: 2359 | S27: 1907 | T27: 2634 | U27: 2144 | V27: 748 | W27: 277 | X27: 717 | Y27: 198 | Z27: 129 | AB27: =SUM(Q27:AA27) -> 12213 | AC27: =P27+AB27 -> 84539 | AD27: 14 | AE27: 3 | AF27: 4 | AG27: =SUM(AD27:AF27) -> 21 | AH27: 1840 | AI27: 2521 | AJ27: 1084 | AK27: =SUM(AH27:AJ32) -> 5445
B28: 延伸庫位 | C28: 35.7345 | D28: 146.7855 | E28: 17.2665 | F28: 81.5895 | G28: 0 | H28: 0 | I28: 0 | L28: 0 | M28: 4.105 | N28: 3.45 | O28: 0 | P28: =SUM(C28:O28) -> 288.931 | Q28: 11 | R28: 0 | S28: 0 | T28: 26.34 | U28: 0 | V28: 0 | W28: 0 | X28: 100.38 | Y28: 0 | Z28: 25.8 | AB28: =SUM(Q28:AA28) -> 163.52 | AC28: =P28+AB28 -> 452.451
B29: 配置數 | C29: 9252 | D29: 37456 | E29: 4675 | F29: 21619 | G29: 1602 | H29: 6242 | I29: 2442 | L29: 102 | M29: 876 | N29: 1147 | O29: 151 | P29: =SUM(C29:O29) -> 85564 | Q29: 1242 | R29: 2718 | S29: 2020 | T29: 3147 | U29: 4086 | V29: 851 | W29: 292 | X29: 852 | Y29: 204 | Z29: 164 | AB29: =SUM(Q29:AA29) -> 15576 | AC29: =P29+AB29 -> 101140
B30: 合計點數 | C30: =C27+D27+E27+F27+C28+D28+E28+F28 -> 62809.376 | G30: =G27+H27+I27+G28+H28+I28 -> 8102 | L30: =L27+M27+N27+L28+M28+N28 -> 1553.555 | Q30: =Q27+R27+S27+Q28+R28+S28 -> 5377
B31: 合計配置數 | C31: =C29+D29+E29+F29 -> 73002 | G31: =G29+H29+I29 -> 10286 | L31: =L29+M29+N29 -> 2125 | Q31: =Q29+R29+S29 -> 5980
B32: 使用率 | C32: =C30/C31 -> 0.86037884 | G32: =G30/G31 -> 0.78767256 | L32: =L30/L31 -> 0.73108471 | O32: =(O27+O28)/O29 -> 0.99337748 | P32: =(P27+P28)/P29 -> 0.84866218 | Q32: =Q30/Q31 -> 0.89916388 | T32: =(T27+T28)/T29 -> 0.84535748 | U32: =(U27+U28)/U29 -> 0.52471855 | V32: =(V27+V28)/V29 -> 0.87896592 | W32: =(W27+W28)/W29 -> 0.94863014 | X32: =(X27+X28)/X29 -> 0.9593662 | Y32: =(Y27+Y28)/Y29 -> 0.97058824 | Z32: =(Z27+Z28)/Z29 -> 0.94390244 | AB32: =(AB27+AB28)/AB29 -> 0.79458911 | AC32: =(AC27+AC28)/AC29 -> 0.84033469 | AD32: =AD27/$AG$102 -> #DIV/0! | AE32: =AE27/$AG$102 -> #DIV/0! | AF32: =AF27/$AG$102 -> #DIV/0! | AG32: =AG27/$AG$102 -> #DIV/0!
A33: 2022年 5月 | B33: 點數 (i) | C33: 8037 | D33: 32045 | E33: 3837 | F33: 18896 | G33: 1534 | H33: 4358 | I33: 2264 | L33: 34 | M33: 816 | N33: 692 | O33: 149 | P33: =SUM(C33:O33) -> 72662 | Q33: 1124 | R33: 2371 | S33: 1892 | T33: 2637 | U33: 2181 | V33: 749 | W33: 276 | X33: 699 | Y33: 202 | Z33: 129 | AB33: =SUM(Q33:AA33) -> 12260 | AC33: =P33+AB33 -> 84922 | AD33: 14 | AE33: 3 | AF33: 4 | AG33: =SUM(AD33:AF33) -> 21 | AH33: 2123 | AI33: 3653 | AJ33: 1937 | AK33: =SUM(AH33:AJ38) -> 7713
B34: 延伸庫位 | C34: 36.1665 | D34: 144.2025 | E34: 17.2665 | F34: 85.032 | G34: 0 | H34: 0 | I34: 0 | L34: 0 | M34: 4.08 | N34: 3.46 | O34: 0 | P34: =SUM(C34:O34) -> 290.2075 | Q34: 11.24 | R34: 0 | S34: 0 | T34: 26.37 | U34: 0 | V34: 0 | W34: 0 | X34: 97.86 | Y34: 0 | Z34: 25.8 | AB34: =SUM(Q34:AA34) -> 161.27 | AC34: =P34+AB34 -> 451.4775
B35: 配置數 | C35: 9252 | D35: 37456 | E35: 4675 | F35: 21619 | G35: 1602 | H35: 6242 | I35: 2442 | L35: 102 | M35: 876 | N35: 1147 | O35: 151 | P35: =SUM(C35:O35) -> 85564 | Q35: 1242 | R35: 2718 | S35: 2020 | T35: 3147 | U35: 4086 | V35: 851 | W35: 292 | X35: 852 | Y35: 204 | Z35: 164 | AB35: =SUM(Q35:AA35) -> 15576 | AC35: =P35+AB35 -> 101140
B36: 合計點數 | C36: =C33+D33+E33+F33+C34+D34+E34+F34 -> 63097.667 | G36: =G33+H33+I33+G34+H34+I34 -> 8156 | L36: =L33+M33+N33+L34+M34+N34 -> 1549.54 | Q36: =Q33+R33+S33+Q34+R34+S34 -> 5398.24
B37: 合計配置數 | C37: =C35+D35+E35+F35 -> 73002 | G37: =G35+H35+I35 -> 10286 | L37: =L35+M35+N35 -> 2125 | Q37: =Q35+R35+S35 -> 5980
B38: 使用率 | C38: =C36/C37 -> 0.86432793 | G38: =G36/G37 -> 0.79292242 | L38: =L36/L37 -> 0.72919529 | O38: =(O33+O34)/O35 -> 0.98675497 | P38: =(P33+P34)/P35 -> 0.85260399 | Q38: =Q36/Q37 -> 0.90271572 | T38: =(T33+T34)/T35 -> 0.84632031 | U38: =(U33+U34)/U35 -> 0.53377386 | V38: =(V33+V34)/V35 -> 0.88014101 | W38: =(W33+W34)/W35 -> 0.94520548 | X38: =(X33+X34)/X35 -> 0.93528169 | Y38: =(Y33+Y34)/Y35 -> 0.99019608 | Z38: =(Z33+Z34)/Z35 -> 0.94390244 | AB38: =(AB33+AB34)/AB35 -> 0.79746212 | AC38: =(AC33+AC34)/AC35 -> 0.8441119 | AD38: =AD33/$AG$102 -> #DIV/0! | AE38: =AE33/$AG$102 -> #DIV/0! | AF38: =AF33/$AG$102 -> #DIV/0! | AG38: =AG33/$AG$102 -> #DIV/0!
A39: 2022年 6月 | B39: 點數 (i) | C39: 8074 | D39: 30954 | E39: 3744 | F39: 19545 | G39: 1527 | H39: 3991 | I39: 2283 | L39: 35 | M39: 823 | N39: 690 | O39: 151 | P39: =SUM(C39:O39) -> 71817 | Q39: 1132 | R39: 2380 | S39: 1906 | T39: 2559 | U39: 2002 | V39: 755 | W39: 277 | X39: 702 | Y39: 204 | Z39: 129 | AB39: =SUM(Q39:AA39) -> 12046 | AC39: =P39+AB39 -> 83863 | AD39: 14 | AE39: 3 | AF39: 4 | AG39: =SUM(AD39:AF39) -> 21 | AH39: 1878 | AI39: 4670 | AJ39: 1760 | AK39: =SUM(AH39:AJ44) -> 8308
B40: 延伸庫位 | C40: 36.333 | D40: 139.293 | E40: 16.848 | F40: 87.9525 | G40: 0 | H40: 0 | I40: 0 | L40: 0 | M40: 4.115 | N40: 3.45 | O40: 0 | P40: =SUM(C40:O40) -> 287.9915 | Q40: 11.32 | R40: 0 | S40: 0 | T40: 25.59 | U40: 0 | V40: 0 | W40: 0 | X40: 98.28 | Y40: 0 | Z40: 25.8 | AB40: =SUM(Q40:AA40) -> 160.99 | AC40: =P40+AB40 -> 448.9815
B41: 配置數 | C41: 9252 | D41: 37456 | E41: 4675 | F41: 21619 | G41: 1602 | H41: 6242 | I41: 2442 | L41: 102 | M41: 876 | N41: 1147 | O41: 151 | P41: =SUM(C41:O41) -> 85564 | Q41: 1242 | R41: 2718 | S41: 2020 | T41: 3147 | U41: 4086 | V41: 851 | W41: 292 | X41: 852 | Y41: 204 | Z41: 164 | AB41: =SUM(Q41:AA41) -> 15576 | AC41: =P41+AB41 -> 101140
B42: 合計點數 | C42: =C39+D39+E39+F39+C40+D40+E40+F40 -> 62597.426 | G42: =G39+H39+I39+G40+H40+I40 -> 7801 | L42: =L39+M39+N39+L40+M40+N40 -> 1555.565 | Q42: =Q39+R39+S39+Q40+R40+S40 -> 5429.32
B43: 合計配置數 | C43: =C41+D41+E41+F41 -> 73002 | G43: =G41+H41+I41 -> 10286 | L43: =L41+M41+N41 -> 2125 | Q43: =Q41+R41+S41 -> 5980
B44: 使用率 | C44: =C42/C43 -> 0.8574755 | G44: =G42/G43 -> 0.75840949 | L44: =L42/L43 -> 0.73203059 | O44: =(O39+O40)/O41 -> 1 | P44: =(P39+P40)/P41 -> 0.84270244 | Q44: =Q42/Q43 -> 0.90791304 | T44: =(T39+T40)/T41 -> 0.82128694 | U44: =(U39+U40)/U41 -> 0.48996574 | V44: =(V39+V40)/V41 -> 0.88719154 | W44: =(W39+W40)/W41 -> 0.94863014 | X44: =(X39+X40)/X41 -> 0.93929577 | Y44: =(Y39+Y40)/Y41 -> 1 | Z44: =(Z39+Z40)/Z41 -> 0.94390244 | AB44: =(AB39+AB40)/AB41 -> 0.78370506 | AC44: =(AC39+AC40)/AC41 -> 0.83361659 | AD44: =AD39/$AG$102 -> #DIV/0! | AE44: =AE39/$AG$102 -> #DIV/0! | AF44: =AF39/$AG$102 -> #DIV/0! | AG44: =AG39/$AG$102 -> #DIV/0!
A45: 2022年 7月 | B45: 點數 (i) | C45: 7941 | D45: 31386 | E45: 3911 | F45: 19497 | G45: 1531 | H45: 3993 | I45: 2281 | L45: 32 | M45: 834 | N45: 690 | O45: 151 | P45: =SUM(C45:O45) -> 72247 | Q45: 1136 | R45: 2421 | S45: 1900 | T45: 2624 | U45: 2017 | V45: 723 | W45: 278 | X45: 710 | Y45: 201 | Z45: 129 | AB45: =SUM(Q45:AA45) -> 12139 | AC45: =P45+AB45 -> 84386 | AD45: 13 | AE45: 4 | AF45: 4 | AG45: =SUM(AD45:AF45) -> 21 | AH45: 1872 | AI45: 2293 | AJ45: 962 | AK45: =SUM(AH45:AJ50) -> 5127
B46: 延伸庫位 | C46: 35.7345 | D46: 141.237 | E46: 17.5995 | F46: 87.7365 | G46: 0 | H46: 0 | I46: 0 | L46: 0 | M46: 4.17 | N46: 3.45 | O46: 0 | P46: =SUM(C46:O46) -> 289.9275 | Q46: 11.36 | R46: 0 | S46: 0 | T46: 26.24 | U46: 0 | V46: 0 | W46: 0 | X46: 177.5 | Y46: 0 | Z46: 25.8 | AB46: =SUM(Q46:AA46) -> 240.9 | AC46: =P46+AB46 -> 530.8275
B47: 配置數 | C47: 9252 | D47: 37456 | E47: 4675 | F47: 21619 | G47: 1602 | H47: 6242 | I47: 2505 | L47: 102 | M47: 876 | N47: 1147 | O47: 151 | P47: =SUM(C47:O47) -> 85627 | Q47: 1242 | R47: 2718 | S47: 2020 | T47: 3147 | U47: 4086 | V47: 851 | W47: 292 | X47: 990 | Y47: 204 | Z47: 164 | AB47: =SUM(Q47:AA47) -> 15714 | AC47: =P47+AB47 -> 101341
B48: 合計點數 | C48: =C45+D45+E45+F45+C46+D46+E46+F46 -> 63017.307 | G48: =G45+H45+I45+G46+H46+I46 -> 7805 | L48: =L45+M45+N45+L46+M46+N46 -> 1563.62 | Q48: =Q45+R45+S45+Q46+R46+S46 -> 5468.36
B49: 合計配置數 | C49: =C47+D47+E47+F47 -> 73002 | G49: =G47+H47+I47 -> 10349 | L49: =L47+M47+N47 -> 2125 | Q49: =Q47+R47+S47 -> 5980
B50: 使用率 | C50: =C48/C49 -> 0.86322714 | G50: =G48/G49 -> 0.75417915 | L50: =L48/L49 -> 0.73582118 | O50: =(O45+O46)/O47 -> 1 | P50: =(P45+P46)/P47 -> 0.84712681 | Q50: =Q48/Q49 -> 0.91444147 | T50: =(T45+T46)/T47 -> 0.84214808 | U50: =(U45+U46)/U47 -> 0.49363681 | V50: =(V45+V46)/V47 -> 0.84958872 | W50: =(W45+W46)/W47 -> 0.95205479 | X50: =(X45+X46)/X47 -> 0.89646465 | Y50: =(Y45+Y46)/Y47 -> 0.98529412 | Z50: =(Z45+Z46)/Z47 -> 0.94390244 | AB50: =(AB45+AB46)/AB47 -> 0.78782614 | AC50: =(AC45+AC46)/AC47 -> 0.83793161 | AD50: =AD45/$AG$102 -> #DIV/0! | AE50: =AE45/$AG$102 -> #DIV/0! | AF50: =AF45/$AG$102 -> #DIV/0! | AG50: =AG45/$AG$102 -> #DIV/0!
A51: 2022年 8月 | B51: 點數 (i) | C51: 8022 | D51: 31653 | E51: 3788 | F51: 19468 | G51: 1506 | H51: 4166 | I51: 2325 | L51: 33 | M51: 835 | N51: 713 | O51: 151 | P51: =SUM(C51:O51) -> 72660 | Q51: 1134 | R51: 2468 | S51: 1930 | T51: 2697 | U51: 2005 | V51: 729 | W51: 279 | X51: 718 | Y51: 200 | Z51: 130 | AB51: =SUM(Q51:AA51) -> 12290 | AC51: =P51+AB51 -> 84950 | AD51: 13 | AE51: 4 | AF51: 4 | AG51: =SUM(AD51:AF51) -> 21 | AH51: 2101 | AI51: 2279 | AJ51: 741 | AK51: =SUM(AH51:AJ56) -> 5121
B52: 延伸庫位 | C52: 36.099 | D52: 142.4385 | E52: 17.046 | F52: 87.606 | G52: 0 | H52: 0 | I52: 0 | L52: 0 | M52: 4.175 | N52: 3.565 | O52: 0 | P52: =SUM(C52:O52) -> 290.9295 | Q52: 32.34 | R52: 0 | S52: 0 | T52: 26.97 | U52: 0 | V52: 0 | W52: 0 | X52: 179.5 | Y52: 0 | Z52: 0 | AB52: =SUM(Q52:AA52) -> 238.81 | AC52: =P52+AB52 -> 529.7395
B53: 配置數 | C53: 9252 | D53: 37456 | E53: 4675 | F53: 21619 | G53: 1710 | H53: 6490 | I53: 2553 | L53: 102 | M53: 876 | N53: 1147 | O53: 151 | P53: =SUM(C53:O53) -> 86031 | Q53: 1262 | R53: 2766 | S53: 2020 | T53: 3147 | U53: 4086 | V53: 851 | W53: 292 | X53: 990 | Y53: 204 | Z53: 164 | AB53: =SUM(Q53:AA53) -> 15782 | AC53: =P53+AB53 -> 101813
B54: 合計點數 | C54: =C51+D51+E51+F51+C52+D52+E52+F52 -> 63214.19 | G54: =G51+H51+I51+G52+H52+I52 -> 7997 | L54: =L51+M51+N51+L52+M52+N52 -> 1588.74 | Q54: =Q51+R51+S51+Q52+R52+S52 -> 5564.34
B55: 合計配置數 | C55: =C53+D53+E53+F53 -> 73002 | G55: =G53+H53+I53 -> 10753 | L55: =L53+M53+N53 -> 2125 | Q55: =Q53+R53+S53 -> 6048
B56: 使用率 | C56: =C54/C55 -> 0.86592408 | G56: =G54/G55 -> 0.74369943 | L56: =L54/L55 -> 0.74764235 | O56: =(O51+O52)/O53 -> 1 | P56: =(P51+P52)/P53 -> 0.84796096 | Q56: =Q54/Q55 -> 0.92002976 | T56: =(T51+T52)/T53 -> 0.86557674 | U56: =(U51+U52)/U53 -> 0.49069995 | V56: =(V51+V52)/V53 -> 0.85663925 | W56: =(W51+W52)/W53 -> 0.95547945 | X56: =(X51+X52)/X53 -> 0.90656566 | Y56: =(Y51+Y52)/Y53 -> 0.98039216 | Z56: =(Z51+Z52)/Z53 -> 0.79268293 | AB56: =(AB51+AB52)/AB53 -> 0.79386706 | AC56: =(AC51+AC52)/AC53 -> 0.83957588 | AD56: =AD51/$AG$102 -> #DIV/0! | AE56: =AE51/$AG$102 -> #DIV/0! | AF56: =AF51/$AG$102 -> #DIV/0! | AG56: =AG51/$AG$102 -> #DIV/0!
A57: 2022年 9月 | B57: 點數 (i) | C57: 8059 | D57: 32013 | E57: 3811 | F57: 19076 | G57: 1552 | H57: 4469 | I57: 2257 | L57: 30 | M57: 839 | N57: 714 | O57: 151 | P57: =SUM(C57:O57) -> 72971 | Q57: 1142 | R57: 2433 | S57: 1929 | T57: 2659 | U57: 1973 | V57: 738 | W57: 281 | X57: 726 | Y57: 202 | Z57: 132 | AB57: =SUM(Q57:AA57) -> 12215 | AC57: =P57+AB57 -> 85186 | AD57: 12 | AE57: 5 | AF57: 4 | AG57: =SUM(AD57:AF57) -> 21 | AH57: 1940 | AI57: 2409 | AJ57: 737 | AK57: =SUM(AH57:AJ62) -> 5086
B58: 延伸庫位 | C58: 36.2655 | D58: 144.0585 | E58: 17.1495 | F58: 85.842 | G58: 0 | H58: 0 | I58: 0 | L58: 0 | M58: 4.195 | N58: 3.57 | O58: 0 | P58: =SUM(C58:O58) -> 291.0805 | Q58: 32.42 | R58: 0 | S58: 0 | T58: 26.59 | U58: 0 | V58: 0 | W58: 0 | X58: 181.5 | Y58: 0 | Z58: 0 | AB58: =SUM(Q58:AA58) -> 240.51 | AC58: =P58+AB58 -> 531.5905
B59: 配置數 | C59: 9252 | D59: 37456 | E59: 4675 | F59: 21619 | G59: 1710 | H59: 6490 | I59: 2553 | L59: 102 | M59: 876 | N59: 1147 | O59: 151 | P59: =SUM(C59:O59) -> 86031 | Q59: 1262 | R59: 2766 | S59: 2020 | T59: 3192 | U59: 4086 | V59: 859 | W59: 292 | X59: 990 | Y59: 204 | Z59: 164 | AB59: =SUM(Q59:AA59) -> 15835 | AC59: =P59+AB59 -> 101866
B60: 合計點數 | C60: =C57+D57+E57+F57+C58+D58+E58+F58 -> 63242.315 | G60: =G57+H57+I57+G58+H58+I58 -> 8278 | L60: =L57+M57+N57+L58+M58+N58 -> 1590.765 | Q60: =Q57+R57+S57+Q58+R58+S58 -> 5536.42
B61: 合計配置數 | C61: =C59+D59+E59+F59 -> 73002 | G61: =G59+H59+I59 -> 10753 | L61: =L59+M59+N59 -> 2125 | Q61: =Q59+R59+S59 -> 6048
B62: 使用率 | C62: =C60/C61 -> 0.86630935 | G62: =G60/G61 -> 0.76983167 | L62: =L60/L61 -> 0.74859529 | O62: =(O57+O58)/O59 -> 1 | P62: =(P57+P58)/P59 -> 0.85157769 | Q62: =Q60/Q61 -> 0.91541336 | T62: =(T57+T58)/T59 -> 0.84135025 | U62: =(U57+U58)/U59 -> 0.48286833 | V62: =(V57+V58)/V59 -> 0.85913853 | W62: =(W57+W58)/W59 -> 0.96232877 | X62: =(X57+X58)/X59 -> 0.91666667 | Y62: =(Y57+Y58)/Y59 -> 0.99019608 | Z62: =(Z57+Z58)/Z59 -> 0.80487805 | AB62: =(AB57+AB58)/AB59 -> 0.78658099 | AC62: =(AC57+AC58)/AC59 -> 0.841474 | AD62: =AD57/$AG$102 -> #DIV/0! | AE62: =AE57/$AG$102 -> #DIV/0! | AF62: =AF57/$AG$102 -> #DIV/0! | AG62: =AG57/$AG$102 -> #DIV/0!
A63: 2022年 10月 | B63: 點數 (i) | C63: 8074 | D63: 32146 | E63: 3809 | F63: 18439 | G63: 1561 | H63: 5107 | I63: 2197 | L63: 42 | M63: 834 | N63: 713 | O63: 151 | P63: =SUM(C63:O63) -> 73073 | Q63: 1162 | R63: 2380 | S63: 1939 | T63: 2685 | U63: 2103 | V63: 748 | W63: 284 | X63: 729 | Y63: 174 | Z63: 132 | AB63: =SUM(Q63:AA63) -> 12336 | AC63: =P63+AB63 -> 85409 | AD63: 12 | AE63: 6 | AF63: 3 | AG63: =SUM(AD63:AF63) -> 21 | AH63: 1836 | AI63: 2850 | AJ63: 1236 | AK63: =SUM(AH63:AJ68) -> 5922
B64: 延伸庫位 | C64: 36.333 | D64: 144.657 | E64: 17.1405 | F64: 82.9755 | G64: 0 | H64: 0 | I64: 0 | L64: 0 | M64: 4.17 | N64: 3.565 | O64: 0 | P64: =SUM(C64:O64) -> 288.841 | Q64: 32.62 | R64: 0 | S64: 0 | T64: 26.85 | U64: 0 | V64: 0 | W64: 0 | X64: 182.25 | Y64: 0 | Z64: 0 | AB64: =SUM(Q64:AA64) -> 241.72 | AC64: =P64+AB64 -> 530.561
B65: 配置數 | C65: 9252 | D65: 37456 | E65: 4675 | F65: 21619 | G65: 1710 | H65: 6490 | I65: 2553 | L65: 102 | M65: 876 | N65: 1147 | O65: 151 | P65: =SUM(C65:O65) -> 86031 | Q65: 1262 | R65: 2766 | S65: 2020 | T65: 3192 | U65: 4086 | V65: 859 | W65: 292 | X65: 990 | Y65: 204 | Z65: 164 | AB65: =SUM(Q65:AA65) -> 15835 | AC65: =P65+AB65 -> 101866
B66: 合計點數 | C66: =C63+D63+E63+F63+C64+D64+E64+F64 -> 62749.106 | G66: =G63+H63+I63+G64+H64+I64 -> 8865 | L66: =L63+M63+N63+L64+M64+N64 -> 1596.735 | Q66: =Q63+R63+S63+Q64+R64+S64 -> 5513.62
B67: 合計配置數 | C67: =C65+D65+E65+F65 -> 73002 | G67: =G65+H65+I65 -> 10753 | L67: =L65+M65+N65 -> 2125 | Q67: =Q65+R65+S65 -> 6048
B68: 使用率 | C68: =C66/C67 -> 0.85955325 | G68: =G66/G67 -> 0.82442109 | L68: =L66/L67 -> 0.75140471 | O68: =(O63+O64)/O65 -> 1 | P68: =(P63+P64)/P65 -> 0.85273728 | Q68: =Q66/Q67 -> 0.91164352 | T68: =(T63+T64)/T65 -> 0.84957707 | U68: =(U63+U64)/U65 -> 0.51468429 | V68: =(V63+V64)/V65 -> 0.87077998 | W68: =(W63+W64)/W65 -> 0.97260274 | X68: =(X63+X64)/X65 -> 0.92045455 | Y68: =(Y63+Y64)/Y65 -> 0.85294118 | Z68: =(Z63+Z64)/Z65 -> 0.80487805 | AB68: =(AB63+AB64)/AB65 -> 0.79429871 | AC68: =(AC63+AC64)/AC65 -> 0.84365304 | AD68: =AD63/$AG$102 -> #DIV/0! | AE68: =AE63/$AG$102 -> #DIV/0! | AF68: =AF63/$AG$102 -> #DIV/0! | AG68: =AG63/$AG$102 -> #DIV/0!
A69: 2022年 11月 | B69: 點數 (i) | C69: 8158 | D69: 32420 | E69: 3771 | F69: 18417 | G69: 1551 | H69: 5163 | I69: 2273 | L69: 57 | M69: 836 | N69: 694 | O69: 151 | P69: =SUM(C69:O69) -> 73491 | Q69: 1152 | R69: 2248 | S69: 1932 | T69: 2629 | U69: 2480 | V69: 755 | W69: 286 | X69: 738 | Y69: 175 | Z69: 133 | AB69: =SUM(Q69:AA69) -> 12528 | AC69: =P69+AB69 -> 86019 | AD69: 11 | AE69: 7 | AF69: 3 | AG69: =SUM(AD69:AF69) -> 21 | AH69: 1984 | AI69: 2680 | AJ69: 1317 | AK69: =SUM(AH69:AJ74) -> 5981
B70: 延伸庫位 | C70: 36.711 | D70: 145.89 | E70: 16.9695 | F70: 82.8765 | G70: 0 | H70: 0 | I70: 0 | L70: 0 | M70: 4.18 | N70: 3.47 | O70: 0 | P70: =SUM(C70:O70) -> 290.097 | Q70: 32.52 | R70: 0 | S70: 0 | T70: 26.29 | U70: 0 | V70: 0 | W70: 0 | X70: 184.5 | Y70: 0 | Z70: 0 | AB70: =SUM(Q70:AA70) -> 243.31 | AC70: =P70+AB70 -> 533.407
B71: 配置數 | C71: 9252 | D71: 37456 | E71: 4675 | F71: 21619 | G71: 1710 | H71: 6490 | I71: 2553 | L71: 102 | M71: 876 | N71: 1147 | O71: 151 | P71: =SUM(C71:O71) -> 86031 | Q71: 1262 | R71: 2766 | S71: 2020 | T71: 3192 | U71: 4086 | V71: 859 | W71: 292 | X71: 990 | Y71: 204 | Z71: 164 | AB71: =SUM(Q71:AA71) -> 15835 | AC71: =P71+AB71 -> 101866
B72: 合計點數 | C72: =C69+D69+E69+F69+C70+D70+E70+F70 -> 63048.447 | G72: =G69+H69+I69+G70+H70+I70 -> 8987 | L72: =L69+M69+N69+L70+M70+N70 -> 1594.65 | Q72: =Q69+R69+S69+Q70+R70+S70 -> 5364.52
B73: 合計配置數 | C73: =C71+D71+E71+F71 -> 73002 | G73: =G71+H71+I71 -> 10753 | L73: =L71+M71+N71 -> 2125 | Q73: =Q71+R71+S71 -> 6048
B74: 使用率 | C74: =C72/C73 -> 0.86365369 | G74: =G72/G73 -> 0.83576676 | L74: =L72/L73 -> 0.75042353 | O74: =(O69+O70)/O71 -> 1 | P74: =(P69+P70)/P71 -> 0.85761059 | Q74: =Q72/Q73 -> 0.88699074 | T74: =(T69+T70)/T71 -> 0.83185777 | U74: =(U69+U70)/U71 -> 0.60695056 | V74: =(V69+V70)/V71 -> 0.87892899 | W74: =(W69+W70)/W71 -> 0.97945205 | X74: =(X69+X70)/X71 -> 0.93181818 | Y74: =(Y69+Y70)/Y71 -> 0.85784314 | Z74: =(Z69+Z70)/Z71 -> 0.81097561 | AB74: =(AB69+AB70)/AB71 -> 0.80652416 | AC74: =(AC69+AC70)/AC71 -> 0.84966924 | AD74: =AD69/$AG$102 -> #DIV/0! | AE74: =AE69/$AG$102 -> #DIV/0! | AF74: =AF69/$AG$102 -> #DIV/0! | AG74: =AG69/$AG$102 -> #DIV/0!
A75: 2022年 12月 | B75: 點數 (i) | C75: 8240 | D75: 32685 | E75: 3841 | F75: 18650 | G75: 1573 | H75: 5129 | I75: 2309 | L75: 59 | M75: 830 | N75: 706 | O75: 151 | P75: =SUM(C75:O75) -> 74173 | Q75: 1145 | R75: 2289 | S75: 1965 | T75: 2629 | U75: 2558 | V75: 767 | W75: 286 | X75: 757 | Y75: 177 | Z75: 134 | AB75: =SUM(Q75:AA75) -> 12707 | AC75: =P75+AB75 -> 86880 | AD75: 13 | AE75: 5 | AF75: 3 | AG75: =SUM(AD75:AF75) -> 21 | AH75: 2147 | AI75: 1620 | AJ75: 417 | AK75: =SUM(AH75:AJ80) -> 4184
B76: 延伸庫位 | C76: 37.08 | D76: 147.0825 | E76: 17.2845 | F76: 83.925 | G76: 0 | H76: 0 | I76: 0 | L76: 0 | M76: 4.15 | N76: 3.53 | O76: 0 | P76: =SUM(C76:O76) -> 293.052 | Q76: 32.45 | R76: 0 | S76: 0 | T76: 26.29 | U76: 0 | V76: 0 | W76: 0 | X76: 189.25 | Y76: 0 | Z76: 0 | AB76: =SUM(Q76:AA76) -> 247.99 | AC76: =P76+AB76 -> 541.042
B77: 配置數 | C77: 9252 | D77: 37456 | E77: 4675 | F77: 21619 | G77: 1710 | H77: 6490 | I77: 2553 | L77: 102 | M77: 876 | N77: 1147 | O77: 151 | P77: =SUM(C77:O77) -> 86031 | Q77: 1262 | R77: 2766 | S77: 2020 | T77: 3192 | U77: 4086 | V77: 859 | W77: 292 | X77: 990 | Y77: 204 | Z77: 164 | AB77: =SUM(Q77:AA77) -> 15835 | AC77: =P77+AB77 -> 101866
B78: 合計點數 | C78: =C75+D75+E75+F75+C76+D76+E76+F76 -> 63701.372 | G78: =G75+H75+I75+G76+H76+I76 -> 9011 | L78: =L75+M75+N75+L76+M76+N76 -> 1602.68 | Q78: =Q75+R75+S75+Q76+R76+S76 -> 5431.45
B79: 合計配置數 | C79: =C77+D77+E77+F77 -> 73002 | G79: =G77+H77+I77 -> 10753 | L79: =L77+M77+N77 -> 2125 | Q79: =Q77+R77+S77 -> 6048
B80: 使用率 | C80: =C78/C79 -> 0.87259763 | G80: =G78/G79 -> 0.8379987 | L80: =L78/L79 -> 0.75420235 | O80: =(O75+O76)/O77 -> 1 | P80: =(P75+P76)/P77 -> 0.86557232 | Q80: =Q78/Q79 -> 0.89805721 | T80: =(T75+T76)/T77 -> 0.83185777 | U80: =(U75+U76)/U77 -> 0.62604014 | V80: =(V75+V76)/V77 -> 0.89289872 | W80: =(W75+W76)/W77 -> 0.97945205 | X80: =(X75+X76)/X77 -> 0.95580808 | Y80: =(Y75+Y76)/Y77 -> 0.86764706 | Z80: =(Z75+Z76)/Z77 -> 0.81707317 | AB80: =(AB75+AB76)/AB77 -> 0.81812378 | AC80: =(AC75+AC76)/AC77 -> 0.85819647 | AD80: =AD75/$AG$102 -> #DIV/0! | AE80: =AE75/$AG$102 -> #DIV/0! | AF80: =AF75/$AG$102 -> #DIV/0! | AG80: =AG75/$AG$102 -> #DIV/0!
A81: 2023年 1月 | B81: 點數 (i) | C81: 8185 | D81: 32709 | E81: 3854 | F81: 18689 | G81: 1575 | H81: 5063 | I81: 2318 | L81: 60 | M81: 823 | N81: 708 | O81: 151 | P81: =SUM(C81:O81) -> 74135 | Q81: 1212 | R81: 2315 | S81: 1955 | T81: 2657 | U81: 2537 | V81: 760 | W81: 288 | X81: 767 | Y81: 182 | Z81: 134 | AB81: =SUM(Q81:AA81) -> 12807 | AC81: =P81+AB81 -> 86942 | AD81: 13 | AE81: 5 | AF81: 3 | AG81: =SUM(AD81:AF81) -> 21 | AH81: 1551 | AI81: 1993 | AJ81: 611 | AK81: =SUM(AH81:AJ86) -> 4155
B82: 延伸庫位 | C82: 37.08 | D82: 147.0825 | E82: 17.2845 | F82: 83.925 | G82: 0 | H82: 0 | I82: 0 | L82: 0 | M82: 4.15 | N82: 3.53 | O82: 0 | P82: =SUM(C82:O82) -> 293.052 | Q82: 33.12 | R82: 0 | S82: 0 | T82: 26.57 | U82: 0 | V82: 0 | W82: 0 | X82: 191.75 | Y82: 0 | Z82: 0 | AB82: =SUM(Q82:AA82) -> 251.44 | AC82: =P82+AB82 -> 544.492
B83: 配置數 | C83: 9252 | D83: 37456 | E83: 4675 | F83: 21619 | G83: 1710 | H83: 6490 | I83: 2553 | L83: 102 | M83: 876 | N83: 1147 | O83: 151 | P83: =SUM(C83:O83) -> 86031 | Q83: 1262 | R83: 2766 | S83: 2020 | T83: 3192 | U83: 4086 | V83: 859 | W83: 292 | X83: 990 | Y83: 204 | Z83: 164 | AB83: =SUM(Q83:AA83) -> 15835 | AC83: =P83+AB83 -> 101866
B84: 合計點數 | C84: =C81+D81+E81+F81+C82+D82+E82+F82 -> 63722.372 | G84: =G81+H81+I81+G82+H82+I82 -> 8956 | L84: =L81+M81+N81+L82+M82+N82 -> 1598.68 | Q84: =Q81+R81+S81+Q82+R82+S82 -> 5515.12
B85: 合計配置數 | C85: =C83+D83+E83+F83 -> 73002 | G85: =G83+H83+I83 -> 10753 | L85: =L83+M83+N83 -> 2125 | Q85: =Q83+R83+S83 -> 6048
B86: 使用率 | C86: =C84/C85 -> 0.87288529 | G86: =G84/G85 -> 0.83288385 | L86: =L84/L85 -> 0.75232 | O86: =(O81+O82)/O83 -> 1 | P86: =(P81+P82)/P83 -> 0.86513062 | Q86: =Q84/Q85 -> 0.91189153 | T86: =(T81+T82)/T83 -> 0.84071742 | U86: =(U81+U82)/U83 -> 0.62090064 | V86: =(V81+V82)/V83 -> 0.88474971 | W86: =(W81+W82)/W83 -> 0.98630137 | X86: =(X81+X82)/X83 -> 0.96843434 | Y86: =(Y81+Y82)/Y83 -> 0.89215686 | Z86: =(Z81+Z82)/Z83 -> 0.81707317 | AB86: =(AB81+AB82)/AB83 -> 0.82465677 | AC86: =(AC81+AC82)/AC83 -> 0.85883898 | AD86: =AD81/$AG$173 -> #DIV/0! | AE86: =AE81/$AG$173 -> #DIV/0! | AF86: =AF81/$AG$173 -> #DIV/0! | AG86: =AG81/$AG$173 -> #DIV/0!
A87: 2023年 2月 | B87: 點數 (i) | C87: 8044 | D87: 32692 | E87: 3717 | F87: 18893 | G87: 1581 | H87: 5059 | I87: 2282 | L87: 52 | M87: 829 | N87: 708 | O87: 151 | P87: =SUM(C87:O87) -> 74008 | Q87: 1220 | R87: 2320 | S87: 1964 | T87: 2679 | U87: 2582 | V87: 771 | W87: 290 | X87: 777 | Y87: 185 | Z87: 134 | AB87: =SUM(Q87:AA87) -> 12922 | AC87: =P87+AB87 -> 86930 | AD87: 13 | AE87: 5 | AF87: 3 | AG87: =SUM(AD87:AF87) -> 21 | AH87: 1667 | AI87: 2350 | AJ87: 761 | AK87: =SUM(AH87:AJ92) -> 4778
B88: 延伸庫位 | C88: 36.198 | D88: 147.114 | E88: 16.7265 | F88: 85.0185 | G88: 0 | H88: 0 | I88: 0 | L88: 0 | M88: 4.145 | N88: 3.54 | O88: 0 | P88: =SUM(C88:O88) -> 292.742 | Q88: 33.2 | R88: 0 | S88: 0 | T88: 26.79 | U88: 0 | V88: 0 | W88: 0 | X88: 194.25 | Y88: 0 | Z88: 0 | AB88: =SUM(Q88:AA88) -> 254.24 | AC88: =P88+AB88 -> 546.982
B89: 配置數 | C89: 9252 | D89: 37456 | E89: 4675 | F89: 21619 | G89: 1710 | H89: 6490 | I89: 2553 | L89: 102 | M89: 876 | N89: 1147 | O89: 151 | P89: =SUM(C89:O89) -> 86031 | Q89: 1262 | R89: 2766 | S89: 2020 | T89: 3192 | U89: 4086 | V89: 859 | W89: 292 | X89: 990 | Y89: 204 | Z89: 164 | AB89: =SUM(Q89:AA89) -> 15835 | AC89: =P89+AB89 -> 101866
B90: 合計點數 | C90: =C87+D87+E87+F87+C88+D88+E88+F88 -> 63631.057 | G90: =G87+H87+I87+G88+H88+I88 -> 8922 | L90: =L87+M87+N87+L88+M88+N88 -> 1596.685 | Q90: =Q87+R87+S87+Q88+R88+S88 -> 5537.2
B91: 合計配置數 | C91: =C89+D89+E89+F89 -> 73002 | G91: =G89+H89+I89 -> 10753 | L91: =L89+M89+N89 -> 2125 | Q91: =Q89+R89+S89 -> 6048
B92: 使用率 | C92: =C90/C91 -> 0.87163443 | G92: =G90/G91 -> 0.82972194 | L92: =L90/L91 -> 0.75138118 | O92: =(O87+O88)/O89 -> 1 | P92: =(P87+P88)/P89 -> 0.8636508 | Q92: =Q90/Q91 -> 0.91554233 | T92: =(T87+T88)/T89 -> 0.84767857 | U92: =(U87+U88)/U89 -> 0.63191385 | V92: =(V87+V88)/V89 -> 0.8975553 | W92: =(W87+W88)/W89 -> 0.99315068 | X92: =(X87+X88)/X89 -> 0.98106061 | Y92: =(Y87+Y88)/Y89 -> 0.90686275 | Z92: =(Z87+Z88)/Z89 -> 0.81707317 | AB92: =(AB87+AB88)/AB89 -> 0.83209599 | AC92: =(AC87+AC88)/AC89 -> 0.85874563 | AD92: =AD87/$AG$173 -> #DIV/0! | AE92: =AE87/$AG$173 -> #DIV/0! | AF92: =AF87/$AG$173 -> #DIV/0! | AG92: =AG87/$AG$173 -> #DIV/0!
A93: 2023年 3月 | B93: 點數 (i) | C93: 8004 | D93: 32835 | E93: 3842 | F93: 19124 | G93: 1602 | H93: 5042 | I93: 2363 | L93: 86 | M93: 826 | N93: 710 | O93: 151 | P93: =SUM(C93:O93) -> 74585 | Q93: 1146 | R93: 2366 | S93: 1985 | T93: 2733 | U93: 2537 | V93: 770 | W93: 290 | X93: 784 | Y93: 184 | Z93: 134 | AB93: =SUM(Q93:AA93) -> 12929 | AC93: =P93+AB93 -> 87514 | AD93: 14 | AE93: 5 | AF93: 2 | AG93: =SUM(AD93:AF93) -> 21 | AH93: 2086 | AI93: 2329 | AJ93: 824 | AK93: =SUM(AH93:AJ98) -> 5239
B94: 延伸庫位 | C94: 36.018 | D94: 147.7575 | E94: 17.289 | F94: 86.058 | G94: 0 | H94: 0 | I94: 0 | L94: 0 | M94: 3.717 | N94: 3.195 | O94: 0 | P94: =SUM(C94:O94) -> 294.0345 | Q94: 32.46 | R94: 0 | S94: 0 | T94: 27.33 | U94: 0 | V94: 0 | W94: 0 | X94: 156.8 | Y94: 0 | Z94: 0 | AB94: =SUM(Q94:AA94) -> 216.59 | AC94: =P94+AB94 -> 510.6245
B95: 配置數 | C95: 9252 | D95: 37456 | E95: 4675 | F95: 21619 | G95: 1710 | H95: 6490 | I95: 2553 | L95: 102 | M95: 876 | N95: 1147 | O95: 151 | P95: =SUM(C95:O95) -> 86031 | Q95: 1262 | R95: 2766 | S95: 2020 | T95: 3192 | U95: 4086 | V95: 859 | W95: 292 | X95: 990 | Y95: 204 | Z95: 164 | AB95: =SUM(Q95:AA95) -> 15835 | AC95: =P95+AB95 -> 101866
B96: 合計點數 | C96: =C93+D93+E93+F93+C94+D94+E94+F94 -> 64092.122 | G96: =G93+H93+I93+G94+H94+I94 -> 9007 | L96: =L93+M93+N93+L94+M94+N94 -> 1628.912 | Q96: =Q93+R93+S93+Q94+R94+S94 -> 5529.46
B97: 合計配置數 | C97: =C95+D95+E95+F95 -> 73002 | G97: =G95+H95+I95 -> 10753 | L97: =L95+M95+N95 -> 2125 | Q97: =Q95+R95+S95 -> 6048
B98: 使用率 | C98: =C96/C97 -> 0.87795023 | G98: =G96/G97 -> 0.83762671 | L98: =L96/L97 -> 0.76654682 | O98: =(O93+O94)/O95 -> 1 | P98: =(P93+P94)/P95 -> 0.87037271 | Q98: =Q96/Q97 -> 0.91426257 | T98: =(T93+T94)/T95 -> 0.86476504 | U98: =(U93+U94)/U95 -> 0.62090064 | V98: =(V93+V94)/V95 -> 0.89639115 | W98: =(W93+W94)/W95 -> 0.99315068 | X98: =(X93+X94)/X95 -> 0.95030303 | Y98: =(Y93+Y94)/Y95 -> 0.90196078 | Z98: =(Z93+Z94)/Z95 -> 0.81707317 | AB98: =(AB93+AB94)/AB95 -> 0.8301604 | AC98: =(AC93+AC94)/AC95 -> 0.86412173 | AD98: =AD93/$AG$173 -> #DIV/0! | AE98: =AE93/$AG$173 -> #DIV/0! | AF98: =AF93/$AG$173 -> #DIV/0! | AG98: =AG93/$AG$173 -> #DIV/0!
A99: 2023年 4月 | B99: 點數 (i) | C99: 7907 | D99: 32886 | E99: 3872 | F99: 19430 | G99: 1609 | H99: 5214 | I99: 2410 | L99: 86 | M99: 828 | N99: 711 | O99: 151 | P99: =SUM(C99:O99) -> 75104 | Q99: 1166 | R99: 2373 | S99: 1994 | T99: 2779 | U99: 2537 | V99: 782 | W99: 288 | X99: 787 | Y99: 184 | Z99: 134 | AB99: =SUM(Q99:AA99) -> 13024 | AC99: =P99+AB99 -> 88128 | AD99: 15 | AE99: 5 | AF99: 1 | AG99: =SUM(AD99:AF99) -> 21 | AH99: 1695 | AI99: 1848 | AJ99: 794 | AK99: =SUM(AH99:AJ104) -> 4337
B100: 延伸庫位 | C100: 35.5815 | D100: 147.987 | E100: 17.424 | F100: 87.435 | G100: 0 | H100: 0 | I100: 0 | L100: 0 | M100: 3.726 | N100: 3.1995 | O100: 0 | P100: =SUM(C100:O100) -> 295.353 | Q100: 32.66 | R100: 0 | S100: 0 | T100: 27.79 | U100: 0 | V100: 0 | W100: 0 | X100: 157.4 | Y100: 0 | Z100: 0 | AB100: =SUM(Q100:AA100) -> 217.85 | AC100: =P100+AB100 -> 513.203
B101: 配置數 | C101: 9252 | D101: 37456 | E101: 4675 | F101: 21619 | G101: 1710 | H101: 763 | I101: 2553 | L101: 102 | M101: 876 | N101: 1147 | O101: 151 | P101: =SUM(C101:O101) -> 80304 | Q101: 1262 | R101: 2766 | S101: 2020 | T101: 3192 | U101: 1132 | V101: 859 | W101: 292 | X101: 990 | Y101: 204 | Z101: 164 | AB101: =SUM(Q101:AA101) -> 12881 | AC101: =P101+AB101 -> 93185
...

Sheet 包材回收(同期比)
A2: 項目 | D2: 一月 | E2: 二月 | F2: 三月 | G2: 四月 | H2: 五月 | I2: 六月 | J2: 七月 | K2: 八月 | L2: 九月 | M2: 十月 | N2: 十一月 | O2: 十二月 | P2: 合計
A3: 2014包材回收 | B3: 重量 | C3: 國內 | D3: 5209 | E3: 3910 | F3: 3825 | G3: 5081 | H3: 4373 | I3: 4412 | J3: 4886 | K3: 3851 | L3: 3918 | M3: 3585 | N3: 4418 | O3: 2901 | P3: 50369
C4: 國外 | D4: 9072 | E4: 10025 | F4: 15303 | G4: 14948 | H4: 8755 | I4: 10066 | J4: 10998 | K4: 7788 | L4: 10408 | M4: 15447 | N4: 11424 | O4: 11286 | P4: 135520
C5: 合計 | D5: =SUM(D3:D4) -> 14281 | E5: =SUM(E3:E4) -> 13935 | F5: =SUM(F3:F4) -> 19128 | G5: =SUM(G3:G4) -> 20029 | H5: =SUM(H3:H4) -> 13128 | I5: =SUM(I3:I4) -> 14478 | J5: =SUM(J3:J4) -> 15884 | K5: =SUM(K3:K4) -> 11639 | ... P5: =SUM(P3:P4) -> 185889
B7: 金額 (萬元) | C7: 國內 | D7: 27.3 | E7: 21.5 | F7: 38.2 | G7: 44.6 | H7: 27.2 | I7: 34.8 | J7: 36.1 | K7: 22.5 | L7: 20.7 | M7: 24.5 | N7: 21 | O7: 32 | P7: 350.4
C8: 國外 | D8: 33.4 | E8: 35.4 | F8: 71.3 | G8: 70.4 | H8: 33.2 | I8: 40.4 | J8: 43.1 | K8: 26.9 | L8: 39.5 | M8: 53.4 | N8: 52 | O8: 54.6 | P8: =SUM(D8:O8) -> 553.6
C9: 合計 | D9: =SUM(D7:D8) -> 60.7 | E9: =SUM(E7:E8) -> 56.9 | F9: =SUM(F7:F8) -> 109.5 | G9: =SUM(G7:G8) -> 115 | H9: =SUM(H7:H8) -> 60.4 | I9: =SUM(I7:I8) -> 75.2 | J9: =SUM(J7:J8) -> 79.2 | K9: =SUM(K7:K8) -> 49.4 | ... O9: =SUM(O7:O8) -> 86.6 | P9: =SUM(D9:O9) -> 904
A11: 2015包材回收 | B11: 重量 | C11: 國內 | D11: 3682 | E11: 2836 | F11: 5003 | G11: 3897 | H11: 3875 | I11: 4322 | J11: 5970 | K11: 2327 | L11: 3296 | M11: 4341 | N11: 3640 | O11: 3880 | P11: =SUM(D11:O11) -> 47069
C12: 國外 | D12: 21027 | E12: 11097 | F12: 19367 | G12: 17626 | H12: 17245 | I12: 17245 | J12: 14879 | K12: 9229 | L12: 21318 | M12: 13625 | N12: 24016 | O12: 22278 | P12: =SUM(D12:O12) -> 208952
C13: 合計 | D13: =SUM(D11:D12) -> 24709 | E13: =SUM(E11:E12) -> 13933 | F13: =SUM(F11:F12) -> 24370 | G13: =SUM(G11:G12) -> 21523 | H13: =SUM(H11:H12) -> 21120 | I13: =SUM(I11:I12) -> 21567 | J13: =SUM(J11:J12) -> 20849 | K13: =SUM(K11:K12) -> 11556 | ... O13: =SUM(O11:O12) -> 26158 | P13: =SUM(D13:O13) -> 256021
C14: 同期比 | D14: =D13/D5 -> 1.730201 | E14: =E13/E5 -> 0.99985648 | F14: =F13/F5 -> 1.2740485 | G14: =G13/G5 -> 1.0745918 | H14: =H13/H5 -> 1.6087751 | I14: =I13/I5 -> 1.4896395 | J14: =J13/J5 -> 1.3125787 | K14: =K13/K5 -> 0.9928688 | ... O14: =O13/O5 -> 1.8438007 | P14: =SUM(D14:O14) -> 16.734224
B15: 金額 (萬元) | C15: 國內 | D15: 17.7 | E15: 45.5 | F15: 70 | G15: 36 | H15: 53 | I15: 46 | J15: 29.4 | K15: 11.8 | L15: 39.6 | M15: 26.6 | N15: 21.8 | O15: 35.9 | P15: =SUM(D15:O15) -> 433.3
C16: 國外 | D16: 102.9 | E16: 54 | F16: 80.9 | G16: 83.5 | H16: 75.2 | I16: 82.8 | J16: 65.6 | K16: 42 | L16: 110.6 | M16: 56 | N16: 109.7 | O16: 109.7 | P16: =SUM(D16:O16) -> 972.9
C17: 合計 | D17: =SUM(D15:D16) -> 120.6 | E17: =SUM(E15:E16) -> 99.5 | F17: =SUM(F15:F16) -> 150.9 | G17: =SUM(G15:G16) -> 119.5 | H17: =SUM(H15:H16) -> 128.2 | I17: =SUM(I15:I16) -> 128.8 | J17: =SUM(J15:J16) -> 95 | K17: =SUM(K15:K16) -> 53.8 | ... O17: =SUM(O15:O16) -> 145.6 | P17: =SUM(D17:O17) -> 1406.2
C18: 同期比 | D18: =D17/D9 -> 1.9868204 | E18: =E17/E9 -> 1.7486819 | F18: =F17/F9 -> 1.3780822 | G18: =G17/G9 -> 1.0391304 | H18: =H17/H9 -> 2.1225166 | I18: =I17/I9 -> 1.712766 | J18: =J17/J9 -> 1.1994949 | K18: =K17/K9 -> 1.0890688 | ... P18: =P17/P9 -> 1.555531 | Q18: =SUM(D18:P18) -> 20.870106 | R18: =Q18/12 -> 1.7391755
A19: 2016包材回收 | B19: 重量 | C19: 國內 | D19: 3338 | E19: 3751 | F19: 3605 | G19: 1456 | H19: 2994 | I19: 4268 | J19: 3994 | K19: 3873 | L19: 5975 | M19: 3747 | N19: 5619 | O19: 3012
C20: 國外 | D20: 19493 | E20: 15955 | F20: 25893 | G20: 13272 | H20: 23488 | I20: 20366 | J20: 18294 | K20: 15565 | L20: 17423 | M20: 17599 | N20: 19639 | O20: 22475
C21: 合計 | D21: 22831 | E21: 19706 | F21: 29498 | G21: 14728 | H21: 24648 | I21: 24634 | J21: 22288 | K21: 19438 | L21: 23398 | M21: 21346 | N21: 25258 | O21: =SUM(O19:O20) -> 25487
C22: 同期比 | D22: =D21/D13 -> 0.92399531 | E22: =E21/E13 -> 1.4143401 | F22: =F21/F13 -> 1.2104227 | G22: =G21/G13 -> 0.68429122 | H22: =H21/H13 -> 1.1670455 | I22: =I21/I13 -> 1.142208 | J22: =J21/J13 -> 1.0690201 | K22: =K21/K13 -> 1.6820699 | ... O22: =O21/O13 -> 0.97434819
B23: 金額 (萬元) | C23: 國內 | D23: 16.2 | E23: 22.1 | F23: 18.1 | G23: 6.7 | H23: 15.2 | I23: 23.9 | J23: 31.5 | K23: 19 | L23: 26.2 | M23: 29.1 | N23: 35.1 | O23: 32.3
C24: 國外 | D24: 95.5 | E24: 73.2 | F24: 116.3 | G24: 58.8 | H24: 110.5 | I24: 90.5 | J24: 85.3 | K24: 70.8 | L24: 83 | M24: 90 | N24: 96.1 | O24: 110.1
C25: 合計 | D25: 111.7 | E25: 95.3 | F25: 134.4 | G25: 65.5 | H25: 125.7 | I25: 114.4 | J25: 116.8 | K25: 89.8 | L25: 109.2 | M25: 119.1 | N25: 131.2 | O25: =SUM(O23:O24) -> 142.4
C26: 同期比 | D26: =D25/D17 -> 0.92620232 | E26: =E25/E17 -> 0.95778894 | F26: =F25/F17 -> 0.89065606 | G26: =G25/G17 -> 0.54811715 | H26: =H25/H17 -> 0.98049922 | I26: =I25/I17 -> 0.88819876 | J26: =J25/J17 -> 1.2294737 | K26: =K25/K17 -> 1.669145 | ... O26: =O25/O17 -> 0.97802198
A27: 2017包材回收 | B27: 重量 | C27: 國內 | D27: 2876 | E27: 2359 | F27: 4705 | G27: 2973 | H27: 3131 | I27: 4878 | J27: 4725 | K27: 3367 | L27: 2448 | M27: 2792 | N27: 6921 | O27: 5847
C28: 國外 | D28: 23333 | E28: 20020 | F28: 23623 | G28: 11484 | H28: 22607 | I28: 22292 | J28: 19945 | K28: 21619 | L28: 19035 | M28: 13170 | N28: 13418 | O28: 12391
C29: 合計 | D29: =SUM(D27:D28) -> 26209 | E29: 22379 | F29: 28328 | G29: 14457 | H29: 25738 | I29: 27170 | J29: 24670 | K29: 24986 | L29: 21483 | M29: 15962 | N29: 20339 | O29: 18238
C30: 同期比 | D30: =D29/D21 -> 1.1479567 | E30: =E29/E21 -> 1.135644 | F30: =F29/F21 -> 0.96033629 | G30: =G29/G21 -> 0.98159967 | H30: =H29/H21 -> 1.0442227 | I30: =I29/I21 -> 1.1029471 | J30: =J29/J21 -> 1.1068737 | K30: =K29/K21 -> 1.2854203 | ... O30: =O29/O21 -> 0.71558049
B31: 金額 (萬元) | C31: 國內 | D31: 28.9 | E31: 32.1 | F31: 36.9 | G31: 23.4 | H31: 26.8 | I31: 25.1 | J31: 29.6 | K31: 28.3 | L31: 28.6 | M31: 21.6 | N31: 40.4 | O31: 34.1
C32: 國外 | D32: 113.3 | E32: 92.9 | F32: 111.3 | G32: 49.4 | H32: 97.6 | I32: 108.2 | J32: 100.7 | K32: 103.3 | L32: 88.3 | M32: 62.8 | N32: 59 | O32: 62
C33: 合計 | D33: 142.2 | E33: 125 | F33: 148.2 | G33: 72.8 | H33: 124.4 | I33: 133.3 | J33: 130.3 | K33: 131.6 | L33: 116.9 | M33: 84.4 | N33: 99.4 | O33: 96.1
C34: 同期比 | D34: =D33/D25 -> 1.2730528 | E34: =E33/E25 -> 1.3116474 | F34: =F33/F25 -> 1.1026786 | G34: =G33/G25 -> 1.1114504 | H34: =H33/H25 -> 0.98965792 | I34: =I33/I25 -> 1.1652098 | J34: =J33/J25 -> 1.1155822 | K34: =K33/K25 -> 1.4654788 | ... O34: =O33/O25 -> 0.67485955
A35: 2018包材回收 | B35: 重量 | C35: 國內 | D35: 6404 | E35: 5279 | F35: 7157 | G35: 3367 | H35: 9871 | I35: 9953 | J35: 9618 | K35: 9544 | L35: 9712 | M35: 8041 | N35: 3313 | O35: 7407
C36: 國外 | D36: 18721 | E36: 9937 | F36: 21946 | G36: 10583 | H36: 13259 | I36: 11654 | J36: 8581 | K36: 3900 | L36: 8800 | M36: 18008 | N36: 23826 | O36: 16269
C37: 合計 | D37: =SUM(D35:D36) -> 25125 | E37: =SUM(E35:E36) -> 15216 | F37: 29103 | G37: 13950 | H37: 23130 | I37: 21607 | J37: 18199 | K37: 13444 | L37: 18512 | M37: 26049 | N37: 27139 | O37: 23676
C38: 同期比 | D38: =D37/D29 -> 0.95864016 | E38: =E37/E29 -> 0.67992314 | F38: =F37/F29 -> 1.0273581 | G38: =G37/G29 -> 0.96493048 | H38: =H37/H29 -> 0.89867123 | I38: =I37/I29 -> 0.79525212 | J38: =J37/J29 -> 0.73769761 | K38: =K37/K29 -> 0.53806131 | ... O38: =O37/O29 -> 1.2981687
B39: 金額 (萬元) | C39: 國內 | D39: 37 | E39: 33 | F39: 40.1 | G39: 21.9 | H39: 56.7 | I39: 56.9 | J39: 56.4 | K39: 55.8 | L39: 56 | M39: 48.8 | N39: 12.3 | O39: 31.9
C40: 國外 | D40: 89.3 | E40: 46.3 | F40: 96.2 | G40: 53.9 | H40: 69 | I40: 70 | J40: 50 | K40: 22 | L40: 35.4 | M40: 81 | N40: 100 | O40: 98
C41: 合計 | D41: =SUM(D39:D40) -> 126.3 | E41: =SUM(E39:E40) -> 79.3 | F41: 136.3 | G41: 75.8 | H41: 125.7 | I41: 126.9 | J41: 106.4 | K41: 77.8 | L41: 91.4 | M41: 129.8 | N41: 112.3 | O41: 98.4
C42: 同期比 | D42: =D41/D33 -> 0.88818565 | E42: =E41/E33 -> 0.6344 | F42: =F41/F33 -> 0.9197031 | G42: =G41/G33 -> 1.0412088 | H42: =H41/H33 -> 1.0104502 | I42: =I41/I33 -> 0.951988 | J42: =J41/J33 -> 0.81657713 | K42: =K41/K33 -> 0.59118541 | ... O42: =O41/O33 -> 1.0239334
A43: 2019包材回收 | B43: 重量 | C43: 國內 | D43: 4564 | E43: 5089 | F43: 5015 | G43: 3895 | H43: 3866 | I43: 6300 | J43: 4003 | K43: 3024 | L43: 3113 | M43: 3984 | N43: 3524 | O43: 4305
C44: 國外 | D44: 23836 | E44: 14342 | F44: 19241 | G44: 12389 | H44: 17152 | I44: 18450 | J44: 17574 | K44: 8395 | L44: 4972 | M44: 6507 | N44: 11980 | O44: 14732
C45: 合計 | D45: =SUM(D43:D44) -> 28400 | E45: 19431 | F45: 24256 | G45: 16284 | H45: 21018 | I45: 24750 | J45: 21577 | K45: 11419 | L45: 8085 | M45: 10491 | N45: 15504 | O45: 19037
C46: 同期比 | D46: =D45/D37 -> 1.1303483 | E46: =E45/E37 -> 1.277011 | F46: =F45/F37 -> 0.8334536 | G46: =G45/G37 -> 1.1673118 | H46: =H45/H37 -> 0.90869001 | I46: =I45/I37 -> 1.1454621 | J46: =J45/J37 -> 1.1856146 | K46: =K45/K37 -> 0.84937519 | ... O46: =O45/O37 -> 0.80406319
B47: 金額 (萬元) | C47: 國內 | D47: 20.2 | E47: 22 | F47: 21.6 | G47: 17.8 | H47: 16.4 | I47: 30.8 | J47: 17.8 | K47: 13.4 | L47: 14.2 | M47: 17.7 | N47: 14.8 | O47: 19.9
C48: 國外 | D48: 101 | E48: 59.3 | F48: 88.7 | G48: 66.9 | H48: 78.8 | I48: 88.2 | J48: 72.1 | K48: 31.6 | L48: 17.2 | M48: 27 | N48: 50.3 | O48: 70.8
C49: 合計 | D49: =SUM(D47:D48) -> 121.2 | E49: 63 | F49: 105 | G49: 84.7 | H49: 95.2 | I49: 119 | J49: 89.9 | K49: 45 | L49: 31.4 | M49: 44.7 | N49: 65.1 | O49: 90.7
C50: 同期比 | D50: =D49/D41 -> 0.95961995 | E50: =E49/E41 -> 0.79445145 | F50: =F49/F41 -> 0.7703595 | G50: =G49/G41 -> 1.1174142 | H50: =H49/H41 -> 0.75735879 | I50: =I49/I41 -> 0.93774626 | J50: =J49/J41 -> 0.84492481 | K50: =K49/K41 -> 0.57840617 | ... O50: =O49/O41 -> 0.92174797
A51: 2020包材回收 | B51: 重量 | C51: 國內 | D51: 3874 | E51: 4947 | F51: 4143 | G51: 3519 | H51: 2224 | I51: 2959 | J51: 7689 | K51: 3480 | L51: 4066 | M51: 4991 | N51: 4955 | O51: 5402
C52: 國外 | D52: 12133 | E52: 12456 | F52: 12256 | G52: 11028 | H52: 4459 | I52: 4914 | J52: 5066 | K52: 4372 | L52: 10745 | M52: 16151 | N52: 18793 | O52: 19903
C53: 合計 | D53: 16007 | E53: 17403 | F53: 16339 | G53: 14547 | H53: 6683 | I53: 7873 | J53: 12755 | K53: 7852 | L53: 14811 | M53: 21142 | N53: 23748 | O53: 25305
C54: 同期比 | D54: =D53/D45 -> 0.56362676 | E54: =E53/E45 -> 0.89563069 | F54: =F53/F45 -> 0.67360653 | G54: =G53/G45 -> 0.89333088 | H54: =H53/H45 -> 0.31796555 | I54: =I53/I45 -> 0.31810101 | J54: =J53/J45 -> 0.59113871 | K54: =K53/K45 -> 0.68762589 | ... O54: =O53/O45 -> 1.3292536
B55: 金額 (萬元) | C55: 國內 | D55: 16.9 | E55: 21.7 | F55: 17.1 | G55: 15.3 | H55: 10.3 | I55: 13.5 | J55: 32.3 | K55: 14.7 | L55: 18.4 | M55: 22.8 | N55: 20.9 | O55: 22.9
C56: 國外 | D56: 55.9 | E56: 50.5 | F56: 50.3 | G56: 40.3 | H56: 17 | I56: 18.3 | J56: 18.6 | K56: 17.8 | L56: 39.7 | M56: 71.2 | N56: 77.8 | O56: 85.4
C57: 合計 | D57: 72.8 | E57: 72.2 | F57: 67.4 | G57: 55.6 | H57: 27.3 | I57: 31.8 | J57: 50.9 | K57: 32.5 | L57: 58.1 | M57: 94 | N57: 98.7 | O57: 108.3
C58: 同期比 | D58: =D57/D49 -> 0.60066007 | E58: =E57/E49 -> 1.1460317 | F58: =F57/F49 -> 0.64190476 | G58: =G57/G49 -> 0.65643447 | H58: =H57/H49 -> 0.28676471 | I58: =I57/I49 -> 0.26722689 | J58: =J57/J49 -> 0.56618465 | K58: =K57/K49 -> 0.72222222 | ... O58: =O57/O49 -> 1.1940463
A59: 2021包材回收 | B59: 重量 | C59: 國內 | D59: 5105 | E59: 4555 | F59: 4663 | G59: 4021 | H59: 5285 | I59: 3297 | J59: 4209 | K59: 3945 | L59: 3737 | M59: 3770 | N59: 3881 | O59: 9441
C60: 國外 | D60: 18325 | E60: 9898 | F60: 22148 | G60: 19405 | H60: 15438 | I60: 15001 | J60: 13303 | K60: 14344 | L60: 15267 | M60: 16951 | N60: 12224 | O60: 11751
C61: 合計 | D61: 23426 | E61: 14453 | F61: 26811 | G61: 23426 | H61: 20723 | I61: 18298 | J61: 17512 | K61: 18289 | L61: 19004 | M61: 20721 | N61: 16035 | O61: 21192
C62: 同期比 | D62: =D61/D53 -> 1.4634847 | E62: =E61/E53 -> 0.830489 | F62: =F61/F53 -> 1.6409205 | G62: =G61/G53 -> 1.6103664 | H62: =H61/H53 -> 3.1008529 | I62: =I61/I53 -> 2.3241458 | J62: =J61/J53 -> 1.3729518 | K62: =K61/K53 -> 2.3292155 | ... O62: =O61/O53 -> 0.83746295
B63: 金額 (萬元) | C63: 國內 | D63: 22.2 | E63: 20.1 | F63: 21 | G63: 17.7 | H63: 22.5 | I63: 14.2 | J63: 18.5 | K63: 17.6 | L63: 16 | M63: 16.6 | N63: 16 | O63: 42
C64: 國外 | D64: 81.8 | E64: 42.7 | F64: 99.2 | G64: 79.7 | H64: 61.8 | I64: 60.1 | J64: 60.5 | K64: 68.3 | L64: 70.6 | M64: 86.3 | N64: 62.8 | O64: 50.3
C65: 合計 | D65: 104 | E65: 62.8 | F65: 120.2 | G65: 97.4 | H65: 84.3 | I65: 74.3 | J65: 79 | K65: 85.9 | L65: 86.6 | M65: 102.9 | N65: 78.8 | O65: 92.3
C66: 同期比 | D66: =D65/D57 -> 1.4285714 | E66: =E65/E57 -> 0.86980609 | F66: =F65/F57 -> 1.7833828 | G66: =G65/G57 -> 1.7517986 | H66: =H65/H57 -> 3.0879121 | I66: =I65/I57 -> 2.336478 | J66: =J65/J57 -> 1.5520629 | K66: =K65/K57 -> 2.6430769 | ... O66: =O65/O57 -> 0.85226223
A67: 2022包材回收 | B67: 重量 | C67: 國內 | D67: 5184 | E67: 3630 | F67: 4808 | G67: 4138 | H67: 4506 | I67: 3522 | J67: 5615 | K67: 6319 | L67: 4900 | M67: 3488 | N67: 4209 | O67: 4829
C68: 國外 | D68: 13189 | E68: 9456 | F68: 11064 | G68: 12074 | H68: 15562 | I68: 24745 | J68: 21388 | K68: 15255 | L68: 11893 | M68: 19725 | N68: 22584 | O68: 19757
C69: 合計 | D69: 18373 | E69: 13086 | F69: 15872 | G69: 16212 | H69: 20068 | I69: 28267 | J69: 27003 | K69: 21574 | L69: 16793 | M69: 23213 | N69: 26793 | O69: 24586
C70: 同期比 | D70: =D69/D61 -> 0.7842995 | E70: =E69/E61 -> 0.90541756 | F70: =F69/F61 -> 0.59199582 | G70: =G69/G61 -> 0.69205157 | H70: =H69/H61 -> 0.96839261 | I70: =I69/I61 -> 1.5448136 | J70: =J69/J61 -> 1.5419712 | K70: =K69/K61 -> 1.1796162 | ... O70: =O69/O61 -> 1.1601548
B71: 金額 (萬元) | C71: 國內 | D71: 21.6 | E71: 15.8 | F71: 20.8 | G71: 17.5 | H71: 19.1 | I71: 15.4 | J71: 24 | K71: 26.7 | L71: 20.5 | M71: 15.4 | N71: 23.8 | O71: 22
C72: 國外 | D72: 48.7 | E72: 34.5 | F72: 38.8 | G72: 47 | H72: 56.6 | I72: 99.2 | J72: 87.9 | K72: 58.8 | L72: 47.3 | M72: 85.9 | N72: 94.6 | O72: 89.3
C73: 合計 | D73: 70.3 | E73: 50.3 | F73: 59.6 | G73: 64.5 | H73: 75.7 | I73: 114.6 | J73: 111.9 | K73: 85.5 | L73: 67.8 | M73: 101.3 | N73: 118.4 | O73: 111.3
C74: 同期比 | D74: =D73/D65 -> 0.67596154 | E74: =E73/E65 -> 0.80095541 | F74: =F73/F65 -> 0.49584027 | G74: =G73/G65 -> 0.66221766 | H74: =H73/H65 -> 0.89798339 | I74: =I73/I65 -> 1.5423957 | J74: =J73/J65 -> 1.4164557 | K74: =K73/K65 -> 0.99534342 | ... O74: =O73/O65 -> 1.2058505
A75: 2023包材回收 | B75: 重量 | C75: 國內 | D75: 3326 | E75: 3436 | F75: 4801 | G75: 4862 | H75: 5295 | I75: 3902 | J75: 4638 | K75: 5421 | L75: 4525 | M75: 5495 | N75: 5418 | O75: 5089
C76: 國外 | D76: 12689 | E76: 16151 | F76: 25682 | G76: 17945 | H76: 26863 | I76: 24155 | J76: 23086 | K76: 15512 | L76: 24465 | M76: 27306 | N76: 25550 | O76: 28195
C77: 合計 | D77: 16015 | E77: 19587 | F77: 30483 | G77: 22807 | H77: =SUM(H75:H76) -> 32158 | I77: 23045 | J77: =J75+J76 -> 27724 | K77: =K75+K76 -> 20933 | L77: =L75+L76 -> 28990 | M77: =M75+M76 -> 32801 | N77: =N75+N76 -> 30968 | O77: =O75+O76 -> 33284
C78: 同期比 | D78: =D77/D69 -> 0.8716595 | E78: =E77/E69 -> 1.4967905 | F78: =F77/F69 -> 1.9205519 | G78: =G77/G69 -> 1.4067974 | H78: =H77/H69 -> 1.6024517 | I78: =I77/I69 -> 0.81526161 | J78: =J77/J69 -> 1.0267007 | K78: =K77/K69 -> 0.97028831 | ... O78: =O77/O69 -> 1.3537786
B79: 金額 (萬元) | C79: 國內 | D79: 15.1 | E79: 15.6 | F79: 21.7 | G79: 22.1 | H79: 24.3 | I79: 18.1 | J79: 21.2 | K79: 25.1 | L79: 20.7 | M79: 25.2 | N79: 24.9 | O79: 23.2
C80: 國外 | D80: 54.4 | E80: 66.2 | F80: 104.1 | G80: 71.6 | H80: 100.6 | I80: 93.9 | J80: 89.6 | K80: 62.6 | L80: 97.5 | M80: 118.8 | N80: 98.7 | O80: 122.3
C81: 合計 | D81: 69.5 | E81: 81.8 | F81: 125.8 | G81: 93.7 | H81: 124.9 | I81: 112 | J81: 110.8 | K81: =K79+K80 -> 87.7 | L81: =L79+L80 -> 118.2 | M81: =M79+M80 -> 144 | N81: =N79+N80 -> 123.6 | O81: =O79+O80 -> 145.5
C82: 同期比 | D82: =D81/D73 -> 0.9886202 | E82: =E81/E73 -> 1.6262425 | F82: =F81/F73 -> 2.1107383 | G82: =G81/G73 -> 1.4527132 | H82: =H81/H73 -> 1.6499339 | I82: =I81/I73 -> 0.97731239 | J82: =J81/J73 -> 0.99016979 | K82: =K81/K73 -> 1.025731 | ... O82: =O81/O73 -> 1.3072776
A83: 2024包材回收 | B83: 重量 | C83: 國內 | D83: 4823 | E83: 3211 | F83: 4561 | G83: 4282 | H83: 4205 | I83: 3612 | J83: 4443 | K83: 3218 | L83: 3546 | M83: 3690 | N83: 3413 | O83: 4247
C84: 國外 | D84: 30646 | E84: 14741 | F84: 28584 | G84: 22237 | H84: 23832 | I84: 27875 | J84: 24512 | K84: 20063 | L84: 25264.5 | M84: 24707 | N84: 20032 | O84: 22602
C85: 合計 | D85: =D83+D84 -> 35469 | E85: =E83+E84 -> 17952 | F85: =F83+F84 -> 33145 | G85: =G83+G84 -> 26519 | H85: =H83+H84 -> 28037 | I85: =I83+I84 -> 31487 | J85: =J83+J84 -> 28955 | K85: =K83+K84 -> 23281 | ... O85: =O83+O84 -> 26849
C86: 同期比 | D86: =D85/D77 -> 2.2147362 | E86: =E85/E77 -> 0.91652627 | F86: =F85/F77 -> 1.0873274 | G86: =G85/G77 -> 1.162757 | H86: =H85/H77 -> 0.87185148 | I86: =I85/I77 -> 1.3663268 | J86: =J85/J77 -> 1.044402 | K86: =K85/K77 -> 1.1121674 | ... O86: =O85/O77 -> 0.80666386
B87: 金額 (萬元) | C87: 國內 | D87: 22.2 | E87: 14.6 | F87: 20.5 | G87: 19.6 | H87: 19.3 | I87: 16.7 | J87: 20.1 | K87: 14.8 | L87: 16.6 | M87: 17.1 | N87: 16.1 | O87: 19.7
C88: 國外 | D88: 121.16 | E88: 61.5 | F88: 123.1 | G88: 91.6 | H88: 89.7 | I88: 119.8 | J88: 88 | K88: 77.3 | L88: 103.5 | M88: 88.5 | N88: 67.6 | O88: 76.9
C89: 合計 | D89: =D87+D88 -> 143.36 | E89: =E87+E88 -> 76.1 | F89: =F87+F88 -> 143.6 | G89: =G87+G88 -> 111.2 | H89: =H87+H88 -> 109 | I89: =I87+I88 -> 136.5 | J89: =J87+J88 -> 108.1 | K89: =K87+K88 -> 92.1 | ... O89: =O87+O88 -> 96.6
C90: 同期比 | D90: =D89/D81 -> 2.0627338 | E90: =E89/E81 -> 0.93031785 | F90: =F89/F81 -> 1.1414944 | G90: =G89/G81 -> 1.1867663 | H90: =H89/H81 -> 0.87269816 | I90: =I89/I81 -> 1.21875 | J90: =J89/J81 -> 0.97563177 | K90: =K89/K81 -> 1.050171 | ... O90: =O89/O81 -> 0.66391753
A91: 2025包材回收 | B91: 重量 | C91: 國內 | D91: 3049 | E91: 3344 | F91: 3925 | G91: 3494 | H91: 3212 | I91: 3261 | J91: 3267 | K91: 2520 | L91: 2855 | M91: 2511 | N91: 2135 | O91: 2603
C92: 國外 | D92: 14198 | E92: 22052 | F92: 23449 | G92: 27357.5 | H92: 18891 | I92: 29006 | J92: 23905 | K92: 12130 | L92: 22098 | M92: 18740 | N92: 18324 | O92: 19024
C93: 合計 | D93: =D91+D92 -> 17247 | E93: =E91+E92 -> 25396 | F93: =F91+F92 -> 27374 | G93: =G91+G92 -> 30851.5 | H93: =H91+H92 -> 22103 | I93: =I91+I92 -> 32267 | J93: =J91+J92 -> 27172 | K93: =K91+K92 -> 14650 | ... O93: =O91+O92 -> 21627
C94: 同期比 | D94: =D93/D85 -> 0.4862556 | E94: =E93/E85 -> 1.4146613 | F94: =F93/F85 -> 0.82588626 | G94: =G93/G85 -> 1.1633734 | H94: =H93/H85 -> 0.78835111 | I94: =I93/I85 -> 1.0247721 | J94: =J93/J85 -> 0.93842169 | K94: =K93/K85 -> 0.6292685 | ... O94: =O93/O85 -> 0.80550486
B95: 金額 (萬元) | C95: 國內 | D95: 13.7 | E95: 15.6 | F95: 18 | G95: 16.1 | H95: 14.9 | I95: 15.3 | J95: 15.2 | K95: 11.7 | L95: 13.3 | M95: 11.6 | N95: 9.8 | O95: 11.9
C96: 國外 | D96: 47.5 | E96: 89.7 | F96: 96 | G96: 143.5 | H96: 84.3 | I96: 146.8 | J96: 123.1 | K96: 53.9 | L96: 94.8 | M96: 75.2 | N96: 76 | O96: 79.3
C97: 合計 | D97: =D95+D96 -> 61.2 | E97: =E95+E96 -> 105.3 | F97: =F95+F96 -> 114 | G97: =G95+G96 -> 159.6 | H97: =H95+H96 -> 99.2 | I97: =I95+I96 -> 162.1 | J97: =J95+J96 -> 138.3 | K97: =K95+K96 -> 65.6 | ... O97: =O95+O96 -> 91.2
C98: 同期比 | D98: =D97/D89 -> 0.42689732 | E98: =E97/E89 -> 1.3837057 | F98: =F97/F89 -> 0.79387187 | G98: =G97/G89 -> 1.4352518 | H98: =H97/H89 -> 0.91009174 | I98: =I97/I89 -> 1.1875458 | J98: =J97/J89 -> 1.279371 | K98: =K97/K89 -> 0.71226927 | ... O98: =O97/O89 -> 0.94409938

Sheet 加班時數
A1: 月份/類別 | B1: 一 | C1: 二 | D1: 三 | E1: 四 | F1: 五 | G1: 六 | H1: 七 | I1: 八 | J1: 九 | K1: 十 | L1: 十一 | M1: 十二
A2: 大物進貨 | B2: 69.2 | C2: 114 | D2: 92 | E2: 83 | F2: 82.5 | G2: 125 | H2: 345.5 | I2: 173 | J2: 44 | K2: 102 | L2: 113 | M2: 59.5
A3: 中小物進貨 | B3: 123.3 | C3: 92 | D3: 36 | E3: 4.5 | F3: 37.9 | G3: 138 | H3: 41 | I3: 34 | J3: 244 | K3: 222 | L3: 267
A4: 改善支援上架 | B4: 30 | C4: 29 | D4: 44 | E4: 41 | F4: 16.5 | G4: 33 | H4: 13.5 | I4: 33 | K4: 17.5 | L4: 24 | M4: 4.5
A5: 支援補充上架作業(中小物) | B5: 76.4 | C5: 94.1 | D5: 98.2 | E5: 100.7 | F5: 97.9 | G5: 80.1 | H5: 97.4 | I5: 120 | J5: 135.8 | K5: 99 | L5: 86.1 | M5: 119.1
A6: 中小物進貨空運檢查支援＆加班 | C6: 36.6 | D6: 27.1 | E6: 37.6 | G6: 57.2 | H6: 49.3 | I6: 30.2 | J6: 50 | K6: 49.8 | L6: 44 | M6: 49
A7: 進貨合計 | B7: =SUM(B2:B6) -> 298.9 | C7: =SUM(C2:C6) -> 365.7 | D7: =SUM(D2:D6) -> 297.3 | E7: =SUM(E2:E6) -> 266.8 | F7: =SUM(F2:F6) -> 234.8 | G7: =SUM(G2:G6) -> 433.3 | H7: =SUM(H2:H6) -> 546.7 | I7: =SUM(I2:I6) -> 390.2 | ... M7: =SUM(M2:M6) -> 232.1
A9: 大物出貨 | B9: 337 | C9: 81 | D9: 400 | E9: 322.5 | F9: 320.5 | G9: 280.5 | H9: 48 | I9: 264.5 | J9: 342 | K9: 378 | L9: 402.5 | M9: 322.5
A10: 中小物出貨 | B10: 109.5 | C10: 112.5 | E10: 23.5 | F10: 14 | G10: 50.5 | H10: 54 | I10: 122 | J10: 93.8 | K10: =230+69.2 -> 299.2 | L10: 231 | M10: 359.2
A11: 月台理貨 | B11: 124 | C11: 75 | D11: 119.5 | E11: 64 | F11: 107.5 | G11: 97 | H11: 125 | I11: 142 | J11: 154 | K11: 157 | L11: 2 | M11: 131.5
A12: 精品出貨
A13: AGV理貨段取(支援)
A14: 改善人員/週六出勤封箱補充支援周六出貨(補充) | B14: 80 | C14: 16 | D14: 84 | E14: 72 | F14: 72 | G14: 65 | H14: 72 | I14: 56 | J14: 69.5 | K14: 64 | L14: 83 | M14: 48
A15: 支援段取到月台 | B15: 65 | C15: 60.4 | D15: 59.6 | E15: 107.9 | F15: =8.5+56.9 -> 65.4 | G15: 69.3 | H15: 71.1 | I15: 75.9 | J15: 70.2 | K15: =46.2+23 -> 69.2 | L15: 227.9 | M15: 310
A16: 中小物出貨W庫支援&加班 | B16: 76.6 | C16: 66.6 | D16: 47.3 | E16: 45.2 | F16: 32.9 | G16: 47.5 | H16: 46.3 | I16: 48.6 | J16: 41.4 | K16: 59.1 | L16: 65.1 | M16: 61.8
A17: 幹線疊貨作業
A18: 出貨合計 | B18: =SUM(B9:B17) -> 792.1 | C18: =SUM(C9:C17) -> 411.5 | D18: =SUM(D9:D17) -> 710.4 | E18: =SUM(E9:E17) -> 635.1 | F18: =SUM(F9:F17) -> 612.3 | G18: =SUM(G9:G17) -> 609.8 | H18: =SUM(H9:H17) -> 416.4 | I18: =SUM(I9:I17) -> 709 | ... M18: =SUM(M9:M17) -> 1233
A20: 包裝大物進貨 | C20: 28
A21: 包裝中小物進貨 | B21: 80 | C21: 246 | D21: 20 | E21: 68 | F21: 32 | G21: 54 | H21: 36 | I21: 84 | J21: 16 | K21: 62
A22: 包裝 | B22: 574 | D22: 178 | E22: 478 | F22: 276 | G22: 430 | H22: 256.5 | I22: 816 | J22: 160 | K22: 503 | L22: 493.5 | M22: 231
A23: 保桿
A24: 輸出 | B24: 156 | C24: 132 | D24: 216 | E24: 148 | F24: 90 | G24: 138 | H24: 293 | I24: 259 | J24: 176 | K24: 116.5 | L24: 151.5 | M24: 71.5
A25: 其他:對應KZ盤點.打切零件.事務.手冊 | B25: 30 | C25: 87.5 | D25: 10 | E25: 26 | F25: 21 | G25: 19 | H25: 128.2 | I25: 5.3 | J25: 14.5 | K25: 21 | L25: 28 | M25: 18
A26: 包裝合計 | B26: =SUM(B20:B25) -> 840 | C26: =SUM(C20:C25) -> 493.5 | D26: =SUM(D20:D25) -> 424 | E26: =SUM(E20:E25) -> 720 | F26: =SUM(F20:F25) -> 419 | G26: =SUM(G20:G25) -> 641 | H26: =SUM(H20:H25) -> 713.7 | I26: =SUM(I20:I25) -> 1164.3 | ... M26: =SUM(M20:M25) -> 320.5
A28: 總計 | B28: =B26+B18+B7 -> 1931 | C28: =C26+C18+C7 -> 1270.7 | D28: =D26+D18+D7 -> 1431.7 | E28: =E26+E18+E7 -> 1621.9 | F28: =F26+F18+F7 -> 1266.1 | G28: =G26+G18+G7 -> 1684.1 | H28: =H26+H18+H7 -> 1676.8 | I28: =I26+I18+I7 -> 2263.5 | ... M28: =M26+M18+M7 -> 1785.6

Sheet 優開SQL(中小物)
A1: --優開--
A2: SELECT CAST(CRTDT AS DATE) AS CRTDT,COUNT(*) AS CNT
A3: FROM VPMTSNO
A4: WHERE REJECTCD=' ' AND SNOTYPE='C'
A5: AND CONVERT(VARCHAR,CRTDT,112) BETWEEN '20251201' AND '20251231'
A6: GROUP BY CAST(CRTDT AS DATE)
A7: ORDER BY CAST(CRTDT AS DATE)
