Workbook

Sheet 2026年
A1: 2026年零件部楊梅配銷室月報
A2: 項目 | E2: 當月目標 | F2: 當月達成率 | G2: 1月 | H2: 2月 | I2: 3月 | J2: 4月 | K2: 5月 | L2: 6月 | M2: 7月 | N2: 8月 | O2: 9月 | P2: 10月 | Q2: 11月 | R2: 12月 | S2: 平均累計 | T2: 累計達成率 | Y2: 12
A3: 材敏現場人員數 | E3: --- | F3: --- | G3: 110 | H3: 109 | I3: 110 | J3: 109 | K3: 107 | L3: 103 | M3: 107 | N3: 105 | O3: 108 | S3: =AVERAGE(G3:R3) -> 107.55556 | T3: --- | U3: 材敏大物25--鈞傑/鈞凱+(進貨17+出貨29)--小鳳+P9(27)
A4: 作業量 | B4: 進貨 | C4: 點數 | E4: --- | F4: --- | G4: ='進貨點數(同期比)'!B58 -> 93998 | H4: ='進貨點數(同期比)'!C58 -> 66193 | I4: ='進貨點數(同期比)'!D58 -> 99100 | J4: ='進貨點數(同期比)'!E58 -> 93418 | K4: ='進貨點數(同期比)'!F58 -> 85602 | L4: ='進貨點數(同期比)'!G58 -> 98449 | M4: ='進貨點數(同期比)'!H58 -> 101191 | N4: ='進貨點數(同期比)'!I58 -> 97533 | O4: ='進貨點數(同期比)'!J58 -> 83632 | S4: =AVERAGE(G4:R4) -> 91012.889 | T4: --- | U4: 參考p7
D5: 同期比 | G5: ='進貨點數(同期比)'!B60 -> 0.72394141 | H5: ='進貨點數(同期比)'!C60 -> 0.64617622 | I5: ='進貨點數(同期比)'!D60 -> 0.99536967 | J5: ='進貨點數(同期比)'!E60 -> 0.90323516 | K5: ='進貨點數(同期比)'!F60 -> 1.1322267 | L5: ='進貨點數(同期比)'!G60 -> 0.96299593 | M5: ='進貨點數(同期比)'!H60 -> 1.0257577 | N5: ='進貨點數(同期比)'!I60 -> 1.0163499 | O5: ='進貨點數(同期比)'!J60 -> 0.88608239 | S5: =AVERAGE(G5:R5) -> 0.92134834 | U5: 參考進貨點數(同期比)
C6: PCS數 | E6: --- | F6: --- | G6: ='進貨點數(同期比)'!B59 -> 1730666 | H6: ='進貨點數(同期比)'!C59 -> 1193278 | I6: ='進貨點數(同期比)'!D59 -> 1784935 | J6: ='進貨點數(同期比)'!E59 -> 1763625 | K6: ='進貨點數(同期比)'!F59 -> 1513053 | L6: ='進貨點數(同期比)'!G59 -> 1877840 | M6: ='進貨點數(同期比)'!H59 -> 2005426 | N6: ='進貨點數(同期比)'!I59 -> 1622651 | O6: ='進貨點數(同期比)'!J59 -> 1389211 | S6: =AVERAGE(G6:R6) -> 1653409.4 | T6: ---
D7: 同期比 | G7: ='進貨點數(同期比)'!B61 -> 1.1593049 | H7: ='進貨點數(同期比)'!C61 -> 0.77116876 | I7: ='進貨點數(同期比)'!D61 -> 1.1262393 | J7: ='進貨點數(同期比)'!E61 -> 1.1237947 | K7: ='進貨點數(同期比)'!F61 -> 1.0517289 | L7: ='進貨點數(同期比)'!G61 -> 1.1449734 | M7: ='進貨點數(同期比)'!H61 -> 1.1545216 | N7: ='進貨點數(同期比)'!I61 -> 0.97509927 | O7: ='進貨點數(同期比)'!J61 -> 0.79507426 | S7: =AVERAGE(G7:R7) -> 1.033545
C8: 加班時數 | E8: --- | F8: --- | G8: =加班時數!B7 -> 317.3 | H8: =加班時數!C7 -> 273.7 | I8: =加班時數!D7 -> 310.5 | J8: =加班時數!E7 -> 414.8 | K8: =加班時數!F7 -> 327 | L8: =加班時數!G7 -> 984 | M8: =加班時數!H7 -> 887.2 | N8: =加班時數!I7 -> 1091 | O8: =加班時數!J7 -> 829 | S8: =AVERAGE(G8:R8) -> 603.83333 | U8: I:\3楊梅配銷室\06.共同事務\A.月報\106年\月報新版共二頁-2017年材敏加班統計，加班合計
B9: 出貨 | C9: 點數 | E9: --- | F9: --- | G9: ='出貨點數(其他附件)'!B272 -> 463128 | H9: ='出貨點數(其他附件)'!C272 -> 282648 | I9: ='出貨點數(其他附件)'!D272 -> 448476 | J9: ='出貨點數(其他附件)'!E272 -> 377212 | K9: ='出貨點數(其他附件)'!F272 -> 387639 | L9: ='出貨點數(其他附件)'!G272 -> 404293 | M9: ='出貨點數(其他附件)'!H272 -> 430037 | N9: ='出貨點數(其他附件)'!I272 -> 397054 | O9: ='出貨點數(其他附件)'!J272 -> 383868 | S9: =AVERAGE(G9:R9) -> 397150.56 | T9: --- | U9: 參考p1
D10: 同期比 | G10: ='出貨點數(其他附件)'!B273 -> 1.2185142 | H10: ='出貨點數(其他附件)'!C273 -> 0.7465413 | I10: ='出貨點數(其他附件)'!D273 -> 1.0773111 | J10: ='出貨點數(其他附件)'!E273 -> 0.99364111 | K10: ='出貨點數(其他附件)'!F273 -> 1.0092768 | L10: ='出貨點數(其他附件)'!G273 -> 0.99063742 | M10: ='出貨點數(其他附件)'!H273 -> 0.98026866 | N10: ='出貨點數(其他附件)'!I273 -> 0.97268999 | O10: ='出貨點數(其他附件)'!J273 -> 0.97446976 | S10: =AVERAGE(G10:R10) -> 0.99592782
C11: HF點數 | E11: --- | F11: --- | G11: 107789 | H11: 62806 | I11: 99139 | J11: 81409 | K11: 78056 | L11: 85020 | M11: 92859 | N11: 80452 | O11: 79393 | S11: =AVERAGE(G11:R11) -> 85213.667 | U11: 參考p8 | V11: (台中倉全日出貨量DLR/HF+湖內副倉全日出貨量DLR/HF)-I數
C12: PCS數 | E12: --- | F12: --- | G12: ='出貨點數(其他附件)'!B291 -> 3213190 | H12: ='出貨點數(其他附件)'!C291 -> 2272546 | I12: ='出貨點數(其他附件)'!D291 -> 3096359 | J12: ='出貨點數(其他附件)'!E291 -> 2822380 | K12: ='出貨點數(其他附件)'!F291 -> 2851680 | L12: ='出貨點數(其他附件)'!G291 -> 2973362 | M12: ='出貨點數(其他附件)'!H291 -> 3213687 | N12: ='出貨點數(其他附件)'!I291 -> 2832281 | O12: ='出貨點數(其他附件)'!J291 -> 2733219 | S12: =AVERAGE(G12:R12) -> 2889856 | T12: --- | U12: 參考p1
D13: 同期比 | G13: ='出貨點數(其他附件)'!B292 -> 1.0616406 | H13: ='出貨點數(其他附件)'!C292 -> 0.90520243 | I13: ='出貨點數(其他附件)'!D292 -> 1.0540169 | J13: ='出貨點數(其他附件)'!E292 -> 1.0416328 | K13: ='出貨點數(其他附件)'!F292 -> 1.0025185 | L13: ='出貨點數(其他附件)'!G292 -> 1.0397745 | M13: ='出貨點數(其他附件)'!H292 -> 1.0476909 | N13: ='出貨點數(其他附件)'!I292 -> 1.0360602 | O13: ='出貨點數(其他附件)'!J292 -> 1.0002181 | S13: =AVERAGE(G13:R13) -> 1.0209728
C14: HF PCS數 | E14: --- | F14: --- | G14: 598775 | H14: 369467 | I14: 554768 | J14: 535762 | K14: 511402 | L14: 551867 | M14: 601703 | N14: 493923 | O14: 481872 | S14: =AVERAGE(G14:R14) -> 522171 | U14: 參考p8 | V14: (台中倉全日出貨量DLR/HF+湖內副倉全日出貨量DLR/HF)-PCS數
C15: 加班時數 | E15: --- | F15: --- | G15: =加班時數!B18 -> 1593 | H15: =加班時數!C18 -> 608.5 | I15: =加班時數!D18 -> 1508.5 | J15: =加班時數!E18 -> 1670.5 | K15: =加班時數!F18 -> 1742.5 | L15: =加班時數!G18 -> 1666.5 | M15: =加班時數!H18 -> 1752 | N15: =加班時數!I18 -> 1717.5 | O15: =加班時數!J18 -> 1663.5 | S15: =AVERAGE(G15:R15) -> 1546.9444
B16: 優先開箱點數 | C16: 中小物 | E16: --- | F16: --- | G16: 1034 | H16: 431 | I16: 1015 | J16: 772 | K16: 969 | L16: 2133 | M16: 1386 | N16: 953 | O16: 1247 | S16: =AVERAGE(G16:R16) -> 1104.4444 | T16: --- | U16: 抓QB
C17: 大物 | E17: --- | F17: --- | G17: 1820 | H17: 1322 | I17: 3102 | J17: 1687 | K17: 4776 | L17: 4549 | M17: 6157 | N17: 4911 | O17: 9425 | S17: =AVERAGE(G17:R17) -> 4194.3333 | T17: --- | U17: 慶林兄提供
B18: 包裝 | C18: 點數 | E18: --- | F18: --- | G18: 21348 | H18: 16123 | I18: 20130 | J18: 19893 | K18: 20934 | L18: 19857 | M18: 22842 | N18: 18486 | O18: 20931 | S18: =AVERAGE(G18:R18) -> 20060.444 | T18: --- | U18: P9到貨
D19: 同期比 | G19: 0.89102216 | H19: 0.80679544 | I19: 0.90402838 | J19: 0.89773907 | K19: 1.2761522 | L19: 1.0318541 | M19: 0.97933459 | N19: 1.0179515 | O19: 1.0043184 | S19: =AVERAGE(G19:R19) -> 0.97879954
C20: PCS數 | E20: --- | F20: --- | G20: 160072 | H20: 123118 | I20: 118326 | J20: 108016 | K20: 120885 | L20: 130134 | M20: 166405 | N20: 132039 | O20: 130504 | S20: =AVERAGE(G20:R20) -> 132166.56 | T20: ---
D21: 同期比 | G21: 0.96620994 | H21: 0.98199801 | I21: 0.87042173 | J21: 0.70389824 | K21: 0.97673009 | L21: 0.98968743 | M21: 1.1123701 | N21: 0.86065991 | O21: 1.0676571 | S21: =AVERAGE(G21:R21) -> 0.94773695
C22: 加班時數 | E22: --- | F22: --- | G22: =加班時數!B26 -> 213.3 | H22: =加班時數!C26 -> 238 | I22: =加班時數!D26 -> 346.8 | J22: =加班時數!E26 -> 306.8 | K22: =加班時數!F26 -> 382 | L22: =加班時數!G26 -> 790.5 | M22: =加班時數!H26 -> 979.7 | N22: =加班時數!I26 -> 837.8 | O22: =加班時數!J26 -> 952 | S22: =AVERAGE(G22:R22) -> 560.76667 | U22: I:\3楊梅配銷室\06.共同事務\A.月報\106年\月報新版共二頁-2017年材敏加班統計, 加班合計
A23: 生產力 | B23: 進貨(i/hr) | E23: 36 | F23: =M23/E23 -> 1.3111111 | G23: 43.6 | H23: 43.2 | I23: 49.5 | J23: 40.2 | K23: 42.9 | L23: 36.9 | M23: 47.2 | N23: 51.7 | O23: 45.1 | S23: =AVERAGE(G23:R23) -> 44.477778 | T23: =S23/E23 -> 1.2354938
C24: 中小物(i/hr) | G24: 55.6 | H24: 21.3 | I24: 60.4 | J24: 51.7 | K24: 53.9 | L24: 45.1 | M24: 63.2 | N24: 73.3 | O24: 61.2
C25: 大物(i/hr) | G25: 25.2 | H25: 74.8 | I25: 35.6 | J25: 24.7 | K25: 26.6 | L25: 23.7 | M25: 25.6 | N25: 26.3 | O25: 24.5
B26: 出貨(i/hr) | E26: 63.6 | F26: =M26/E26 -> 1.0141509 | G26: 70.7 | H26: 64.2 | I26: 71.2 | J26: 65.4 | K26: 62.4 | L26: 64.8 | M26: 64.5 | N26: 63.1 | O26: 61.6 | S26: =AVERAGE(G26:R26) -> 65.322222 | T26: =S26/E26 -> 1.027079
C27: 中小物(i/hr) | G27: 86.2 | H27: 79.4 | I27: 85 | J27: 79.2 | K27: 70.9 | L27: 82.8 | M27: 83.9 | N27: 79.4 | O27: 80.6
C28: 大物(i/hr) | G28: 45.8 | H28: 41.9 | I28: 49.7 | J28: 42.7 | K28: 45.5 | L28: 39 | M28: 37.8 | N28: 38.9 | O28: 36.4
B29: 包裝(i/hr) | E29: 138 | F29: =M29/E29 -> 1.0098551 | G29: 140.65 | H29: 140.29 | I29: 139.51 | J29: 139.05 | K29: 140.48 | L29: 140.82 | M29: 139.36 | N29: 141.59 | O29: 140.41 | S29: =AVERAGE(G29:R29) -> 140.24 | T29: =S29/E29 -> 1.0162319 | U29: P9
A30: 品質 | B30: 出貨品質 | C30: 誤品(ppm) | E30: 9 | F30: =IF(M30=0,"-",E30/M30) -> 1.7307692 | G30: 0 | H30: 0 | I30: 0 | J30: 2.9 | K30: 0 | L30: 2.8 | M30: 5.2 | N30: 0 | O30: 0 | S30: =AVERAGE(G30:R31) -> 1.2111111 | T30: =E30/S30 -> 7.4311927
C31: 欠品(ppm) | F31: =E31/K31 -> #DIV/0! | U31: P3
C32: 損品(ppm) | E32: 8 | F32: =IF(M32=0,"-",E32/M32) -> - | G32: 0 | H32: 0 | I32: 0 | J32: 0 | K32: 0 | L32: 0 | M32: 0 | N32: 0 | O32: 0 | S32: =AVERAGE(G32:R32) -> 0 | T32: 1
C33: 包裝(ppm) | E33: 103 | F33: =IF(M33=0,"-",E33/M33) -> 0.86554622 | G33: 178 | H33: 129 | I33: 111 | J33: 134 | K33: 279 | L33: 169 | M33: 119 | N33: 249 | O33: 27 | S33: =AVERAGE(G33:R33) -> 155 | T33: =E33/S33 -> 0.66451613 | U33: P9
B34: 配送品質-準時率 | E34: 98 | F34: =M34/E34 -> 1 | G34: 98 | H34: 98 | I34: 98 | J34: 98 | K34: 98 | L34: 98 | M34: 98 | N34: 98 | O34: 98 | S34: =AVERAGE(G34:R34) -> 98 | T34: =S34/E34 -> 1 | U34: P8
A35: 包材回收 | B35: 重量 (公斤) | C35: 國內 | E35: --- | F35: --- | G35: ='包材回收(同期比)'!D99 -> 2155 | H35: ='包材回收(同期比)'!E99 -> 1805 | I35: ='包材回收(同期比)'!F99 -> 2723 | J35: ='包材回收(同期比)'!G99 -> 2055 | K35: ='包材回收(同期比)'!H99 -> 2345 | L35: ='包材回收(同期比)'!I99 -> 2275 | M35: ='包材回收(同期比)'!J99 -> 2205 | N35: 2135 | O35: 1859 | S35: =AVERAGE(G35:R35) -> 2173 | T35: --- | U35: I:\3楊梅配銷室\06.共同事務-楊配室KPI匯整
C36: 國外 | E36: --- | F36: --- | G36: ='包材回收(同期比)'!D100 -> 15318 | H36: ='包材回收(同期比)'!E100 -> 12213 | I36: ='包材回收(同期比)'!F100 -> 21784 | J36: ='包材回收(同期比)'!G100 -> 15884 | K36: ='包材回收(同期比)'!H100 -> 16660 | L36: ='包材回收(同期比)'!I100 -> 15063 | M36: ='包材回收(同期比)'!J100 -> 18170 | N36: 16408 | O36: 20939 | S36: =AVERAGE(G36:R36) -> 16937.667 | T36: ---
C37: 合計 | E37: 28171 | F37: =M37/E37 -> 0.72326151 | G37: =G35+G36 -> 17473 | H37: =H35+H36 -> 14018 | I37: =I35+I36 -> 24507 | J37: =J35+J36 -> 17939 | K37: =K35+K36 -> 19005 | L37: =L35+L36 -> 17338 | M37: =M35+M36 -> 20375 | N37: 18543 | O37: 22798 | S37: =AVERAGE(G37:R37) -> 19110.667 | T37: ---
C38: 同期比 | E38: --- | F38: --- | G38: ='包材回收(同期比)'!D102 -> 1.0131037 | H38: ='包材回收(同期比)'!E102 -> 0.55197669 | I38: ='包材回收(同期比)'!F102 -> 0.89526558 | J38: ='包材回收(同期比)'!G102 -> 0.58146281 | K38: ='包材回收(同期比)'!H102 -> 0.85983803 | L38: ='包材回收(同期比)'!I102 -> 0.53732916 | M38: ='包材回收(同期比)'!J102 -> 0.74985279 | N38: ='包材回收(同期比)'!K102 -> 1.2657338 | O38: ='包材回收(同期比)'!L102 -> 0.91363764 | S38: =AVERAGE(G38:R38) -> 0.81868891
B39: 金額 (萬元) | C39: 國內 | E39: --- | F39: --- | G39: ='包材回收(同期比)'!D103 -> 9.8 | H39: ='包材回收(同期比)'!E103 -> 8.4 | I39: ='包材回收(同期比)'!F103 -> 12.4 | J39: ='包材回收(同期比)'!G103 -> 9.4 | K39: ='包材回收(同期比)'!H103 -> 10.8 | L39: ='包材回收(同期比)'!I103 -> 10.4 | M39: ='包材回收(同期比)'!J103 -> 10.1 | N39: 9.7 | O39: 8.3 | S39: =AVERAGE(G39:R39) -> 9.9222222 | T39: ---
C40: 國外 | E40: --- | F40: --- | G40: ='包材回收(同期比)'!D104 -> 91.1 | H40: ='包材回收(同期比)'!E104 -> 49.2 | I40: ='包材回收(同期比)'!F104 -> 82.4 | J40: ='包材回收(同期比)'!G104 -> 64.2 | K40: ='包材回收(同期比)'!H104 -> 67.3 | L40: ='包材回收(同期比)'!I104 -> 60.7 | M40: ='包材回收(同期比)'!J104 -> 71.7 | N40: 67.2 | O40: 88.3 | S40: =AVERAGE(G40:R40) -> 71.344444 | T40: ---
C41: 合計 | E41: 120.5104 | F41: =M41/E41 -> 0.67877959 | G41: =G39+G40 -> 100.9 | H41: =H39+H40 -> 57.6 | I41: =I39+I40 -> 94.8 | J41: =J39+J40 -> 73.6 | K41: =K39+K40 -> 78.1 | L41: =L39+L40 -> 71.1 | M41: =M39+M40 -> 81.8 | N41: 76.9 | O41: 96.6 | S41: =AVERAGE(G41:R41) -> 81.266667 | T41: ---
C42: 同期比 | E42: --- | F42: --- | G42: ='包材回收(同期比)'!D106 -> 1.6486928 | H42: ='包材回收(同期比)'!E106 -> 0.54700855 | I42: ='包材回收(同期比)'!F106 -> 0.83157895 | J42: ='包材回收(同期比)'!G106 -> 0.46115288 | K42: ='包材回收(同期比)'!H106 -> 0.78729839 | L42: ='包材回收(同期比)'!I106 -> 0.43861814 | M42: ='包材回收(同期比)'!J106 -> 0.59146782 | N42: ='包材回收(同期比)'!K106 -> 1.1722561 | O42: ='包材回收(同期比)'!L106 -> 0.89361702 | S42: =AVERAGE(G42:R42) -> 0.81907674
A43: 增援運費 | B43: 金額 (仟元) | C43: DLR(北區) | E43: 156.6675 | F43: =M43/E43 -> 2.5723267 | G43: 348 | H43: 215 | I43: 264 | J43: 274 | K43: 247 | L43: 380 | M43: 403 | N43: 416 | O43: 339 | S43: =AVERAGE(G43:R43) -> 320.66667 | T43: --- | U43: 台數:楊配室KPI匯總，DLR增援車P14-1(增下據點+增援車費)
C44: SDTC | E44: 311.99161 | F44: =M44/E44 -> 0.82053489 | G44: 467 | H44: 242 | I44: 374 | J44: 284 | K44: 249 | L44: 285 | M44: 256 | N44: 274 | O44: 334 | S44: =AVERAGE(G44:R44) -> 307.22222 | T44: --- | U44: P14-2, 增援車金額:按上班天數-台中基本17噸/1台(7989元)，2台35噸(11406元/台)
C45: SDHN | E45: 311.99161 | F45: =M45/E45 -> 0.8237401 | G45: 468 | H45: 242 | I45: 375 | J45: 285 | K45: 250 | L45: 286 | M45: 257 | N45: 274 | O45: 334 | S45: =AVERAGE(G45:R45) -> 307.88889 | T45: --- | U45: 仁武倉基本2台35噸(17618元/台)，17噸均為增援車11770元/台
B46: 合計 | E46: =E43+E44+E45 -> 780.65072 | F46: =M46/E46 -> 1.1733801 | G46: =SUM(G43:G45) -> 1283 | H46: =SUM(H43:H45) -> 699 | I46: =SUM(I43:I45) -> 1013 | J46: =SUM(J43:J45) -> 843 | K46: =SUM(K43:K45) -> 746 | L46: =SUM(L43:L45) -> 951 | M46: =SUM(M43:M45) -> 916 | N46: =SUM(N43:N45) -> 964 | O46: =SUM(O43:O45) -> 1007 | S46: =AVERAGE(G46:R46) -> 935.77778 | T46: ---
B47: 同期比 | G47: --- | H47: --- | I47: --- | J47: --- | K47: --- | L47: --- | M47: --- | N47: --- | O47: --- | P47: --- | Q47: --- | S47: ---
A48: 庫位使用率 | B48: 中小物區 | C48: 積層區(A-D) | E48: 0.85 | F48: =M48/E48 -> 0.132581 | G48: =OFFSET(庫位使用率!$C$502, (COLUMN(A1)-1)*6, 0) -> 0.73817274 | H48: =OFFSET(庫位使用率!$C$502, (COLUMN(B1)-1)*6, 0) -> 0.68236607 | I48: =OFFSET(庫位使用率!$C$502, (COLUMN(C1)-1)*6, 0) -> 0.47680784 | J48: =OFFSET(庫位使用率!$C$502, (COLUMN(D1)-1)*6, 0) -> 0.2945804 | K48: =OFFSET(庫位使用率!$C$502, (COLUMN(E1)-1)*6, 0) -> 0.1295419 | L48: =OFFSET(庫位使用率!$C$502, (COLUMN(F1)-1)*6, 0) -> 0.11430316 | M48: =OFFSET(庫位使用率!$C$502, (COLUMN(G1)-1)*6, 0) -> 0.11269385 | N48: ='庫位使用率 (202608變更)'!C13 -> 0.81911956 | O48: 0.82453005 | S48: =AVERAGE(G48:R48) -> 0.46579062 | T48: =S48/E48 -> 0.54798896
C49: 積層區( E.P.T.U.4 ) | E49: 0.85 | F49: =M49/E49 -> 0.77617441 | G49: =OFFSET(庫位使用率!$G$502, (COLUMN(A1)-1)*6, 0) -> 0.57465171 | H49: =OFFSET(庫位使用率!$G$502, (COLUMN(B1)-1)*6, 0) -> 0.61911872 | I49: =OFFSET(庫位使用率!$G$502, (COLUMN(C1)-1)*6, 0) -> 0.62492721 | J49: =OFFSET(庫位使用率!$G$502, (COLUMN(D1)-1)*6, 0) -> 0.63004883 | K49: =OFFSET(庫位使用率!$G$502, (COLUMN(E1)-1)*6, 0) -> 0.63942602 | L49: =OFFSET(庫位使用率!$G$502, (COLUMN(F1)-1)*6, 0) -> 0.6485643 | M49: =OFFSET(庫位使用率!$G$502, (COLUMN(G1)-1)*6, 0) -> 0.65974825 | N49: ='庫位使用率 (202608變更)'!F13 -> 0.90679727 | O49: 0.90946869 | S49: =AVERAGE(G49:R49) -> 0.69030567 | T49: =S49/E49 -> 0.81212431
C50: 專區(R.S.J ) | E50: 0.85 | F50: =M50/E50 -> 0.94525815 | G50: =OFFSET(庫位使用率!$L$502, (COLUMN(A1)-1)*6, 0) -> 0.90299375 | H50: =OFFSET(庫位使用率!$L$502, (COLUMN(B1)-1)*6, 0) -> 1.015442 | I50: =OFFSET(庫位使用率!$L$502, (COLUMN(C1)-1)*6, 0) -> 0.95865615 | J50: =OFFSET(庫位使用率!$L$502, (COLUMN(D1)-1)*6, 0) -> 0.95734122 | K50: =OFFSET(庫位使用率!$L$502, (COLUMN(E1)-1)*6, 0) -> 0.98196351 | L50: =OFFSET(庫位使用率!$L$502, (COLUMN(F1)-1)*6, 0) -> 0.76335733 | M50: =OFFSET(庫位使用率!$L$502, (COLUMN(G1)-1)*6, 0) -> 0.80346943 | N50: ='庫位使用率 (202608變更)'!J13 -> 0.69170833 | O50: 0.69480864 | S50: =AVERAGE(G50:R50) -> 0.86330448 | T50: =S50/E50 -> 1.0156523
B51: 大物區 | C51: 高中銷區(F.N.H) | E51: 0.85 | F51: =M51/E51 -> 1.0920818 | G51: =OFFSET(庫位使用率!$Q$502, (COLUMN(A1)-1)*6, 0) -> 0.93238003 | H51: =OFFSET(庫位使用率!$Q$502, (COLUMN(B1)-1)*6, 0) -> 0.93714332 | I51: =OFFSET(庫位使用率!$Q$502, (COLUMN(C1)-1)*6, 0) -> 0.93450477 | J51: =OFFSET(庫位使用率!$Q$502, (COLUMN(D1)-1)*6, 0) -> 0.93805946 | K51: =OFFSET(庫位使用率!$Q$502, (COLUMN(E1)-1)*6, 0) -> 0.92986428 | L51: =OFFSET(庫位使用率!$Q$502, (COLUMN(F1)-1)*6, 0) -> 0.92711747 | M51: =OFFSET(庫位使用率!$Q$502, (COLUMN(G1)-1)*6, 0) -> 0.92826951 | N51: ='庫位使用率 (202608變更)'!N13 -> 0.91899984 | O51: 0.91802553 | S51: =AVERAGE(G51:R51) -> 0.9293738 | T51: =S51/E51 -> 1.0933809
C52: 金屬區(H) | E52: 0.85 | F52: =M52/E52 -> 1.1256966 | G52: =OFFSET(庫位使用率!$T$502, (COLUMN(A1)-1)*6, 0) -> 0.95336153 | H52: =OFFSET(庫位使用率!$T$502, (COLUMN(B1)-1)*6, 0) -> 0.94323622 | I52: =OFFSET(庫位使用率!$T$502, (COLUMN(C1)-1)*6, 0) -> 0.94228697 | J52: =OFFSET(庫位使用率!$T$502, (COLUMN(D1)-1)*6, 0) -> 0.94635965 | K52: =OFFSET(庫位使用率!$T$502, (COLUMN(E1)-1)*6, 0) -> 0.95399436 | L52: =OFFSET(庫位使用率!$T$502, (COLUMN(F1)-1)*6, 0) -> 0.96527256 | M52: =OFFSET(庫位使用率!$T$502, (COLUMN(G1)-1)*6, 0) -> 0.95684211 | N52: ='庫位使用率 (202608變更)'!Q13 -> 0.94608396 | O52: 0.92077068 | S52: =AVERAGE(G52:R52) -> 0.94757867 | T52: =S52/E52 -> 1.1147984
C53: 低滯銷區(M.Q) | E53: 0.85 | F53: =M53/E53 -> 2.4714197 | G53: =OFFSET(庫位使用率!$U$502, (COLUMN(A1)-1)*6, 0) -> 2.0706714 | H53: =OFFSET(庫位使用率!$U$502, (COLUMN(B1)-1)*6, 0) -> 2.0459364 | I53: =OFFSET(庫位使用率!$U$502, (COLUMN(C1)-1)*6, 0) -> 2.0521201 | J53: =OFFSET(庫位使用率!$U$502, (COLUMN(D1)-1)*6, 0) -> 2.0538869 | K53: =OFFSET(庫位使用率!$U$502, (COLUMN(E1)-1)*6, 0) -> 2.0918728 | L53: =OFFSET(庫位使用率!$U$502, (COLUMN(F1)-1)*6, 0) -> 2.1095406 | M53: =OFFSET(庫位使用率!$U$502, (COLUMN(G1)-1)*6, 0) -> 2.1007067 | N53: ='庫位使用率 (202608變更)'!S13 -> 1 | O53: 1 | S53: =AVERAGE(G53:R53) -> 1.8360817 | T53: =S53/E53 -> 2.1600961
C54: 電、化品區(K) | E54: 0.85 | F54: =M54/E54 -> 1.3037608 | G54: =OFFSET(庫位使用率!$W$502, (COLUMN(A1)-1)*6, 0) -> 1.0491803 | H54: =OFFSET(庫位使用率!$W$502, (COLUMN(B1)-1)*6, 0) -> 1.0819672 | I54: =OFFSET(庫位使用率!$W$502, (COLUMN(C1)-1)*6, 0) -> 1.0983607 | J54: =OFFSET(庫位使用率!$W$502, (COLUMN(D1)-1)*6, 0) -> 1.1147541 | K54: =OFFSET(庫位使用率!$W$502, (COLUMN(E1)-1)*6, 0) -> 1.1180328 | L54: =OFFSET(庫位使用率!$W$502, (COLUMN(F1)-1)*6, 0) -> 1.1016393 | M54: =OFFSET(庫位使用率!$W$502, (COLUMN(G1)-1)*6, 0) -> 1.1081967 | N54: ='庫位使用率 (202608變更)'!U13 -> 1 | O54: 1 | S54: =AVERAGE(G54:R54) -> 1.0746812 | T54: =S54/E54 -> 1.2643309
C55: 保 桿區(V) | E55: 0.85 | F55: =M55/E55 -> 1.1151515 | G55: =OFFSET(庫位使用率!$X$502, (COLUMN(A1)-1)*6, 0) -> 0.91515152 | H55: =OFFSET(庫位使用率!$X$502, (COLUMN(B1)-1)*6, 0) -> 0.91757576 | I55: =OFFSET(庫位使用率!$X$502, (COLUMN(C1)-1)*6, 0) -> 0.93818182 | J55: =OFFSET(庫位使用率!$X$502, (COLUMN(D1)-1)*6, 0) -> 0.94323232 | K55: =OFFSET(庫位使用率!$X$502, (COLUMN(E1)-1)*6, 0) -> 0.94424242 | L55: =OFFSET(庫位使用率!$X$502, (COLUMN(F1)-1)*6, 0) -> 0.94525253 | M55: =OFFSET(庫位使用率!$X$502, (COLUMN(G1)-1)*6, 0) -> 0.94787879 | N55: ='庫位使用率 (202608變更)'!V13 -> 0.95030303 | O55: 0.95151515 | S55: =AVERAGE(G55:R55) -> 0.93925926 | T55: =S55/E55 -> 1.1050109
C56: 輪胎區(Y) | E56: 0.85 | F56: =M56/E56 -> 1.1111111 | G56: =OFFSET(庫位使用率!$Y$502, (COLUMN(A1)-1)*6, 0) -> 0.97619048 | H56: =OFFSET(庫位使用率!$Y$502, (COLUMN(B1)-1)*6, 0) -> 0.96825397 | I56: =OFFSET(庫位使用率!$Y$502, (COLUMN(C1)-1)*6, 0) -> 0.95634921 | J56: =OFFSET(庫位使用率!$Y$502, (COLUMN(D1)-1)*6, 0) -> 0.94047619 | K56: =OFFSET(庫位使用率!$Y$502, (COLUMN(E1)-1)*6, 0) -> 0.93253968 | L56: =OFFSET(庫位使用率!$Y$502, (COLUMN(F1)-1)*6, 0) -> 0.94444444 | M56: =OFFSET(庫位使用率!$Y$502, (COLUMN(G1)-1)*6, 0) -> 0.94444444 | N56: ='庫位使用率 (202608變更)'!W13 -> 0.94444444 | O56: 0.95238095 | S56: =AVERAGE(G56:R56) -> 0.9510582 | T56: =S56/E56 -> 1.118892
C57: 油品區(Z) | E57: 0.85 | F57: =M57/E57 -> 0.91822095 | G57: =OFFSET(庫位使用率!$Z$502, (COLUMN(A1)-1)*6, 0) -> 0.7804878 | H57: =OFFSET(庫位使用率!$Z$502, (COLUMN(B1)-1)*6, 0) -> 0.7804878 | I57: =OFFSET(庫位使用率!$Z$502, (COLUMN(C1)-1)*6, 0) -> 0.7804878 | J57: =OFFSET(庫位使用率!$Z$502, (COLUMN(D1)-1)*6, 0) -> 0.7804878 | K57: =OFFSET(庫位使用率!$Z$502, (COLUMN(E1)-1)*6, 0) -> 0.7804878 | L57: =OFFSET(庫位使用率!$Z$502, (COLUMN(F1)-1)*6, 0) -> 0.7804878 | M57: =OFFSET(庫位使用率!$Z$502, (COLUMN(G1)-1)*6, 0) -> 0.7804878 | N57: ='庫位使用率 (202608變更)'!X13 -> 0.79268293 | O57: 0.7804878 | S57: =AVERAGE(G57:R57) -> 0.78184282 | T57: =S57/E57 -> 0.91981508
B58: 全區 | E58: 0.85 | F58: =M58/E58 -> 0.58103441 | G58: =OFFSET(庫位使用率!$AC$502, (COLUMN(A1)-1)*6, 0) -> 0.68919389 | H58: =OFFSET(庫位使用率!$AC$502, (COLUMN(B1)-1)*6, 0) -> 0.69291877 | I58: =OFFSET(庫位使用率!$AC$502, (COLUMN(C1)-1)*6, 0) -> 0.61729432 | J58: =OFFSET(庫位使用率!$AC$502, (COLUMN(D1)-1)*6, 0) -> 0.55108126 | K58: =OFFSET(庫位使用率!$AC$502, (COLUMN(E1)-1)*6, 0) -> 0.49388635 | L58: =OFFSET(庫位使用率!$AC$502, (COLUMN(F1)-1)*6, 0) -> 0.48803389 | M58: =OFFSET(庫位使用率!$AC$502, (COLUMN(G1)-1)*6, 0) -> 0.49387925 | N58: ='庫位使用率 (202608變更)'!AD13 -> 0.60447759 | O58: 0.60687124 | S58: =AVERAGE(G58:R58) -> 0.58195962 | T58: =S58/E58 -> 0.68465837

Sheet 出貨點數(其他附件)
A1: 2019年 /月份 | B1: 1 | C1: 2 | D1: 3 | E1: 4 | F1: 5 | G1: 6 | H1: 7 | I1: 8 | J1: 9 | K1: 10 | L1: 11 | M1: 12
A2: 零件 i | B2: 391042 | C2: 232855 | D2: 313479 | E2: 296353 | F2: 317723 | G2: 299282 | H2: 340859 | I2: 321679 | J2: 293513 | K2: 328038 | L2: 319587 | M2: 355032
A3: 和勁 i | B3: 19165 | C3: 5370 | D3: 7040 | E3: 8088 | F3: 14307 | G3: 15998 | H3: 17087 | I3: 9871 | J3: 7884 | K3: 10591 | L3: 14011 | M3: 19338
A4: 產機 i | B4: 1541 | C4: 915 | D4: 1173 | E4: 1192 | F4: 1374 | G4: 1259 | H4: 1698 | I4: 1184 | J4: 1284 | K4: 1463 | L4: 1337 | M4: 1413
A5: 車美仕 i | B5: 9219 | C5: 5688 | D5: 6409 | E5: 7215 | F5: 6512 | G5: 7125 | H5: 6171 | I5: 3806 | J5: 4954 | K5: 6786 | L5: 6618 | M5: 7404
A6: 和運 i | B6: 767 | C6: 338 | D6: 601 | E6: 480 | F6: 523 | G6: 573 | H6: 690 | I6: 627 | J6: 544 | K6: 652 | L6: 735 | M6: 807
A7: 和運經銷商i | B7: 1979 | C7: 1127 | D7: 1706 | E7: 1466 | F7: 2276 | G7: 1829 | H7: 2225 | I7: 2422 | J7: 2030 | K7: 2523 | L7: 2213 | M7: 2459
A8: 湯淺 i | B8: 1781 | C8: 1320 | D8: 1206 | E8: 908 | F8: 1448 | G8: 1596 | H8: 1620 | I8: 1678 | J8: 2144 | K8: 1778 | L8: 2075 | M8: 1814
A9: 總合計i | B9: =SUM(B2:B8) -> 425494 | C9: =SUM(C2:C8) -> 247613 | D9: =SUM(D2:D8) -> 331614 | E9: =SUM(E2:E8) -> 315702 | F9: =SUM(F2:F8) -> 344163 | G9: =SUM(G2:G8) -> 327662 | H9: =SUM(H2:H8) -> 370350 | I9: =SUM(I2:I8) -> 341267 | ... M9: =SUM(M2:M8) -> 388267
A10: 零件pcs | B10: 2536614 | C10: 1445282 | D10: 1916054 | E10: 1898917 | F10: 2060248 | G10: 2025118 | H10: 2211194 | I10: 1962282 | J10: 1879324 | K10: 2087204 | L10: 2061187 | M10: 2312999
A11: 和勁pcs | B11: 146177 | C11: 72647 | D11: 120051 | E11: 107960 | F11: 128648 | G11: 152500 | H11: 146036 | I11: 80867 | J11: 110822 | K11: 85412 | L11: 140248 | M11: 132573
A12: 產機pcs
A13: 車美仕pcs | B13: 81135 | C13: 41945 | D13: 49580 | E13: 76305 | F13: 65954 | G13: 69793 | H13: 60954 | I13: 26574 | J13: 44215 | K13: 60060 | L13: 58843 | M13: 69373
A14: 和運pcs | B14: 8245 | C14: 4212 | D14: 9513 | E14: 5102 | F14: 7249 | G14: 6286 | H14: 7354 | I14: 7154 | J14: 5628 | K14: 7622 | L14: 7142 | M14: 7585
A15: 和運經銷商pcs | B15: 3216 | C15: 1899 | D15: 2655 | E15: 2092 | F15: 3983 | G15: 2776 | H15: 3989 | I15: 4303 | J15: 3435 | K15: 4350 | L15: 4033 | M15: 3827
A16: 湯淺pcs | B16: 10184 | C16: 7466 | D16: 6254 | E16: 4384 | F16: 6817 | G16: 7750 | H16: 7957 | I16: 8164 | J16: 10878 | K16: 9293 | L16: 11210 | M16: 9658
A17: 總合計pcs | B17: =SUM(B10:B16) -> 2785571 | C17: =SUM(C10:C16) -> 1573451 | D17: =SUM(D10:D16) -> 2104107 | E17: =SUM(E10:E16) -> 2094760 | F17: =SUM(F10:F16) -> 2272899 | G17: =SUM(G10:G16) -> 2264223 | H17: =SUM(H10:H16) -> 2437484 | I17: =SUM(I10:I16) -> 2089344 | ... M17: =SUM(M10:M16) -> 2536015
A19: 出貨點數
A20: 2020年 /月份 | B20: 1 | C20: 2 | D20: 3 | E20: 4 | F20: 5 | G20: 6 | H20: 7 | I20: 8 | J20: 9 | K20: 10 | L20: 11 | M20: 12 | N20: 平均 | O20: 合計
A21: 零件 i | B21: 295444 | C21: 319960 | D21: 334332 | E21: 290437 | F21: 301493 | G21: 309849 | H21: 362845 | I21: 343104 | J21: 350048 | K21: 322082 | L21: 333743 | M21: 372497 | N21: =AVERAGE(B21:M21) -> 327986.17 | O21: =SUM(B21:M21) -> 3935834
A22: 同期比 | B22: =B21/B2 -> 0.7555301 | C22: =C21/C2 -> 1.374074 | D22: =D21/D2 -> 1.0665212 | E22: =E21/E2 -> 0.98003732 | F22: =F21/F2 -> 0.94891777 | G22: =G21/G2 -> 1.0353078 | H22: =H21/H2 -> 1.0645017 | I22: =I21/I2 -> 1.0666037 | ... M22: =M21/M2 -> 1.0491927 | N22: =AVERAGE(B22:M22) -> 1.04662
A23: 和勁 i | B23: 7114 | C23: 7702 | D23: 9509 | E23: 7516 | F23: 10898 | G23: 16398 | H23: 18684 | I23: 11874 | J23: 10590 | K23: 8570 | L23: 15821 | M23: 18403 | N23: =AVERAGE(B23:M23) -> 11923.25 | O23: =SUM(B23:M23) -> 143079
A24: 同期比 | B24: =B23/B3 -> 0.3711975 | C24: =C23/C3 -> 1.4342644 | D24: =D23/D3 -> 1.3507102 | E24: =E23/E3 -> 0.92927794 | F24: =F23/F3 -> 0.76172503 | G24: =G23/G3 -> 1.0250031 | H24: =H23/H3 -> 1.0934629 | I24: =I23/I3 -> 1.2029176 | ... M24: =M23/M3 -> 0.9516496 | N24: =AVERAGE(B24:M24) -> 1.0334831
A25: 產機 i | B25: 1199 | C25: 1451 | D25: 1386 | E25: 1256 | F25: 1192 | G25: 1331 | H25: 1317 | I25: 1303 | J25: 1610 | K25: 1142 | L25: 1656 | M25: 1347 | N25: =AVERAGE(B25:M25) -> 1349.1667 | O25: =SUM(B25:M25) -> 16190
A26: 同期比 | B26: =B25/B4 -> 0.77806619 | C26: =C25/C4 -> 1.5857923 | D26: =D25/D4 -> 1.1815857 | E26: =E25/E4 -> 1.0536913 | F26: =F25/F4 -> 0.86754003 | G26: =G25/G4 -> 1.0571882 | H26: =H25/H4 -> 0.77561837 | I26: =I25/I4 -> 1.1005068 | ... M26: =M25/M4 -> 0.95329087 | N26: =AVERAGE(B26:M26) -> 1.0521963
A27: 車美仕 i | B27: 6171 | C27: 4671 | D27: 9604 | E27: 8302 | F27: 8656 | G27: 9635 | H27: 11710 | I27: 9005 | J27: 8641 | K27: 9010 | L27: 9324 | M27: 11470 | N27: =AVERAGE(B27:M27) -> 8849.9167 | O27: =SUM(B27:M27) -> 106199
A28: 同期比 | B28: =B27/B5 -> 0.66937846 | C28: =C27/C5 -> 0.82120253 | D28: =D27/D5 -> 1.4985177 | E28: =E27/E5 -> 1.1506584 | F28: =F27/F5 -> 1.3292383 | G28: =G27/G5 -> 1.3522807 | H28: =H27/H5 -> 1.8975855 | I28: =I27/I5 -> 2.3660011 | ... M28: =M27/M5 -> 1.5491626 | N28: =AVERAGE(B28:M28) -> 1.4262409
A29: 和運 i | B29: 670 | C29: 796 | D29: 831 | E29: 734 | F29: 877 | G29: 931 | H29: 817 | I29: 877 | J29: 975 | K29: 765 | L29: 994 | M29: 963 | N29: =AVERAGE(B29:M29) -> 852.5 | O29: =SUM(B29:M29) -> 10230
A30: 同期比 | B30: =B29/B6 -> 0.87353325 | C30: =C29/C6 -> 2.3550296 | D30: =D29/D6 -> 1.3826955 | E30: =E29/E6 -> 1.5291667 | F30: =F29/F6 -> 1.6768642 | G30: =G29/G6 -> 1.6247818 | H30: =H29/H6 -> 1.184058 | I30: =I29/I6 -> 1.3987241 | ... M30: =M29/M6 -> 1.1933086 | N30: =AVERAGE(B30:M30) -> 1.4613446
A31: 和運經銷商i | B31: 2238 | C31: 2831 | D31: 3697 | E31: 3273 | F31: 3579 | G31: 4099 | H31: 5499 | I31: 5051 | J31: 4846 | K31: 4478 | L31: 4797 | M31: 4674 | N31: =AVERAGE(B31:M31) -> 4088.5 | O31: =SUM(B31:M31) -> 49062
A32: 同期比 | B32: =B31/B8 -> 1.2565974 | C32: =C31/C8 -> 2.144697 | D32: =D31/D8 -> 3.0655058 | E32: =E31/E8 -> 3.6046256 | F32: =F31/F8 -> 2.4716851 | G32: =G31/G8 -> 2.5682957 | H32: =H31/H8 -> 3.3944444 | I32: =I31/I8 -> 3.0101311 | ... M32: =M31/M8 -> 2.5766262 | N32: =AVERAGE(B32:M32) -> 2.5986031
A33: 湯淺 i | B33: 1835 | C33: 1257 | D33: 1564 | E33: 1268 | F33: 1490 | G33: 1635 | H33: 1795 | I33: 2126 | J33: 1810 | K33: 1753 | L33: 2185 | M33: 2034 | N33: =AVERAGE(B33:M33) -> 1729.3333 | O33: =SUM(B33:M33) -> 20752
A34: 同期比 | B34: =B33/B8 -> 1.03032 | C34: =C33/C8 -> 0.95227273 | D34: =D33/D8 -> 1.2968491 | E34: =E33/E8 -> 1.3964758 | F34: =F33/F8 -> 1.0290055 | G34: =G33/G8 -> 1.0244361 | H34: =H33/H8 -> 1.1080247 | I34: =I33/I8 -> 1.2669845 | ... M34: =M33/M8 -> 1.1212789 | N34: =AVERAGE(B34:M34) -> 1.0924013
A35: 總合計i | B35: =B21+B23+B25+B27+B29+B33+B31 -> 314671 | C35: =C21+C23+C25+C27+C29+C33 -> 335837 | D35: =D21+D23+D25+D27+D29+D33 -> 357226 | E35: =E21+E23+E25+E27+E29+E33 -> 309513 | F35: =F21+F23+F25+F27+F29+F33 -> 324606 | G35: =G21+G23+G25+G27+G29+G33 -> 339779 | H35: =H21+H23+H25+H27+H29+H33 -> 397168 | I35: =I21+I23+I25+I27+I29+I33 -> 368289 | J35: =J21+J23+J25+J27+J29+J33 -> 373674 | ... M35: =M21+M23+M25+M27+M29+M33 -> 406714 | N35: =AVERAGEA(B35:M35) -> 352876.83 | O35: =SUM(B35:M35) -> 4234522
A36: 同期比 | B36: =B35/B9 -> 0.73954274 | C36: =C35/C9 -> 1.3562979 | D36: =D35/D9 -> 1.0772344 | E36: =E35/E9 -> 0.98039607 | F36: =F35/F9 -> 0.94317518 | G36: =G35/G9 -> 1.0369802 | H36: =H35/H9 -> 1.0724126 | I36: =I35/I9 -> 1.0791814 | ... M36: =M35/M9 -> 1.0475111 | N36: =AVERAGE(B36:M36) -> 1.0461951
A37: 出貨PCS
A38: 零件pcs | B38: 2064225 | C38: 1919724 | D38: 2387421 | E38: 1925057 | F38: 1938618 | G38: 1975146 | H38: 2125321 | I38: 2075304 | J38: 2188146 | K38: 2006021 | L38: 2079620 | M38: 2473506 | N38: =AVERAGE(B38:M38) -> 2096509.1 | O38: =SUM(B38:M38) -> 25158109
A39: 同期比 | B39: =B38/B10 -> 0.81377182 | C39: =C38/C10 -> 1.3282695 | D39: =D38/D10 -> 1.2460092 | E39: =E38/E10 -> 1.0137657 | F39: =F38/F10 -> 0.94096342 | G39: =G38/G10 -> 0.97532391 | H39: =H38/H10 -> 0.96116442 | I39: =I38/I10 -> 1.0575972 | ... M39: =M38/M10 -> 1.0693935 | N39: =AVERAGE(B39:M39) -> 1.0450527
A40: 和勁pcs | B40: 51983 | C40: 51792 | D40: 82775 | E40: 87977 | F40: 99436 | G40: 140113 | H40: 150989 | I40: 94844 | J40: 462884 | K40: 115534 | L40: 139413 | M40: 165648 | N40: =AVERAGE(B40:M40) -> 136949 | O40: =SUM(B40:M40) -> 1643388
A41: 同期比 | B41: =B40/B11 -> 0.35561682 | C41: =C40/C11 -> 0.71292689 | D41: =D40/D11 -> 0.68949863 | E41: =E40/E11 -> 0.81490367 | F41: =F40/F11 -> 0.77293079 | G41: =G40/G11 -> 0.91877377 | H41: =H40/H11 -> 1.0339163 | I41: =I40/I11 -> 1.1728394 | ... M41: =M40/M11 -> 1.2494852 | N41: =AVERAGE(B41:M41) -> 1.1870357
A42: 產機pcs | C42: 5849 | D42: 6241 | E42: 5366 | F42: 4951 | G42: 5264 | H42: 5493 | I42: 4870 | J42: 5489 | K42: 4626 | L42: 6284 | M42: 5618 | N42: =AVERAGE(B42:M42) -> 5459.1818 | O42: =SUM(B42:M42) -> 60051
A43: 同期比
A44: 車美仕pcs | B44: 60954 | C44: 42641 | D44: 108572 | E44: 103024 | F44: 105689 | G44: 107194 | H44: 100823 | I44: 109050 | J44: 84729 | K44: 111062 | L44: 131519 | M44: 134649 | N44: =AVERAGE(B44:M44) -> 99992.167 | O44: =SUM(B44:M44) -> 1199906
A45: 同期比 | B45: =B44/B13 -> 0.75126641 | C45: =C44/C13 -> 1.0165932 | D45: =D44/D13 -> 2.1898346 | E45: =E44/E13 -> 1.3501605 | F45: =F44/F13 -> 1.6024654 | G45: =G44/G13 -> 1.5358847 | H45: =H44/H13 -> 1.6540834 | I45: =I44/I13 -> 4.1036351 | ... M45: =M44/M13 -> 1.9409424 | N45: =AVERAGE(B45:M45) -> 1.8454524
A46: 和運pcs | B46: 6728 | C46: 3297 | D46: 8381 | E46: 7920 | F46: 9613 | G46: 10384 | H46: 9387 | I46: 9667 | J46: 11591 | K46: 8846 | L46: 11355 | M46: 11346 | N46: =AVERAGE(B46:M46) -> 9042.9167 | O46: =SUM(B46:M46) -> 108515
A47: 同期比 | B47: =B46/B14 -> 0.8160097 | C47: =C46/C14 -> 0.78276353 | D47: =D46/D14 -> 0.88100494 | E47: =E46/E14 -> 1.5523324 | F47: =F46/F14 -> 1.3261139 | G47: =G46/G14 -> 1.6519249 | H47: =H46/H14 -> 1.2764482 | I47: =I46/I14 -> 1.351272 | ... M47: =M46/M14 -> 1.4958471 | N47: =AVERAGE(B47:M47) -> 1.3286433
A48: 和運經銷商pcs | B48: 3968 | C48: 5081 | D48: 5827 | E48: 5149 | F48: 5818 | G48: 5944 | H48: 8090 | I48: 7710 | J48: 6682 | K48: 6678 | L48: 6803 | M48: 7010 | N48: =AVERAGE(B48:M48) -> 6230 | O48: =SUM(B48:M48) -> 74760
A49: 同期比 | B49: =B48/B14 -> 0.48126137 | C49: =C48/C14 -> 1.2063153 | D49: =D48/D14 -> 0.61253022 | E49: =E48/E14 -> 1.0092121 | F49: =F48/F14 -> 0.80259346 | G49: =G48/G14 -> 0.94559338 | H49: =H48/H14 -> 1.1000816 | I49: =I48/I14 -> 1.0777188 | ... M49: =M48/M14 -> 0.92419249 | N49: =AVERAGE(B49:M49) -> 0.93128824
A50: 湯淺pcs | B50: 10718 | C50: 7142 | D50: 7840 | E50: 6626 | F50: 7614 | G50: 8823 | H50: 9387 | I50: 11500 | J50: 9007 | K50: 9150 | L50: 11360 | M50: 10560 | N50: =AVERAGE(B50:M50) -> 9143.9167 | O50: =SUM(B50:M50) -> 109727
A51: 同期比 | B51: =B50/B16 -> 1.0524352 | C51: =C50/C16 -> 0.95660327 | D51: =D50/D16 -> 1.2535977 | E51: =E50/E16 -> 1.5114051 | F51: =F50/F16 -> 1.1169136 | G51: =G50/G16 -> 1.1384516 | H51: =H50/H16 -> 1.179716 | I51: =I50/I16 -> 1.4086232 | ... M51: =M50/M16 -> 1.0933941 | N51: =AVERAGE(B51:M51) -> 1.1280945
A52: 總合計pcs | B52: =B38+B40+B42+B44+B46+B50+B48 -> 2198576 | C52: =C38+C40+C42+C44+C46+C50+C48 -> 2035526 | D52: =D38+D40+D42+D44+D46+D50+D48 -> 2607057 | E52: =E38+E40+E42+E44+E46+E50+E48 -> 2141119 | F52: =F38+F40+F42+F44+F46+F50+F48 -> 2171739 | G52: =G38+G40+G42+G44+G46+G50+G48 -> 2252868 | H52: =H38+H40+H42+H44+H46+H50+H48 -> 2409490 | I52: =I38+I40+I42+I44+I46+I50+I48 -> 2312945 | ... N52: =N38+N40+N42+N44+N46+N50+N48 -> 2363326.3 | O52: =SUM(B52:M52) -> 28354456
A53: 同期比 | B53: =B52/B17 -> 0.78927301 | C53: =C52/C17 -> 1.2936698 | D53: =D52/D17 -> 1.2390325 | E53: =E52/E17 -> 1.0221309 | F53: =F52/F17 -> 0.95549296 | G53: =G52/G17 -> 0.99498503 | H53: =H52/H17 -> 0.98851521 | I53: =I52/I17 -> 1.1070197 | ... M53: =M52/M17 -> 1.1073819 | N53: =AVERAGE(B53:M53) -> 1.0745115
A56: 出貨點數
A57: 2021年 /月份 | B57: 1 | C57: 2 | D57: 3 | E57: 4 | F57: 5 | G57: 6 | H57: 7 | I57: 8 | J57: 9 | K57: 10 | L57: 11 | M57: 12 | N57: 平均 | O57: 合計
A58: 零件 i | B58: 396647 | C58: 277188 | D58: 366699 | E58: 318536 | F58: 296422 | G58: 260569 | H58: 311976 | I58: 328797 | J58: 313574 | K58: 324024 | L58: 352341 | M58: 366261 | N58: =AVERAGE(B58:M58) -> 326086.17 | O58: =SUM(B58:M58) -> 3913034
A59: 同期比 | B59: =B58/B21 -> 1.3425455 | C59: =C58/C21 -> 0.86632079 | D59: =D58/D21 -> 1.096811 | E59: =E58/E21 -> 1.0967473 | F59: =F58/F21 -> 0.98318037 | G59: =G58/G21 -> 0.84095479 | H59: =H58/H21 -> 0.85980515 | I59: =I58/I21 -> 0.95830127 | ... M59: =M58/M21 -> 0.98325893 | N59: =AVERAGE(B59:M59) -> 0.99879024
A60: 和勁 i | B60: 17078 | C60: 7050 | D60: 8604 | E60: 7283 | F60: 12965 | G60: 12881 | H60: 17347 | I60: 14030 | J60: 18493 | K60: 7114 | L60: 6824 | M60: 7360 | N60: =AVERAGE(B60:M60) -> 11419.083 | O60: =SUM(B60:M60) -> 137029
A61: 同期比 | B61: =B60/B23 -> 2.4006185 | C61: =C60/C23 -> 0.91534666 | D61: =D60/D23 -> 0.90482701 | E61: =E60/E23 -> 0.96899947 | F61: =F60/F23 -> 1.1896678 | G61: =G60/G23 -> 0.78552262 | H61: =H60/H23 -> 0.92844145 | I61: =I60/I23 -> 1.1815732 | ... M61: =M60/M23 -> 0.39993479 | N61: =AVERAGE(B61:M61) -> 1.056886
A62: 產機 i | B62: 1366 | C62: 1389 | D62: 1341 | E62: 1284 | F62: 1454 | G62: 1387 | H62: 1400 | I62: 1629 | J62: 1344 | K62: 1481 | L62: 1829 | M62: 1440 | N62: =AVERAGE(B62:M62) -> 1445.3333 | O62: =SUM(B62:M62) -> 17344
A63: 同期比 | B63: =B62/B25 -> 1.1392827 | C63: =C62/C25 -> 0.95727085 | D63: =D62/D25 -> 0.96753247 | E63: =E62/E25 -> 1.022293 | F63: =F62/F25 -> 1.2197987 | G63: =G62/G25 -> 1.0420736 | H63: =H62/H25 -> 1.063022 | I63: =I62/I25 -> 1.2501919 | ... M63: =M62/M25 -> 1.0690423 | N63: =AVERAGE(B63:M63) -> 1.0805505
A64: 車美仕 i | B64: 11739 | C64: 6889 | D64: 10948 | E64: 9187 | F64: 6890 | G64: 7592 | H64: 9833 | I64: 8497 | J64: 9442 | K64: 9589 | L64: 10603 | M64: 10315 | N64: =AVERAGE(B64:M64) -> 9293.6667 | O64: =SUM(B64:M64) -> 111524
A65: 同期比 | B65: =B64/B27 -> 1.9022849 | C65: =C64/C27 -> 1.4748448 | D65: =D64/D27 -> 1.1399417 | E65: =E64/E27 -> 1.1066008 | F65: =F64/F27 -> 0.79597967 | G65: =G64/G27 -> 0.78796056 | H65: =H64/H27 -> 0.83970965 | I65: =I64/I27 -> 0.9435869 | ... M65: =M64/M27 -> 0.89930253 | N65: =AVERAGE(B65:M65) -> 1.0986953
A66: 和運 i | B66: 1053 | C66: 923 | D66: 1336 | E66: 1307 | F66: 1283 | G66: 1165 | H66: 1183 | I66: 1446 | J66: 1195 | K66: 1398 | L66: 1520 | M66: 1534 | N66: =AVERAGE(B66:M66) -> 1278.5833 | O66: =SUM(B66:M66) -> 15343
A67: 同期比 | B67: =B66/B29 -> 1.5716418 | C67: =C66/C29 -> 1.1595477 | D67: =D66/D29 -> 1.6077016 | E67: =E66/E29 -> 1.780654 | F67: =F66/F29 -> 1.4629418 | G67: =G66/G29 -> 1.2513426 | H67: =H66/H29 -> 1.4479804 | I67: =I66/I29 -> 1.6488027 | ... M67: =M66/M29 -> 1.5929387 | N67: =AVERAGE(B67:M67) -> 1.5088182
A68: 和運經銷商i | B68: 4790 | C68: 3666 | D68: 4920 | E68: 4158 | F68: 4931 | G68: 3924 | H68: 3625 | I68: 4479 | J68: 5078 | K68: 5171 | L68: 5564 | M68: 6248 | N68: =AVERAGE(B68:M68) -> 4712.8333 | O68: =SUM(B68:M68) -> 56554
A69: 同期比 | B69: =B68/B31 -> 2.1403038 | C69: =C68/C31 -> 1.2949488 | D69: =D68/D31 -> 1.3308088 | E69: =E68/E31 -> 1.2703941 | F69: =F68/F31 -> 1.3777592 | G69: =G68/G31 -> 0.95730666 | H69: =H68/H31 -> 0.65921077 | I69: =I68/I31 -> 0.8867551 | ... M69: =M68/M31 -> 1.3367565 | N69: =AVERAGE(B69:M69) -> 1.2180639
A70: 湯淺 i | B70: 2420 | C70: 1436 | D70: 1551 | E70: 1353 | F70: 1553 | G70: 1280 | H70: 1659 | I70: 2100 | J70: 1673 | K70: 1929 | L70: 1907 | M70: 1780 | N70: =AVERAGE(B70:M70) -> 1720.0833 | O70: =SUM(B70:M70) -> 20641
A71: 同期比 | B71: =B70/B33 -> 1.3188011 | C71: =C70/C33 -> 1.1424025 | D71: =D70/D33 -> 0.99168798 | E71: =E70/E33 -> 1.0670347 | F71: =F70/F33 -> 1.0422819 | G71: =G70/G33 -> 0.78287462 | H71: =H70/H33 -> 0.92423398 | I71: =I70/I33 -> 0.98777046 | ... M71: =M70/M33 -> 0.87512291 | N71: =AVERAGE(B71:M71) -> 1.002474
A72: 總合計i | B72: =B58+B60+B62+B64+B66+B68+B70 -> 435093 | C72: =C58+C60+C62+C64+C66+C68+C70 -> 298541 | D72: =D58+D60+D62+D64+D66+D68+D70 -> 395399 | E72: =E58+E60+E62+E64+E66+E68+E70 -> 343108 | F72: =F58+F60+F62+F64+F66+F68+F70 -> 325498 | G72: =G58+G60+G62+G64+G66+G68+G70 -> 288798 | H72: =H58+H60+H62+H64+H66+H68+H70 -> 347023 | I72: =I58+I60+I62+I64+I66+I68+I70 -> 360978 | ... M72: =M58+M60+M62+M64+M66+M68+M70 -> 394938 | N72: =AVERAGEA(B72:M72) -> 355955.75 | O72: =SUM(B72:M72) -> 4271469
A73: 同期比 | B73: =B72/B35 -> 1.3826918 | C73: =C72/C35 -> 0.88894613 | D73: =D72/D35 -> 1.1068595 | E73: =E72/E35 -> 1.1085415 | F73: =F72/F35 -> 1.0027479 | G73: =G72/G35 -> 0.84995836 | H73: =H72/H35 -> 0.8737436 | I73: =I72/I35 -> 0.98014874 | ... M73: =M72/M35 -> 0.97104599 | N73: =AVERAGE(B73:M73) -> 1.0142785
A74: 出貨PCS
A75: 零件pcs | B75: 2419356 | C75: 1794672 | D75: 2301951 | E75: 2038565 | F75: 1945472 | G75: 1816154 | H75: 2380488 | I75: 2068503 | J75: 2058048 | K75: 2156521 | L75: 2245189 | M75: 2412965 | N75: =AVERAGE(B75:M75) -> 2136490.3 | O75: =SUM(B75:M75) -> 25637884
A76: 同期比 | B76: =B75/B38 -> 1.1720408 | C76: =C75/C38 -> 0.93485939 | D76: =D75/D38 -> 0.96419986 | E76: =E75/E38 -> 1.0589634 | F76: =F75/F38 -> 1.0035355 | G76: =G75/G38 -> 0.91950367 | H76: =H75/H38 -> 1.1200605 | I76: =I75/I38 -> 0.99672289 | ... M76: =M75/M38 -> 0.97552422 | N76: =AVERAGE(B76:M76) -> 1.0200495
A77: 和勁pcs | B77: 140616 | C77: 62362 | D77: 82962 | E77: 137684 | F77: 158944 | G77: 155930 | H77: 142955 | I77: 115873 | J77: 140592 | K77: 71082 | L77: 71494 | M77: 107674 | N77: =AVERAGE(B77:M77) -> 115680.67 | O77: =SUM(B77:M77) -> 1388168
A78: 同期比 | B78: =B77/B40 -> 2.7050382 | C78: =C77/C40 -> 1.2040856 | D78: =D77/D40 -> 1.0022591 | E78: =E77/E40 -> 1.5649999 | F78: =F77/F40 -> 1.5984553 | G78: =G77/G40 -> 1.1128875 | H78: =H77/H40 -> 0.94679083 | I78: =I77/I40 -> 1.221722 | ... M78: =M77/M40 -> 0.6500169 | N78: =AVERAGE(B78:M78) -> 1.1198379
A79: 產機pcs | B79: 3631 | C79: 4475 | D79: 5343 | E79: 5271 | F79: 4796 | G79: 6084 | H79: 5015 | I79: 6232 | J79: 4489 | K79: 6019 | L79: 6688 | M79: 5709 | N79: =AVERAGE(B79:M79) -> 5312.6667 | O79: =SUM(B79:M79) -> 63752
A80: 同期比 | B80: =B79/B42 -> #DIV/0! | C80: =C79/C42 -> 0.76508805 | D80: =D79/D42 -> 0.8561128 | E80: =E79/E42 -> 0.98229594 | F80: =F79/F42 -> 0.96869319 | G80: =G79/G42 -> 1.1557751 | H80: =H79/H42 -> 0.91298016 | I80: =I79/I42 -> 1.2796715 | ... M80: =M79/M42 -> 1.0161979 | N80: =AVERAGE(C80:M80) -> 1.0109133
A81: 車美仕pcs | B81: 154420 | C81: 67536 | D81: 94858 | E81: 101591 | F81: 67536 | G81: 91419 | H81: 115359 | I81: 90996 | J81: 77599 | K81: 144791 | L81: 114515 | M81: 151058 | N81: =AVERAGE(B81:M81) -> 105973.17 | O81: =SUM(B81:M81) -> 1271678
A82: 同期比 | B82: =B81/B44 -> 2.5333858 | C82: =C81/C44 -> 1.5838278 | D82: =D81/D44 -> 0.87368751 | E82: =E81/E44 -> 0.98609062 | F82: =F81/F44 -> 0.6390069 | G82: =G81/G44 -> 0.85283691 | H82: =H81/H44 -> 1.1441735 | I82: =I81/I44 -> 0.83444292 | ... M82: =M81/M44 -> 1.121865 | N82: =AVERAGE(C82:M82) -> 1.0114715
A83: 和運pcs | B83: 11056 | C83: 10071 | D83: 12672 | E83: 15170 | F83: 15139 | G83: 11616 | H83: 13918 | I83: 13811 | J83: 13363 | K83: 14248 | L83: 14462 | M83: 13377 | N83: =AVERAGE(B83:M83) -> 13241.917 | O83: =SUM(B83:M83) -> 158903
A84: 同期比 | B84: =B83/B46 -> 1.6432818 | C84: =C83/C46 -> 3.0545951 | D84: =D83/D46 -> 1.5119914 | E84: =E83/E46 -> 1.915404 | F84: =F83/F46 -> 1.5748466 | G84: =G83/G46 -> 1.1186441 | H84: =H83/H46 -> 1.4826888 | I84: =I83/I46 -> 1.4286749 | ... M84: =M83/M46 -> 1.1790058 | N84: =AVERAGE(C84:M84) -> 1.5730021
A85: 和運經銷商pcs | B85: 7435 | C85: 5901 | D85: 8603 | E85: 6425 | F85: 7656 | G85: 6283 | H85: 5848 | I85: 7991 | J85: 8009 | K85: 8707 | L85: 9578 | M85: 6248 | N85: =AVERAGE(B85:M85) -> 7390.3333 | O85: =SUM(B85:M85) -> 88684
A86: 同期比 | B86: =B85/B48 -> 1.8737399 | C86: =C85/C48 -> 1.1613856 | D86: =D85/D48 -> 1.476403 | E86: =E85/E48 -> 1.2478151 | F86: =F85/F48 -> 1.3159161 | G86: =G85/G48 -> 1.0570323 | H86: =H85/H48 -> 0.72286774 | I86: =I85/I48 -> 1.0364462 | ... M86: =M85/M48 -> 0.89129815 | N86: =AVERAGE(C86:M86) -> 1.165409
A87: 湯淺pcs | B87: 14048 | C87: 8024 | D87: 7928 | E87: 13566 | F87: 7731 | G87: 5177 | H87: 6472 | I87: 10398 | J87: 8189 | K87: 9795 | L87: 9364 | M87: 8981 | N87: =AVERAGE(B87:M87) -> 9139.4167 | O87: =SUM(B87:M87) -> 109673
A88: 同期比 | B88: =B87/B50 -> 1.3106923 | C88: =C87/C50 -> 1.1234948 | D88: =D87/D50 -> 1.0112245 | E88: =E87/E50 -> 2.0473891 | F88: =F87/F50 -> 1.0153664 | G88: =G87/G50 -> 0.58676187 | H88: =H87/H50 -> 0.68946415 | I88: =I87/I50 -> 0.90417391 | ... M88: =M87/M50 -> 0.85047348 | N88: =AVERAGE(C88:M88) -> 1.002938
A89: 總合計pcs | B89: =B75+B77+B79+B81+B83+B85+B87 -> 2750562 | C89: =C75+C77+C79+C81+C83+C85+C87 -> 1953041 | D89: =D75+D77+D79+D81+D83+D85+D87 -> 2514317 | E89: =E75+E77+E79+E81+E83+E85+E87 -> 2318272 | F89: =F75+F77+F79+F81+F83+F85+F87 -> 2207274 | G89: =G75+G77+G79+G81+G83+G85+G87 -> 2092663 | H89: =H75+H77+H79+H81+H83+H85+H87 -> 2670055 | I89: =I75+I77+I79+I81+I83+I85+I87 -> 2313804 | ... M89: =M75+M77+M79+M81+M83+M85+M87 -> 2706012 | N89: =AVERAGEA(B89:M89) -> 2393228.5 | O89: =SUM(B89:M89) -> 28718742
A90: 同期比 | B90: =B89/B52 -> 1.2510652 | C90: =C89/C52 -> 0.9594773 | D90: =D89/D52 -> 0.96442732 | E90: =E89/E52 -> 1.0827385 | F90: =F89/F52 -> 1.0163625 | G90: =G89/G52 -> 0.92888842 | H90: =H89/H52 -> 1.1081411 | I90: =I89/I52 -> 1.0003714 | ... M90: =M89/M52 -> 0.96356385 | N90: =AVERAGE(B90:M90) -> 1.0175911
A92: 出貨點數
A93: 2022年 /月份 | B93: 1 | C93: 2 | D93: 3 | E93: 4 | F93: 5 | G93: 6 | H93: 7 | I93: 8 | J93: 9 | K93: 10 | L93: 11 | M93: 12 | N93: 平均 | O93: 合計
A94: 零件 i | B94: 364962 | C94: 275117 | D94: 386799 | E94: 320228 | F94: 305685 | G94: 325833 | H94: 360551 | I94: 389740 | J94: 339121 | K94: 342211 | L94: 374422 | M94: 413932 | N94: =AVERAGE(B94:M94) -> 349883.42 | O94: =SUM(B94:M94) -> 4198601
A95: 同期比 | B95: =B94/B58 -> 0.92011789 | C95: =C94/C58 -> 0.99252854 | D95: =D94/D58 -> 1.0548133 | E95: =E94/E58 -> 1.0053118 | F95: =F94/F58 -> 1.0312494 | G95: =G94/G58 -> 1.2504672 | H95: =H94/H58 -> 1.1557011 | I95: =I94/I58 -> 1.1853514 | ... M95: =M94/M58 -> 1.1301558 | N95: =AVERAGE(B95:M95) -> 1.0771637
A96: 聯網 i | B96: 6119 | C96: 3287 | D96: 6235 | E96: 6194 | F96: 8512 | G96: 7822 | H96: 8256 | I96: 9715 | J96: 9676 | K96: 9685 | L96: 13000 | M96: 13348 | N96: =AVERAGE(B96:M96) -> 8487.4167 | O96: =SUM(B96:M96) -> 101849
A97: 同期比 | B97: =B96/B60 -> 0.35829722 | C97: =C96/C60 -> 0.46624113 | D97: =D96/D60 -> 0.72466295 | E97: =E96/E60 -> 0.85047371 | F97: =F96/F60 -> 0.65653683 | G97: =G96/G60 -> 0.60725099 | H97: =H96/H60 -> 0.47593244 | I97: =I96/I60 -> 0.69244476 | ... M97: =M96/M60 -> 1.813587 | N97: =AVERAGE(B97:M97) -> 0.86959109
A98: 產機 i | B98: 1435 | C98: 1257 | D98: 1808 | E98: 1528 | F98: 1539 | G98: 1379 | H98: 1486 | I98: 1475 | J98: 1351 | K98: 1561 | L98: 1501 | M98: 1120 | N98: =AVERAGE(B98:M98) -> 1453.3333 | O98: =SUM(B98:M98) -> 17440
A99: 同期比 | B99: =B98/B62 -> 1.0505124 | C99: =C98/C62 -> 0.9049676 | D99: =D98/D62 -> 1.3482476 | E99: =E98/E62 -> 1.1900312 | F99: =F98/F62 -> 1.0584594 | G99: =G98/G62 -> 0.99423216 | H99: =H98/H62 -> 1.0614286 | I99: =I98/I62 -> 0.90546347 | ... M99: =M98/M62 -> 0.77777778 | N99: =AVERAGE(B99:M99) -> 1.0142511
A100: 車美仕 i | B100: 9275 | C100: 10603 | D100: 11311 | E100: 10603 | F100: 8746 | G100: 9721 | H100: 11771 | I100: 11772 | J100: 10112 | K100: 9616 | L100: 10559 | M100: 11162 | N100: =AVERAGE(B100:M100) -> 10437.583 | O100: =SUM(B100:M100) -> 125251
A101: 同期比 | B101: =B100/B64 -> 0.79010137 | C101: =C100/C64 -> 1.5391203 | D101: =D100/D64 -> 1.0331567 | E101: =E100/E64 -> 1.1541308 | F101: =F100/F64 -> 1.2693759 | G101: =G100/G64 -> 1.2804268 | H101: =H100/H64 -> 1.1970914 | I101: =I100/I64 -> 1.3854302 | ... M101: =M100/M64 -> 1.0821134 | N101: =AVERAGE(B101:M101) -> 1.1500477
A102: 和運 i | B102: 1709 | C102: 1525 | D102: 1965 | E102: 1732 | F102: 1837 | G102: 2052 | H102: 1866 | I102: 2167 | J102: 1911 | K102: 1826 | L102: 2069 | M102: 1891 | N102: =AVERAGE(B102:M102) -> 1879.1667 | O102: =SUM(B102:M102) -> 22550
A103: 同期比 | B103: =B102/B66 -> 1.622982 | C103: =C102/C66 -> 1.652221 | D103: =D102/D66 -> 1.4708084 | E103: =E102/E66 -> 1.3251721 | F103: =F102/F66 -> 1.4318005 | G103: =G102/G66 -> 1.7613734 | H103: =H102/H66 -> 1.5773457 | I103: =I102/I66 -> 1.4986169 | ... M103: =M102/M66 -> 1.2327249 | N103: =AVERAGE(B103:M103) -> 1.4866287
A104: 和運經銷商i | B104: 5531 | C104: 4925 | D104: 7831 | E104: 6525 | F104: 6536 | G104: 7143 | H104: 7571 | I104: 8156 | J104: 8306 | K104: 8009 | L104: 8448 | M104: 8481 | N104: =AVERAGE(B104:M104) -> 7288.5 | O104: =SUM(B104:M104) -> 87462
...

Sheet 進貨點數(同期比)
A1: 2014年/月份 | B1: 1 | C1: 2 | D1: 3 | E1: 4 | F1: 5 | G1: 6 | H1: 7 | I1: 8 | J1: 9 | K1: 10 | L1: 11 | M1: 12
A2: I | B2: =37193+18064 -> 55257 | C2: =39053+16010 -> 55063 | D2: =41877+17252 -> 59129 | E2: =49005+18465 -> 67470 | F2: =35381+19931 -> 55312 | G2: =43034+19334 -> 62368 | H2: =43142+21923 -> 65065 | I2: =40516+15967 -> 56483 | J2: =44979+17834 -> 62813 | K2: =47684+20511 -> 68195 | L2: =39861+20761 -> 60622 | M2: =31739+21067 -> 52806
A3: PCS | B3: =496198+198457 -> 694655 | C3: =464784+148811 -> 613595 | D3: =492728+140695 -> 633423 | E3: =600634+157025 -> 757659 | F3: =457343+162854 -> 620197 | G3: =476239+169969 -> 646208 | H3: =517338+207767 -> 725105 | I3: =508280+142743 -> 651023 | J3: =439066+152125 -> 591191 | K3: =544603+182309 -> 726912 | L3: =443648+182039 -> 625687 | M3: =400285+17790 -> 418075
A4: 2015年/月份 | B4: 1 | C4: 2 | D4: 3 | E4: 4 | F4: 5 | G4: 6 | H4: 7 | I4: 8 | J4: 9 | K4: 10 | L4: 11 | M4: 12
A5: I | B5: =52126+22640 -> 74766 | C5: =39381+14207 -> 53588 | D5: =50344+22291 -> 72635 | E5: =45585+16098 -> 61683 | F5: 63019 | G5: 65339 | H5: 66729 | I5: 63204 | J5: 71271 | K5: 73736 | L5: 77700 | M5: 85071
A6: PCS | B6: =713524+302113 -> 1015637 | C6: =488291+138526 -> 626817 | D6: =521735+201209 -> 722944 | E6: =525340+144803 -> 670143 | F6: 700918 | G6: 707373 | H6: 737207 | I6: 814051 | J6: 918387 | K6: 775117 | L6: 1011035 | M6: 1201112
A7: 2016年/月份 | B7: 1 | C7: 2 | D7: 3 | E7: 4 | F7: 5 | G7: 6 | H7: 7 | I7: 8 | J7: 9 | K7: 10 | L7: 11 | M7: 12
A8: I | B8: 76036 | C8: 68333 | D8: 77543 | E8: 76742 | F8: 73888 | G8: 86617 | H8: 78313 | I8: 71403 | J8: 74708 | K8: 75109 | L8: 85130 | M8: 71365
A9: PCS | B9: 1328744 | C9: 939329 | D9: 981633 | E9: 1697335 | F9: 1022205 | G9: 1222222 | H9: 1051536 | I9: 889176 | J9: 929383 | K9: 1010261 | L9: 1208417 | M9: 1085894
A10: 同期比I | B10: =B8/B5 -> 1.0169863 | C10: =C8/C5 -> 1.2751549 | D10: =D8/D5 -> 1.0675707 | E10: =E8/E5 -> 1.2441353 | F10: =F8/F5 -> 1.1724718 | G10: =G8/G5 -> 1.3256554 | H10: =H8/H5 -> 1.1735977 | I10: =I8/I5 -> 1.1297228 | ... M10: =M8/M5 -> 0.83888752
A11: 同期比PCS | B11: =B9/B6 -> 1.3082863 | C11: =C9/C6 -> 1.4985698 | D11: =D9/D6 -> 1.3578272 | E11: =E9/E6 -> 2.5327952 | F11: =F9/F6 -> 1.4583803 | G11: =G9/G6 -> 1.7278324 | H11: =H9/H6 -> 1.4263782 | I11: =I9/I6 -> 1.0922854 | ... M11: =M9/M6 -> 0.90407389
A12: 2017年/月份 | B12: 1 | C12: 2 | D12: 3 | E12: 4 | F12: 5 | G12: 6 | H12: 7 | I12: 8 | J12: 9 | K12: 10 | L12: 11 | M12: 12
A13: I | B13: 89260 | C13: 61216 | D13: 92239 | E13: 70746 | F13: 72166 | G13: 79384 | H13: 88473 | I13: 93010 | J13: 87130 | K13: 77013 | L13: 88355 | M13: 76531
A14: PCS | B14: 1700935 | C14: 721085 | D14: 1202153 | E14: 1060419 | F14: 1063603 | G14: 1049824 | H14: 1103519 | I14: 1293402 | J14: 1172627 | K14: 1258484 | L14: 1216748 | M14: 1305038
A15: 同期比I | B15: =B13/B8 -> 1.1739176 | C15: =C13/C8 -> 0.89584827 | D15: =D13/D8 -> 1.1895207 | E15: =E13/E8 -> 0.92186808 | F15: =F13/F8 -> 0.97669446 | G15: =G13/G8 -> 0.91649445 | H15: =H13/H8 -> 1.1297358 | I15: =I13/I8 -> 1.3026063 | ... M15: =M13/M8 -> 1.0723884
A16: 同期比PCS | B16: =B14/B9 -> 1.2801074 | C16: =C14/C9 -> 0.76765968 | D16: =D14/D9 -> 1.2246461 | E16: =E14/E9 -> 0.62475528 | F16: =F14/F9 -> 1.0404987 | G16: =G14/G9 -> 0.85894707 | H16: =H14/H9 -> 1.0494353 | I16: =I14/I9 -> 1.4546074 | ... M16: =M14/M9 -> 1.2018098
A17: 2018年/月份 | B17: 1 | C17: 2 | D17: 3 | E17: 4 | F17: 5 | G17: 6 | H17: 7 | I17: 8 | J17: 9 | K17: 10 | L17: 11 | M17: 12
A18: I | B18: 94094 | C18: 71263 | D18: 91234 | E18: 74564 | F18: 88863 | G18: 71852 | H18: 85218 | I18: 75614 | J18: 87968 | K18: 83882 | L18: 92459 | M18: 76749
A19: PCS | B19: 1624123 | C19: 1136798 | D19: 1242691 | E19: 1182218 | F19: 1238105 | G19: 1211910 | H19: 1334803 | I19: 1171190 | J19: 1227569 | K19: 1249781 | L19: 1423839 | M19: 1267604
A20: 同期比I | B20: =B18/B13 -> 1.0541564 | C20: =C18/C13 -> 1.1641238 | D20: =D18/D13 -> 0.98910439 | E20: =E18/E13 -> 1.0539677 | F20: =F18/F13 -> 1.2313693 | G20: =G18/G13 -> 0.90511942 | H20: =H18/H13 -> 0.96320911 | I20: =I18/I13 -> 0.81296635 | ... M20: =M18/M13 -> 1.0028485
A21: 同期比PCS | B21: =B19/B14 -> 0.95484131 | C21: =C19/C14 -> 1.5765104 | D21: =D19/D14 -> 1.0337212 | E21: =E19/E14 -> 1.1148593 | F21: =F19/F14 -> 1.1640669 | G21: =G19/G14 -> 1.1543935 | H21: =H19/H14 -> 1.2095877 | I21: =I19/I14 -> 0.9055112 | ... M21: =M19/M14 -> 0.97131578
A22: 2019年/月份 | B22: 1 | C22: 2 | D22: 3 | E22: 4 | F22: 5 | G22: 6 | H22: 7 | I22: 8 | J22: 9 | K22: 10 | L22: 11 | M22: 12
A23: I | B23: 94541 | C23: 64264 | D23: 72895 | E23: 76434 | F23: 78417 | G23: 76076 | H23: 91269 | I23: 83130 | J23: 68376 | K23: 100460 | L23: 91667 | M23: 101821
A24: PCS | B24: 1514697 | C24: 987327 | D24: 1129534 | E24: 1241515 | F24: 1218380 | G24: 1234140 | H24: 1438773 | I24: 1197334 | J24: 1000002 | K24: 1434620 | L24: 1314964 | M24: 1534817
A25: 同期比I | B25: =B18/B23 -> 0.99527189 | C25: =C18/C23 -> 1.1089101 | D25: =D18/D23 -> 1.251581 | E25: =E18/E23 -> 0.97553445 | F25: =F18/F23 -> 1.1332109 | G25: =G18/G23 -> 0.94447658 | H25: =H18/H23 -> 0.93370148 | I25: =I18/I23 -> 0.90958739 | J25: =J23/J18 -> 0.77728265 | K25: =K23/K18 -> 1.1976348 | L25: =L23/L18 -> 0.99143404 | M25: =M23/M18 -> 1.3266753
A26: 同期比PCS | B26: =B19/B24 -> 1.0722428 | C26: =C19/C24 -> 1.1513896 | D26: =D19/D24 -> 1.1001803 | E26: =E19/E24 -> 0.95223819 | F26: =F19/F24 -> 1.0161895 | G26: =G19/G24 -> 0.98198746 | H26: =H19/H24 -> 0.92773704 | I26: =I19/I24 -> 0.97816482 | J26: =J24/J19 -> 0.81461979 | K26: =K24/K19 -> 1.1478971 | L26: =L24/L19 -> 0.92353419 | M26: =M24/M19 -> 1.2108016
A27: 2020年/月份 | B27: 1 | C27: 2 | D27: 3 | E27: 4 | F27: 5 | G27: 6 | H27: 7 | I27: 8 | J27: 9 | K27: 10 | L27: 11 | M27: 12
A28: I | B28: 80912 | C28: 78908 | D28: 84677 | E28: 72364 | F28: 88404 | G28: 79028 | H28: 100239 | I28: 99641 | J28: 86113 | K28: 91062 | L28: 91609 | M28: 122534
A29: PCS | B29: 1284289 | C29: 1215417 | D29: 1473277 | E29: 1281620 | F29: 1564926 | G29: 1256306 | H29: 1295767 | I29: 1277472 | J29: 1300368 | K29: 1221525 | L29: 1488301 | M29: 1590219
A30: 同期比I | B30: =B23/B28 -> 1.1684423 | C30: =C23/C28 -> 0.81441679 | D30: =D23/D28 -> 0.8608595 | E30: =E23/E28 -> 1.0562434 | F30: =F23/F28 -> 0.88703 | G30: =G23/G28 -> 0.96264615 | H30: =H23/H28 -> 0.91051387 | I30: =I23/I28 -> 0.83429512 | J30: =J28/J23 -> 1.2594039 | K30: =K28/K23 -> 0.90645033 | L30: =L28/L23 -> 0.99936728 | M30: =M28/M23 -> 1.2034256
A31: 同期比PCS | B31: =B24/B29 -> 1.1794051 | C31: =C24/C29 -> 0.81233601 | D31: =D24/D29 -> 0.76668135 | E31: =E24/E29 -> 0.96870757 | F31: =F24/F29 -> 0.77855439 | G31: =G24/G29 -> 0.98235621 | H31: =H24/H29 -> 1.110364 | I31: =I24/I29 -> 0.93726829 | J31: =J29/J24 -> 1.3003654 | K31: =K29/K24 -> 0.85146241 | L31: =L29/L24 -> 1.1318188 | M31: =M29/M24 -> 1.0360968
A32: 2021年/月份 | B32: 1 | C32: 2 | D32: 3 | E32: 4 | F32: 5 | G32: 6 | H32: 7 | I32: 8 | J32: 9 | K32: 10 | L32: 11 | M32: 12
A33: I | B33: 109087 | C33: 63617 | D33: 90797 | E33: 71472 | F33: 84403 | G33: 82486 | H33: 77347 | I33: 65823 | J33: 76526 | K33: 83320 | L33: 91781 | M33: 101214
A34: PCS | B34: 1590835 | C34: 1178970 | D34: 1516056 | E34: 1147688 | F34: 1412349 | G34: 1461802 | H34: 1284185 | I34: 1218066 | J34: 1352983 | K34: 1236302 | L34: 1447962 | M34: 1553156
A35: 同期比I | B35: =B33/B28 -> 1.3482178 | C35: =C28/C33 -> 1.2403603 | D35: =D28/D33 -> 0.93259689 | E35: =E28/E33 -> 1.0124804 | F35: =F28/F33 -> 1.0474035 | G35: =G28/G33 -> 0.95807773 | H35: =H28/H33 -> 1.2959649 | I35: =I28/I33 -> 1.5137718 | J35: =J33/J28 -> 0.88866954 | K35: =K33/K28 -> 0.914981 | L35: =L33/L28 -> 1.0018775 | M35: =M33/M28 -> 0.82600748
A36: 同期比PCS | B36: =B34/B29 -> 1.2386893 | C36: =C29/C34 -> 1.0309143 | D36: =D29/D34 -> 0.9717827 | E36: =E29/E34 -> 1.1166972 | F36: =F29/F34 -> 1.1080307 | G36: =G29/G34 -> 0.85942282 | H36: =H29/H34 -> 1.0090189 | I36: =I29/I34 -> 1.0487708 | J36: =J34/J29 -> 1.0404616 | K36: =K34/K29 -> 1.0120972 | L36: =L34/L29 -> 0.97289594 | M36: =M34/M29 -> 0.97669315
A37: 2022年/月份 | B37: 1 | C37: 2 | D37: 3 | E37: 4 | F37: 5 | G37: 6 | H37: 7 | I37: 8 | J37: 9 | K37: 10 | L37: 11 | M37: 12
A38: I | B38: 103232 | C38: 63927 | D38: 112851 | E38: 83070 | F38: 88988 | G38: 91796 | H38: 88671 | I38: 95742 | J38: 97444 | K38: 96411 | L38: 101583 | M38: 110262
A39: PCS | B39: 1491074 | C39: 922904 | D39: 1789012 | E39: 1277563 | F39: 1340509 | G39: 1294899 | H39: 1332450 | I39: 1486450 | J39: 1444923 | K39: 1390571 | L39: 1445203 | M39: 2001133
A40: 同期比I | B40: =B38/B33 -> 0.94632724 | C40: =C33/C38 -> 0.99515072 | D40: =D33/D38 -> 0.80457417 | E40: =E33/E38 -> 0.86038281 | F40: =F33/F38 -> 0.9484762 | G40: =G33/G38 -> 0.89857946 | H40: =H33/H38 -> 0.87229196 | I40: =I33/I38 -> 0.68750392 | J40: =J38/J33 -> 1.273345 | K40: =K38/K33 -> 1.1571171 | L40: =L38/L33 -> 1.1067977 | M40: =M38/M33 -> 1.0893947
A41: 同期比PCS | B41: =B39/B34 -> 0.93729017 | C41: =C34/C39 -> 1.2774568 | D41: =D34/D39 -> 0.8474264 | E41: =E34/E39 -> 0.89834161 | F41: =F34/F39 -> 1.0535916 | G41: =G34/G39 -> 1.1288927 | H41: =H34/H39 -> 0.96377725 | I41: =I34/I39 -> 0.81944633 | J41: =J39/J34 -> 1.0679536 | K41: =K39/K34 -> 1.1247826 | L41: =L39/L34 -> 0.99809456 | M41: =M39/M34 -> 1.2884301
A42: 2023年/月份 | B42: 1月 | C42: 2月 | D42: 3月 | E42: 4月 | F42: 5月 | G42: 6月 | H42: 7月 | I42: 8月 | J42: 9月 | K42: 10月 | L42: 11月 | M42: 12月
A43: I | B43: 97801 | C43: 82118 | D43: 91810 | E43: 79141 | F43: 94039 | G43: 87429 | H43: 104766 | I43: 92629 | J43: 93624 | K43: 159425 | L43: 112185 | M43: 114246
A44: PCS | B44: 1377016 | C44: 1335533 | D44: 1576602 | E44: 1341499 | F44: 1465817 | G44: 1472506 | H44: 1607581 | I44: 1390958 | J44: 1458345 | K44: 1661539 | L44: 1733671 | M44: 1702049
A45: 同期比I | B45: =B43/B38 -> 0.94739034 | C45: =C43/C38 -> 1.284559 | D45: =D43/D38 -> 0.81355061 | E45: =E43/E38 -> 0.95270254 | F45: =F43/F38 -> 1.0567605 | G45: =G43/G38 -> 0.95242712 | H45: =H43/H38 -> 1.1815137 | I45: =I43/I38 -> 0.96748553 | ... M45: =M43/M38 -> 1.0361321
A46: 同期比PCS | B46: =B44/B39 -> 0.92350614 | C46: =C44/C39 -> 1.4470985 | D46: =D44/D39 -> 0.88126966 | E46: =E44/E39 -> 1.0500453 | F46: =F44/F39 -> 1.0934779 | G46: =G44/G39 -> 1.137159 | H46: =H44/H39 -> 1.206485 | I46: =I44/I39 -> 0.93575835 | ... M46: =M44/M39 -> 0.85054267
A47: 2024年/月份 | B47: 1月 | C47: 2月 | D47: 3月 | E47: 4月 | F47: 5月 | G47: 6月 | H47: 7月 | I47: 8月 | J47: 9月 | K47: 10月 | L47: 11月 | M47: 12月
A48: I | B48: 110865 | C48: 76930 | D48: 90192 | E48: 96709 | F48: 93818 | G48: 94112 | H48: 100859 | I48: 92716 | J48: 96408 | K48: 101513 | L48: 99761 | M48: 114250
A49: PCS | B49: 1677551 | C49: 1280787 | D49: 1446226 | E49: 1473548 | F49: 1475667 | G49: 1444512 | H49: 1684907 | I49: 1484707 | J49: 1393606 | K49: 1628253 | L49: 1624740 | M49: 1780193
A50: 同期比I | B50: =B48/B43 -> 1.1335774 | C50: =C48/C43 -> 0.93682262 | D50: =D48/D43 -> 0.98237665 | E50: =E48/E43 -> 1.2219835 | F50: =F48/F43 -> 0.99764991 | G50: =G48/G43 -> 1.0764392 | H50: =H48/H43 -> 0.96270737 | I50: =I48/I43 -> 1.0009392 | ... M50: =M48/M43 -> 1.000035
A51: 同期比PCS | B51: =B49/B44 -> 1.2182509 | C51: =C49/C44 -> 0.95900813 | D51: =D49/D44 -> 0.9173057 | E51: =E49/E44 -> 1.0984339 | F51: =F49/F44 -> 1.0067198 | G51: =G49/G44 -> 0.98098887 | H51: =H49/H44 -> 1.0481008 | I51: =I49/I44 -> 1.0673989 | ... M51: =M49/M44 -> 1.0459117
A52: 2025年/月份 | B52: 1月 | C52: 2月 | D52: 3月 | E52: 4月 | F52: 5月 | G52: 6月 | H52: 7月 | I52: 8月 | J52: 9月 | K52: 10月 | L52: 11月 | M52: 12月
A53: I | B53: 129842 | C53: 102438 | D53: 99561 | E53: 103426 | F53: 75605 | G53: 102232 | H53: 98650 | I53: 95964 | J53: 94384 | K53: 99547 | L53: 101320 | M53: 100688
A54: PCS | B54: 1492848 | C54: 1547363 | D54: 1584863 | E54: 1569348 | F54: 1438634 | G54: 1640073 | H54: 1737019 | I54: 1664088 | J54: 1747272 | K54: 1597388 | L54: 2143813 | M54: 1922967
A55: 同期比I | B55: =B53/B48 -> 1.1711721 | C55: =C53/C48 -> 1.3315742 | D55: =D53/D48 -> 1.1038784 | E55: =E53/E48 -> 1.0694558 | F55: =F53/F48 -> 0.80586881 | G55: =G53/G48 -> 1.0862802 | H55: =H53/H48 -> 0.97809814 | I55: =I53/I48 -> 1.0350317 | ... M55: =M53/M48 -> 0.8812954
A56: 同期比PCS | B56: =B54/B49 -> 0.88989724 | C56: =C54/C49 -> 1.2081345 | D56: =D54/D49 -> 1.0958612 | E56: =E54/E49 -> 1.0650132 | F56: =F54/F49 -> 0.97490423 | G56: =G54/G49 -> 1.1353821 | H56: =H54/H49 -> 1.0309287 | I56: =I54/I49 -> 1.1208191 | ... M56: =M54/M49 -> 1.0802014
A57: 2026年/月份 | B57: 1月 | C57: 2月 | D57: 3月 | E57: 4月 | F57: 5月 | G57: 6月 | H57: 7月 | I57: 8月 | J57: 9月 | K57: 10月 | L57: 11月 | M57: 12月
A58: I | B58: 93998 | C58: 66193 | D58: 99100 | E58: 93418 | F58: 85602 | G58: 98449 | H58: 101191 | I58: 97533 | J58: 83632
A59: PCS | B59: 1730666 | C59: 1193278 | D59: 1784935 | E59: 1763625 | F59: 1513053 | G59: 1877840 | H59: 2005426 | I59: 1622651 | J59: 1389211
A60: 同期比I | B60: =B58/B53 -> 0.72394141 | C60: =C58/C53 -> 0.64617622 | D60: =D58/D53 -> 0.99536967 | E60: =E58/E53 -> 0.90323516 | F60: =F58/F53 -> 1.1322267 | G60: =G58/G53 -> 0.96299593 | H60: =H58/H53 -> 1.0257577 | I60: =I58/I53 -> 1.0163499 | ... M60: =M58/M53 -> 0
A61: 同期比PCS | B61: =B59/B54 -> 1.1593049 | C61: =C59/C54 -> 0.77116876 | D61: =D59/D54 -> 1.1262393 | E61: =E59/E54 -> 1.1237947 | F61: =F59/F54 -> 1.0517289 | G61: =G59/G54 -> 1.1449734 | H61: =H59/H54 -> 1.1545216 | I61: =I59/I54 -> 0.97509927 | ... M61: =M59/M54 -> 0

Sheet 庫位使用率
A2: 2015年10月 ~ 2015年12月 楊 梅 倉 庫 各 零 件 保 管 庫 區 使 用 狀 況
AF3: 2016/01/06 | AH3: 製表.
A4: 管 理 別 | C4: 中 小 物 庫 區 ( 材 敏 ) | P4: 大 物 庫 區 ( 和 泰 ) | Z4: 小 計 | AA4: 庫 區 保 管 狀 況 | AG4: 合 計 | AH4: 新 卡 | AI4: 空庫位 取消 | AJ4: 不適當 遷移
A5: 區 域 別 | C5: 積 層 庫 區 | L5: 專 區 | P5: 小 計 | Q5: 高 層 架 庫 區 | W5: 專 區 | AB5: 小 計 | AC5: 合 計 | AD5: ▲ | AE5: ◎ | AF5: ▽ | AG5: 小 計 | AK5: 合 計
A6: 庫 區 | C6: A | D6: B | E6: C | F6: D | G6: E | H6: P | I6: T | J6: U | K6: 4 | L6: R | M6: S | N6: J | O6: W | Q6: F | R6: N | S6: G | T6: H | U6: M、Q | V6: L | W6: K | X6: V | Y6: Y | Z6: Z | AD6: 過高 >85% | AE6: 正常 75~85% | AF6: 過低 <75%
A7: 保管類別 | C7: 高 銷 中 物 | D7: 高 銷 中小物 | E7: 低 銷 中量物 | F7: 低 銷 中小物 | G7: 暢 銷 量物區 | H7: 低、滯 銷區 | I7: 中 銷 量物區 | J7: 低銷區 | K7: 低銷區 | L7: 精品區 | M7: 高價 品區 | N7: 精品區 | O7: CAPS 庫區 | Q7: 高中銷 大 物 | R7: 中低銷 大 物 | S7: 高中銷 大中物 | T7: 金屬區 | U7: 低、滯 銷區 | V7: 玻璃 庫區 | W7: 電、化 品區 | X7: 保桿區 | Y7: 輪胎區 | Z7: 油品區
A8: 2019年 1月 | B8: 點數(i) | C8: 8475 | D8: 33496 | E8: 4532 | F8: 15143 | G8: 1101 | H8: 1474 | I8: 1129 | L8: 671 | M8: 680 | N8: 809 | P8: =SUM(C8:N8) -> 67510 | Q8: 1131 | R8: 2287 | S8: 1586 | T8: 3417 | U8: 1505 | W8: 212 | X8: 619 | Y8: 148 | Z8: 91 | AB8: =SUM(Q8:AA8) -> 10996 | AC8: =P8+AB8 -> 78506 | AD8: 8 | AE8: 5 | AF8: 6 | AG8: =SUM(AD8:AF8) -> 19 | AH8: 2088 | AI8: 2047 | AJ8: 1694 | AK8: =SUM(AH8:AJ11) -> 5829
B9: 配置數 | C9: 9177 | D9: 37584 | E9: 4987 | F9: 21366 | G9: 1555 | H9: 1662 | I9: 1470 | L9: 1097 | M9: 876 | N9: 1147 | P9: =SUM(C9:N9) -> 80921 | Q9: 1275 | R9: 3018 | S9: 1929 | T9: 3623 | U9: 3538 | W9: 250 | X9: 661 | Y9: 160 | Z9: 164 | AB9: =SUM(Q9:AA9) -> 14618 | AC9: =P9+AB9 -> 95539
B10: 使用率 | C10: =C8/C9 -> 0.92350441 | D10: =D8/D9 -> 0.89123031 | E10: =E8/E9 -> 0.90876278 | F10: =F8/F9 -> 0.70874286 | G10: =G8/G9 -> 0.70803859 | H10: =H8/H9 -> 0.88688327 | I10: =I8/I9 -> 0.76802721 | L10: =L8/L9 -> 0.61166819 | M10: =M8/M9 -> 0.77625571 | N10: =N8/N9 -> 0.70531822 | P10: =P8/P9 -> 0.83427046 | Q10: =Q8/Q9 -> 0.88705882 | R10: =R8/R9 -> 0.75778661 | S10: =S8/S9 -> 0.82218766 | T10: =T8/T9 -> 0.94314104 | U10: =U8/U9 -> 0.42538157 | W10: =W8/W9 -> 0.848 | X10: =X8/X9 -> 0.93645991 | Y10: =Y8/Y9 -> 0.925 | Z10: =Z8/Z9 -> 0.55487805 | AB10: =AB8/AB9 -> 0.75222329 | AC10: =AC8/AC9 -> 0.82171679 | AD10: =AD8/$AG$253 -> #DIV/0! | AE10: =AE8/$AG$253 -> #DIV/0! | AF10: =AF8/$AG$253 -> #DIV/0! | AG10: =AG8/$AG$253 -> #DIV/0!
B11: 狀 況 | C11: ▲ | D11: ▲ | E11: ▲ | F11: ▽ | G11: ▽ | H11: ▲ | I11: ◎ | L11: ▽ | M11: ◎ | N11: ▽ | Q11: ▲ | R11: ◎ | S11: ◎ | T11: ▲ | U11: ▽ | W11: ◎ | X11: ▲ | Y11: ▲ | Z11: ▽
A12: 2019年 2月 | B12: 點數(i) | C12: 8351 | D12: 32966 | E12: 4473 | F12: 14972 | G12: 1147 | H12: 1455 | I12: 1142 | L12: 672 | M12: 683 | N12: 809 | P12: =SUM(C12:N12) -> 66670 | Q12: 1080 | R12: 2410 | S12: 1698 | T12: 3419 | U12: 1482 | V12: 61 | W12: 213 | X12: 629 | Y12: 148 | Z12: 91 | AB12: =SUM(Q12:AA12) -> 11231 | AC12: =P12+AB12 -> 77901 | AD12: 8 | AE12: 4 | AF12: 8 | AG12: =SUM(AD12:AF12) -> 20 | AH12: 1449 | AI12: 2169 | AJ12: 684 | AK12: =SUM(AH12:AJ16) -> 4302
B13: 配置數 | C13: 9177 | D13: 37584 | E13: 4987 | F13: 21366 | G13: 1555 | H13: 2770 | I13: 1470 | L13: 1097 | M13: 876 | N13: 1147 | P13: =SUM(C13:N13) -> 82029 | Q13: 1275 | R13: 3018 | S13: 1929 | T13: 3623 | U13: 3538 | V13: 102 | W13: 250 | X13: 661 | Y13: 160 | Z13: 164 | AB13: =SUM(Q13:AA13) -> 14720 | AC13: =P13+AB13 -> 96749
B14: 合計點數 | C14: =C12+D12+E12+F12 -> 60762 | G14: =G12+H12+I12 -> 3744 | L14: =L12+M12+N12 -> 2164 | Q14: =Q12+R12+S12 -> 5188
B15: 合計配置數 | C15: =C13+D13+E13+F13 -> 73114 | G15: =G13+H13+I13 -> 5795 | L15: =L13+M13+N13 -> 3120 | Q15: =Q13+R13+S13 -> 6222
B16: 使用率 | C16: =C14/C15 -> 0.83105835 | G16: =G14/G15 -> 0.6460742 | L16: =L14/L15 -> 0.69358974 | P16: =P12/P13 -> 0.81276134 | Q16: =Q14/Q15 -> 0.83381549 | T16: =T12/T13 -> 0.94369307 | U16: =U12/U13 -> 0.41888072 | V16: =V12/V13 -> 0.59803922 | W16: =W12/W13 -> 0.852 | X16: =X12/X13 -> 0.9515885 | Y16: =Y12/Y13 -> 0.925 | Z16: =Z12/Z13 -> 0.55487805 | AB16: =AB12/AB13 -> 0.76297554 | AC16: =AC12/AC13 -> 0.80518662 | AD16: =AD12/$AG$257 -> 0.38095238 | AE16: =AE12/$AG$257 -> 0.19047619 | AF16: =AF12/$AG$257 -> 0.38095238 | AG16: =AG12/$AG$257 -> 0.95238095
A17: 2019年 3月 | B17: 點數(i) | C17: 8330 | D17: 33302 | E17: 4494 | F17: 14975 | G17: 1307 | H17: 1438 | I17: 1197 | L17: 681 | M17: 664 | N17: 809 | P17: =SUM(C17:N17) -> 67197 | Q17: 1146 | R17: 2557 | S17: 1565 | T17: 3300 | U17: 1544 | V17: 61 | W17: 217 | X17: 615 | Y17: 148 | Z17: 92 | AB17: =SUM(Q17:AA17) -> 11245 | AC17: =P17+AB17 -> 78442 | AD17: 8 | AE17: 5 | AF17: 7 | AG17: =SUM(AD17:AF17) -> 20 | AH17: 2130 | AI17: 1564 | AJ17: 1167 | AK17: =SUM(AH17:AJ21) -> 4861
B18: 配置數 | C18: 9177 | D18: 37584 | E18: 4987 | F18: 21366 | G18: 1555 | H18: 2770 | I18: 1470 | L18: 1097 | M18: 876 | N18: 1147 | P18: =SUM(C18:N18) -> 82029 | Q18: 1275 | R18: 3018 | S18: 1929 | T18: 3623 | U18: 3538 | V18: 102 | W18: 250 | X18: 661 | Y18: 160 | Z18: 164 | AB18: =SUM(Q18:AA18) -> 14720 | AC18: =P18+AB18 -> 96749
B19: 合計點數 | C19: =C17+D17+E17+F17 -> 61101 | G19: =G17+H17+I17 -> 3942 | L19: =L17+M17+N17 -> 2154 | Q19: =Q17+R17+S17 -> 5268
B20: 合計配置數 | C20: =C18+D18+E18+F18 -> 73114 | G20: =G18+H18+I18 -> 5795 | L20: =L18+M18+N18 -> 3120 | Q20: =Q18+R18+S18 -> 6222
B21: 使用率 | C21: =C19/C20 -> 0.83569494 | G21: =G19/G20 -> 0.68024159 | L21: =L19/L20 -> 0.69038462 | P21: =P17/P18 -> 0.8191859 | Q21: =Q19/Q20 -> 0.8466731 | T21: =T17/T18 -> 0.91084736 | U21: =U17/U18 -> 0.43640475 | V21: =V17/V18 -> 0.59803922 | W21: =W17/W18 -> 0.868 | X21: =X17/X18 -> 0.93040847 | Y21: =Y17/Y18 -> 0.925 | Z21: =Z17/Z18 -> 0.56097561 | AB21: =AB17/AB18 -> 0.76392663 | AC21: =AC17/AC18 -> 0.81077841 | AD21: =AD17/$AG$259 -> #DIV/0! | AE21: =AE17/$AG$259 -> #DIV/0! | AF21: =AF17/$AG$259 -> #DIV/0! | AG21: =AG17/$AG$259 -> #DIV/0!
A22: 2019年 4月 | B22: 點數(i) | C22: 8315 | D22: 33127 | E22: 4324 | F22: 15112 | G22: 1367 | H22: 1419 | I22: 1236 | L22: 710 | M22: 661 | N22: 810 | P22: =SUM(C22:N22) -> 67081 | Q22: 1163 | R22: 2572 | S22: 1483 | T22: 3033 | U22: 1896 | V22: 56 | W22: 223 | X22: 547 | Y22: 151 | Z22: 94 | AB22: =SUM(Q22:AA22) -> 11218 | AC22: =P22+AB22 -> 78299 | AD22: 6 | AE22: 6 | AF22: 8 | AG22: =SUM(AD22:AF22) -> 20 | AH22: 2329 | AI22: 2669 | AJ22: 2427 | AK22: =SUM(AH22:AJ26) -> 7425
B23: 配置數 | C23: 9252 | D23: 37456 | E23: 4874 | F23: 21619 | G23: 1602 | H23: 2770 | I23: 1470 | L23: 1097 | M23: 876 | N23: 1147 | P23: =SUM(C23:N23) -> 82163 | Q23: 1293 | R23: 3018 | S23: 2128 | T23: 3623 | U23: 3538 | V23: 102 | W23: 250 | X23: 661 | Y23: 160 | Z23: 164 | AB23: =SUM(Q23:AA23) -> 14937 | AC23: =P23+AB23 -> 97100
B24: 合計點數 | C24: =C22+D22+E22+F22 -> 60878 | G24: =G22+H22+I22 -> 4022 | L24: =L22+M22+N22 -> 2181 | Q24: =Q22+R22+S22 -> 5218
B25: 合計配置數 | C25: =C23+D23+E23+F23 -> 73201 | G25: =G23+H23+I23 -> 5842 | L25: =L23+M23+N23 -> 3120 | Q25: =Q23+R23+S23 -> 6439
B26: 使用率 | C26: =C24/C25 -> 0.83165531 | G26: =G24/G25 -> 0.68846286 | L26: =L24/L25 -> 0.69903846 | P26: =P22/P23 -> 0.81643806 | Q26: =Q24/Q25 -> 0.81037428 | T26: =T22/T23 -> 0.83715153 | U26: =U22/U23 -> 0.53589599 | V26: =V22/V23 -> 0.54901961 | W26: =W22/W23 -> 0.892 | X26: =X22/X23 -> 0.82753404 | Y26: =Y22/Y23 -> 0.94375 | Z26: =Z22/Z23 -> 0.57317073 | AB26: =AB22/AB23 -> 0.75102095 | AC26: =AC22/AC23 -> 0.80637487 | AD26: =AD22/$AG$258 -> #DIV/0! | AE26: =AE22/$AG$258 -> #DIV/0! | AF26: =AF22/$AG$258 -> #DIV/0! | AG26: =AG22/$AG$258 -> #DIV/0!
A27: 2019年 5月 | B27: 點數(i) | C27: 8427 | D27: 32538 | E27: 4351 | F27: 16557 | G27: 1416 | H27: 1411 | I27: 1245 | L27: 709 | M27: 654 | N27: 811 | P27: =SUM(C27:N27) -> 68119 | Q27: 1097 | R27: 2894 | S27: 1618 | T27: 2722 | U27: 1877 | V27: 20 | W27: 222 | X27: 552 | Y27: 152 | Z27: 94 | AB27: =SUM(Q27:AA27) -> 11248 | AC27: =P27+AB27 -> 79367 | AD27: 7 | AE27: 5 | AF27: 8 | AG27: =SUM(AD27:AF27) -> 20 | AH27: 2210 | AI27: 1037 | AJ27: 2807 | AK27: =SUM(AH27:AJ31) -> 6054
B28: 配置數 | C28: 9252 | D28: 37456 | E28: 4874 | F28: 21619 | G28: 1602 | H28: 2770 | I28: 1470 | L28: 1097 | M28: 876 | N28: 1147 | P28: =SUM(C28:N28) -> 82163 | Q28: 1293 | R28: 3018 | S28: 2128 | T28: 3623 | U28: 3538 | V28: 102 | W28: 250 | X28: 852 | Y28: 192 | Z28: 164 | AB28: =SUM(Q28:AA28) -> 15160 | AC28: =P28+AB28 -> 97323
B29: 合計點數 | C29: =C27+D27+E27+F27 -> 61873 | G29: =G27+H27+I27 -> 4072 | L29: =L27+M27+N27 -> 2174 | Q29: =Q27+R27+S27 -> 5609
B30: 合計配置數 | C30: =C28+D28+E28+F28 -> 73201 | G30: =G28+H28+I28 -> 5842 | L30: =L28+M28+N28 -> 3120 | Q30: =Q28+R28+S28 -> 6439
B31: 使用率 | C31: =C29/C30 -> 0.84524802 | G31: =G29/G30 -> 0.69702157 | L31: =L29/L30 -> 0.69679487 | P31: =P27/P28 -> 0.82907148 | Q31: =Q29/Q30 -> 0.871098 | T31: =T27/T28 -> 0.75131107 | U31: =U27/U28 -> 0.53052572 | V31: =V27/V28 -> 0.19607843 | W31: =W27/W28 -> 0.888 | X31: =X27/X28 -> 0.64788732 | Y31: =Y27/Y28 -> 0.79166667 | Z31: =Z27/Z28 -> 0.57317073 | AB31: =AB27/AB28 -> 0.74195251 | AC31: =AC27/AC28 -> 0.81550096 | AD31: =AD27/$AG$257 -> 0.33333333 | AE31: =AE27/$AG$257 -> 0.23809524 | AF31: =AF27/$AG$257 -> 0.38095238 | AG31: =AG27/$AG$257 -> 0.95238095
A32: 2019年 6月 | B32: 點數(i) | C32: 8251 | D32: 32556 | E32: 4394 | F32: 16138 | G32: 1457 | H32: 1249 | I32: 1231 | L32: 704 | M32: 649 | N32: 811 | P32: =SUM(C32:N32) -> 67440 | Q32: 1147 | R32: 2828 | S32: 1890 | T32: 2510 | U32: 1714 | V32: 20 | W32: 215 | X32: 577 | Y32: 152 | Z32: 94 | AB32: =SUM(Q32:AA32) -> 11147 | AC32: =P32+AB32 -> 78587 | AD32: 7 | AE32: 4 | AF32: 9 | AG32: =SUM(AD32:AF32) -> 20 | AH32: 1867 | AI32: 2463 | AJ32: 1635 | AK32: =SUM(AH32:AJ36) -> 5965
B33: 配置數 | C33: 9252 | D33: 37456 | E33: 4874 | F33: 21619 | G33: 1602 | H33: 2770 | I33: 1470 | L33: 1097 | M33: 876 | N33: 1147 | P33: =SUM(C33:N33) -> 82163 | Q33: 1293 | R33: 3018 | S33: 2073 | T33: 3623 | U33: 3538 | V33: 102 | W33: 266 | X33: 852 | Y33: 192 | Z33: 164 | AB33: =SUM(Q33:AA33) -> 15121 | AC33: =P33+AB33 -> 97284
B34: 合計點數 | C34: =C32+D32+E32+F32 -> 61339 | G34: =G32+H32+I32 -> 3937 | L34: =L32+M32+N32 -> 2164 | Q34: =Q32+R32+S32 -> 5865
B35: 合計配置數 | C35: =C33+D33+E33+F33 -> 73201 | G35: =G33+H33+I33 -> 5842 | L35: =L33+M33+N33 -> 3120 | Q35: =Q33+R33+S33 -> 6384
B36: 使用率 | C36: =C34/C35 -> 0.83795303 | G36: =G34/G35 -> 0.67391304 | L36: =L34/L35 -> 0.69358974 | P36: =P32/P33 -> 0.82080742 | Q36: =Q34/Q35 -> 0.91870301 | T36: =T32/T33 -> 0.69279603 | U36: =U32/U33 -> 0.48445449 | V36: =V32/V33 -> 0.19607843 | W36: =W32/W33 -> 0.80827068 | X36: =X32/X33 -> 0.67723005 | Y36: =Y32/Y33 -> 0.79166667 | Z36: =Z32/Z33 -> 0.57317073 | AB36: =AB32/AB33 -> 0.73718669 | AC36: =AC32/AC33 -> 0.80781012 | AD36: =AD32/$AG$256 -> 7 | AE36: =AE32/$AG$256 -> 4 | AF36: =AF32/$AG$256 -> 9 | AG36: =AG32/$AG$256 -> 20
A37: 2019年 7月 | B37: 點數(i) | C37: 8310 | D37: 32795 | E37: 4413 | F37: 16362 | G37: 1472 | H37: 1263 | I37: 1272 | L37: 653 | M37: 646 | N37: 811 | P37: =SUM(C37:N37) -> 67997 | Q37: 1096 | R37: 2934 | S37: 1887 | T37: 2508 | U37: 1724 | V37: 64 | W37: 217 | X37: 578 | Y37: 146 | Z37: 98 | AB37: =SUM(Q37:AA37) -> 11252 | AC37: =P37+AB37 -> 79249 | AD37: 8 | AE37: 3 | AF37: 9 | AG37: =SUM(AD37:AF37) -> 20 | AH37: 2128 | AI37: 1747 | AJ37: 1822 | AK37: =SUM(AH37:AJ41) -> 5697
B38: 配置數 | C38: 9252 | D38: 37456 | E38: 4675 | F38: 21619 | G38: 1602 | H38: 2770 | I38: 1470 | L38: 1097 | M38: 876 | N38: 1147 | P38: =SUM(C38:N38) -> 81964 | Q38: 1233 | R38: 3018 | S38: 2081 | T38: 3623 | U38: 3538 | V38: 102 | W38: 266 | X38: 852 | Y38: 192 | Z38: 164 | AB38: =SUM(Q38:AA38) -> 15069 | AC38: =P38+AB38 -> 97033
B39: 合計點數 | C39: =C37+D37+E37+F37 -> 61880 | G39: =G37+H37+I37 -> 4007 | L39: =L37+M37+N37 -> 2110 | Q39: =Q37+R37+S37 -> 5917
B40: 合計配置數 | C40: =C38+D38+E38+F38 -> 73002 | G40: =G38+H38+I38 -> 5842 | L40: =L38+M38+N38 -> 3120 | Q40: =Q38+R38+S38 -> 6332
B41: 使用率 | C41: =C39/C40 -> 0.84764801 | G41: =G39/G40 -> 0.68589524 | L41: =L39/L40 -> 0.67628205 | P41: =P37/P38 -> 0.82959592 | Q41: =Q39/Q40 -> 0.93445989 | T41: =T37/T38 -> 0.692244 | U41: =U37/U38 -> 0.48728095 | V41: =V37/V38 -> 0.62745098 | W41: =W37/W38 -> 0.81578947 | X41: =X37/X38 -> 0.67840376 | Y41: =Y37/Y38 -> 0.76041667 | Z41: =Z37/Z38 -> 0.59756098 | AB41: =AB37/AB38 -> 0.74669852 | AC41: =AC37/AC38 -> 0.81672215 | AD41: =AD37/$AG$255 -> #DIV/0! | AE41: =AE37/$AG$255 -> #DIV/0! | AF41: =AF37/$AG$255 -> #DIV/0! | AG41: =AG37/$AG$255 -> #DIV/0!
A42: 2019年 8月 | B42: 點數(i) | C42: 8364 | D42: 32972 | E42: 4397 | F42: 16533 | G42: 1475 | H42: 1278 | I42: 1282 | L42: 654 | M42: 645 | N42: 811 | P42: =SUM(C42:N42) -> 68411 | Q42: 1092 | R42: 2957 | S42: 1878 | T42: 2561 | U42: 1693 | V42: 64 | W42: 230 | X42: 597 | Y42: 148 | Z42: 98 | AB42: =SUM(Q42:AA42) -> 11318 | AC42: =P42+AB42 -> 79729 | AD42: 9 | AE42: 2 | AF42: 9 | AG42: =SUM(AD42:AF42) -> 20 | AH42: 2408 | AI42: 1700 | AJ42: 1490 | AK42: =SUM(AH42:AJ46) -> 5598
B43: 配置數 | C43: 9252 | D43: 37456 | E43: 4675 | F43: 21619 | G43: 1602 | H43: 2770 | I43: 1470 | L43: 1097 | M43: 876 | N43: 1147 | P43: =SUM(C43:N43) -> 81964 | Q43: 1233 | R43: 3018 | S43: 2081 | T43: 3623 | U43: 3538 | V43: 102 | W43: 266 | X43: 852 | Y43: 192 | Z43: 164 | AB43: =SUM(Q43:AA43) -> 15069 | AC43: =P43+AB43 -> 97033
B44: 合計點數 | C44: =C42+D42+E42+F42 -> 62266 | G44: =G42+H42+I42 -> 4035 | L44: =L42+M42+N42 -> 2110 | Q44: =Q42+R42+S42 -> 5927
B45: 合計配置數 | C45: =C43+D43+E43+F43 -> 73002 | G45: =G43+H43+I43 -> 5842 | L45: =L43+M43+N43 -> 3120 | P45: =P42/P43 -> 0.83464692 | Q45: =Q43+R43+S43 -> 6332 | T45: =T42/T43 -> 0.70687276 | U45: =U42/U43 -> 0.47851894 | V45: =V42/V43 -> 0.62745098 | W45: =W42/W43 -> 0.86466165 | X45: =X42/X43 -> 0.70070423 | Y45: =Y42/Y43 -> 0.77083333 | Z45: =Z42/Z43 -> 0.59756098 | AB45: =AB42/AB43 -> 0.75107837 | AC45: =AC42/AC43 -> 0.82166892 | AD45: =AD42/$AG$254 -> #DIV/0! | AE45: =AE42/$AG$254 -> #DIV/0! | AF45: =AF42/$AG$254 -> #DIV/0! | AG45: =AG42/$AG$254 -> #DIV/0!
B46: 使用率 | C46: =C44/C45 -> 0.85293554 | G46: =G44/G45 -> 0.69068812 | L46: =L44/L45 -> 0.67628205 | Q46: =Q44/Q45 -> 0.93603917
A47: 2019年 9月 | B47: 點數(i) | C47: 8418 | D47: 32449 | E47: 4358 | F47: 16955 | G47: 1446 | H47: 1285 | I47: 1270 | L47: 660 | M47: 637 | N47: 812 | P47: =SUM(C47:N47) -> 68290 | Q47: 1097 | R47: 2964 | S47: 1841 | T47: 2555 | U47: 1696 | V47: 64 | W47: 234 | X47: 611 | Y47: 148 | Z47: 98 | AB47: =SUM(Q47:AA47) -> 11308 | AC47: =P47+AB47 -> 79598 | AD47: 9 | AE47: 2 | AF47: 9 | AG47: =SUM(AD47:AF47) -> 20 | AH47: 1673 | AI47: 1595 | AJ47: 1847 | AK47: =SUM(AH47:AJ51) -> 5115
B48: 配置數 | C48: 9252 | D48: 37456 | E48: 4675 | F48: 21619 | G48: 1602 | H48: 2770 | I48: 1470 | L48: 1097 | M48: 876 | N48: 1147 | P48: =SUM(C48:N48) -> 81964 | Q48: 1233 | R48: 3018 | S48: 2081 | T48: 3623 | U48: 3538 | V48: 102 | W48: 266 | X48: 852 | Y48: 192 | Z48: 164 | AB48: =SUM(Q48:AA48) -> 15069 | AC48: =P48+AB48 -> 97033
B49: 合計點數 | C49: =C47+D47+E47+F47 -> 62180 | G49: =G47+H47+I47 -> 4001 | L49: =L47+M47+N47 -> 2109 | Q49: =Q47+R47+S47 -> 5902
B50: 合計配置數 | C50: =C48+D48+E48+F48 -> 73002 | G50: =G48+H48+I48 -> 5842 | L50: =L48+M48+N48 -> 3120 | Q50: =Q48+R48+S48 -> 6332
B51: 使用率 | C51: =C49/C50 -> 0.85175749 | G51: =G49/G50 -> 0.6848682 | L51: =L49/L50 -> 0.67596154 | P51: =P47/P48 -> 0.83317066 | Q51: =Q49/Q50 -> 0.93209097 | T51: =T47/T48 -> 0.70521667 | U51: =U47/U48 -> 0.47936687 | V51: =V47/V48 -> 0.62745098 | W51: =W47/W48 -> 0.87969925 | X51: =X47/X48 -> 0.71713615 | Y51: =Y47/Y48 -> 0.77083333 | Z51: =Z47/Z48 -> 0.59756098 | AB51: =AB47/AB48 -> 0.75041476 | AC51: =AC47/AC48 -> 0.82031886 | AD51: =AD47/$AG$253 -> #DIV/0! | AE51: =AE47/$AG$253 -> #DIV/0! | AF51: =AF47/$AG$253 -> #DIV/0! | AG51: =AG47/$AG$253 -> #DIV/0!
A52: 2019年 10月 | B52: 點數(i) | C52: 8464 | D52: 32531 | E52: 4411 | F52: 17102 | G52: 1461 | H52: 1319 | I52: 1275 | L52: 669 | M52: 634 | N52: 752 | P52: =SUM(C52:N52) -> 68618 | Q52: 1096 | R52: 2977 | S52: 1831 | T52: 2594 | U52: 1710 | V52: 49 | W52: 243 | X52: 622 | Y52: 148 | Z52: 98 | AB52: =SUM(Q52:AA52) -> 11368 | AC52: =P52+AB52 -> 79986 | AD52: 9 | AE52: 2 | AF52: 9 | AG52: =SUM(AD52:AF52) -> 20 | AH52: 1951 | AI52: 1721 | AJ52: 2220 | AK52: =SUM(AH52:AJ56) -> 5892
B53: 配置數 | C53: 9252 | D53: 37456 | E53: 4675 | F53: 21619 | G53: 1602 | H53: 2770 | I53: 1470 | L53: 1097 | M53: 876 | N53: 1147 | P53: =SUM(C53:N53) -> 81964 | Q53: 1233 | R53: 3018 | S53: 2081 | T53: 3623 | U53: 3538 | V53: 102 | W53: 266 | X53: 852 | Y53: 192 | Z53: 164 | AB53: =SUM(Q53:AA53) -> 15069 | AC53: =P53+AB53 -> 97033
B54: 合計點數 | C54: =C52+D52+E52+F52 -> 62508 | G54: =G52+H52+I52 -> 4055 | L54: =L52+M52+N52 -> 2055 | Q54: =Q52+R52+S52 -> 5904
B55: 合計配置數 | C55: =C53+D53+E53+F53 -> 73002 | G55: =G53+H53+I53 -> 5842 | L55: =L53+M53+N53 -> 3120 | Q55: =Q53+R53+S53 -> 6332
B56: 使用率 | C56: =C54/C55 -> 0.85625051 | G56: =G54/G55 -> 0.69411161 | L56: =L54/L55 -> 0.65865385 | P56: =P52/P53 -> 0.83717242 | Q56: =Q54/Q55 -> 0.93240682 | T56: =T52/T53 -> 0.71598123 | U56: =U52/U53 -> 0.48332391 | V56: =V52/V53 -> 0.48039216 | W56: =W52/W53 -> 0.91353383 | X56: =X52/X53 -> 0.73004695 | Y56: =Y52/Y53 -> 0.77083333 | Z56: =Z52/Z53 -> 0.59756098 | AB56: =AB52/AB53 -> 0.75439644 | AC56: =AC52/AC53 -> 0.8243175 | AD56: =AD52/$AG$252 -> #DIV/0! | AE56: =AE52/$AG$252 -> #DIV/0! | AF56: =AF52/$AG$252 -> #DIV/0! | AG56: =AG52/$AG$252 -> #DIV/0!
A57: 2019年 11月 | B57: 點數(i) | C57: 8455 | D57: 32550 | E57: 4411 | F57: 17064 | G57: 1473 | H57: 1319 | I57: 1288 | L57: 679 | M57: 634 | N57: 114 | O57: 129 | P57: =SUM(C57:O57) -> 68116 | Q57: 1070 | R57: 3150 | S57: 1846 | T57: 2591 | U57: 1710 | V57: 52 | W57: 248 | X57: 634 | Y57: 149 | Z57: 98 | AB57: =SUM(Q57:AA57) -> 11548 | AC57: =P57+AB57 -> 79664 | AD57: 10 | AE57: 2 | AF57: 9 | AG57: =SUM(AD57:AF57) -> 21 | AH57: 1939 | AI57: 1654 | AJ57: 2558 | AK57: =SUM(AH57:AJ61) -> 6151
B58: 配置數 | C58: 9252 | D58: 37456 | E58: 4675 | F58: 21619 | G58: 1602 | H58: 2770 | I58: 1470 | L58: 1097 | M58: 876 | N58: 1147 | O58: 129 | P58: =SUM(C58:O58) -> 82093 | Q58: 1233 | R58: 3200 | S58: 2081 | T58: 3623 | U58: 3538 | V58: 102 | W58: 266 | X58: 852 | Y58: 192 | Z58: 164 | AB58: =SUM(Q58:AA58) -> 15251 | AC58: =P58+AB58 -> 97344
B59: 合計點數 | C59: =C57+D57+E57+F57 -> 62480 | G59: =G57+H57+I57 -> 4080 | L59: =L57+M57+N57 -> 1427 | Q59: =Q57+R57+S57 -> 6066
B60: 合計配置數 | C60: =C58+D58+E58+F58 -> 73002 | G60: =G58+H58+I58 -> 5842 | L60: =L58+M58+N58 -> 3120 | Q60: =Q58+R58+S58 -> 6514
B61: 使用率 | C61: =C59/C60 -> 0.85586696 | G61: =G59/G60 -> 0.69839096 | L61: =L59/L60 -> 0.45737179 | O61: =O57/O58 -> 1 | P61: =P57/P58 -> 0.82974188 | Q61: =Q59/Q60 -> 0.93122505 | T61: =T57/T58 -> 0.71515319 | U61: =U57/U58 -> 0.48332391 | V61: =V57/V58 -> 0.50980392 | W61: =W57/W58 -> 0.93233083 | X61: =X57/X58 -> 0.74413146 | Y61: =Y57/Y58 -> 0.77604167 | Z61: =Z57/Z58 -> 0.59756098 | AB61: =AB57/AB58 -> 0.75719625 | AC61: =AC57/AC58 -> 0.81837607 | AD61: =AD57/$AG$295 -> #DIV/0! | AE61: =AE57/$AG$295 -> #DIV/0! | AF61: =AF57/$AG$295 -> #DIV/0! | AG61: =AG57/$AG$295 -> #DIV/0!
A62: 2019年 12月 | B62: 點數(i) | C62: 8356 | D62: 32630 | E62: 4467 | F62: 17184 | G62: 1504 | H62: 1313 | I62: 1352 | L62: 660 | M62: 645 | N62: 106 | O62: 129 | P62: =SUM(C62:O62) -> 68346 | Q62: 1086 | R62: 3110 | S62: 1856 | T62: 2632 | U62: 1705 | V62: 52 | W62: 250 | X62: 589 | Y62: 151 | Z62: 98 | AB62: =SUM(Q62:AA62) -> 11529 | AC62: =P62+AB62 -> 79875 | AD62: 10 | AE62: 2 | AF62: 9 | AG62: =SUM(AD62:AF62) -> 21 | AH62: 1977 | AI62: 1969 | AJ62: 1093 | AK62: =SUM(AH62:AJ66) -> 5039
B63: 配置數 | C63: 9252 | D63: 37456 | E63: 4675 | F63: 21619 | G63: 1602 | H63: 2770 | I63: 1470 | L63: 1097 | M63: 876 | N63: 1147 | O63: 129 | P63: =SUM(C63:O63) -> 82093 | Q63: 1233 | R63: 3200 | S63: 2081 | T63: 3623 | U63: 3538 | V63: 102 | W63: 266 | X63: 852 | Y63: 192 | Z63: 164 | AB63: =SUM(Q63:AA63) -> 15251 | AC63: =P63+AB63 -> 97344
B64: 合計點數 | C64: =C62+D62+E62+F62 -> 62637 | G64: =G62+H62+I62 -> 4169 | Q64: =Q62+R62+S62 -> 6052
B65: 合計配置數 | C65: =C63+D63+E63+F63 -> 73002 | G65: =G63+H63+I63 -> 5842 | Q65: =Q63+R63+S63 -> 6514
B66: 使用率 | C66: =C64/C65 -> 0.85801759 | G66: =G64/G65 -> 0.71362547 | L66: =L62/L63 -> 0.60164084 | O66: =O62/O63 -> 1 | P66: =P62/P63 -> 0.83254358 | Q66: =Q64/Q65 -> 0.92907584 | T66: =T62/T63 -> 0.72646978 | U66: =U62/U63 -> 0.48191068 | V66: =V62/V63 -> 0.50980392 | W66: =W62/W63 -> 0.93984962 | X66: =X62/X63 -> 0.69131455 | Y66: =Y62/Y63 -> 0.78645833 | Z66: =Z62/Z63 -> 0.59756098 | AB66: =AB62/AB63 -> 0.75595043 | AC66: =AC62/AC63 -> 0.82054364 | AD66: =AD62/$AG$294 -> #DIV/0! | AE66: =AE62/$AG$294 -> #DIV/0! | AF66: =AF62/$AG$294 -> #DIV/0! | AG66: =AG62/$AG$294 -> #DIV/0!
A67: 2020年 1月 | B67: 點數(i) | C67: 8152 | D67: 32977 | E67: 4447 | F67: 17173 | G67: 1516 | H67: 1315 | I67: 1348 | L67: 658 | M67: 655 | N67: 106 | O67: 129 | P67: =SUM(C67:O67) -> 68476 | Q67: 1086 | R67: 3113 | S67: 1880 | T67: 2638 | U67: 1699 | V67: 52 | W67: 246 | X67: 593 | Y67: 151 | Z67: 98 | AB67: =SUM(Q67:AA67) -> 11556 | AC67: =P67+AB67 -> 80032 | AD67: 10 | AE67: 2 | AF67: 9 | AG67: =SUM(AD67:AF67) -> 21 | AH67: 1728 | AI67: 1427 | AJ67: 548 | AK67: =SUM(AH67:AJ71) -> 3703
B68: 配置數 | C68: 9252 | D68: 37456 | E68: 4675 | F68: 21619 | G68: 1602 | H68: 2770 | I68: 1470 | L68: 1097 | M68: 876 | N68: 1147 | O68: 129 | P68: =SUM(C68:O68) -> 82093 | Q68: 1233 | R68: 3200 | S68: 2081 | T68: 3623 | U68: 3538 | V68: 102 | W68: 266 | X68: 852 | Y68: 192 | Z68: 164 | AB68: =SUM(Q68:AA68) -> 15251 | AC68: =P68+AB68 -> 97344
B69: 合計點數 | C69: =C67+D67+E67+F67 -> 62749 | G69: =G67+H67+I67 -> 4179 | L69: =L67+M67+N67 -> 1419 | Q69: =Q67+R67+S67 -> 6079
B70: 合計配置數 | C70: =C68+D68+E68+F68 -> 73002 | G70: =G68+H68+I68 -> 5842 | L70: =L68+M68+N68 -> 3120 | Q70: =Q68+R68+S68 -> 6514
B71: 使用率 | C71: =C69/C70 -> 0.85955179 | G71: =G69/G70 -> 0.71533721 | L71: =L69/L70 -> 0.45480769 | O71: =O67/O68 -> 1 | P71: =P67/P68 -> 0.83412715 | Q71: =Q69/Q70 -> 0.93322076 | T71: =T67/T68 -> 0.72812586 | U71: =U67/U68 -> 0.48021481 | V71: =V67/V68 -> 0.50980392 | W71: =W67/W68 -> 0.92481203 | X71: =X67/X68 -> 0.69600939 | Y71: =Y67/Y68 -> 0.78645833 | Z71: =Z67/Z68 -> 0.59756098 | AB71: =AB67/AB68 -> 0.75772081 | AC71: =AC67/AC68 -> 0.82215648 | AD71: =AD67/$AG$293 -> 0.47619048 | AE71: =AE67/$AG$293 -> 0.095238095 | AF71: =AF67/$AG$293 -> 0.42857143 | AG71: =AG67/$AG$293 -> 1
A72: 2020年 2月 | B72: 點數(i) | C72: 8265 | D72: 32690 | E72: 4473 | F72: 17341 | G72: 1516 | H72: 1303 | I72: 1370 | L72: 667 | M72: 673 | N72: 106 | O72: 128 | P72: =SUM(C72:O72) -> 68532 | Q72: 1095 | R72: 3008 | S72: 1964 | T72: 2685 | U72: 1688 | V72: 55 | W72: 247 | X72: 607 | Y72: 155 | Z72: 98 | AB72: =SUM(Q72:AA72) -> 11602 | AC72: =P72+AB72 -> 80134 | AD72: 10 | AE72: 3 | AF72: 8 | AG72: =SUM(AD72:AF72) -> 21 | AH72: 1800 | AI72: 1717 | AJ72: 921 | AK72: =SUM(AH72:AJ76) -> 4438
B73: 配置數 | C73: 9252 | D73: 37456 | E73: 4675 | F73: 21619 | G73: 1602 | H73: 2770 | I73: 1470 | L73: 1097 | M73: 876 | N73: 1147 | O73: 129 | P73: =SUM(C73:O73) -> 82093 | Q73: 1233 | R73: 3200 | S73: 2081 | T73: 3623 | U73: 3538 | V73: 102 | W73: 266 | X73: 852 | Y73: 192 | Z73: 164 | AB73: =SUM(Q73:AA73) -> 15251 | AC73: =P73+AB73 -> 97344
B74: 合計點數 | C74: =C72+D72+E72+F72 -> 62769 | G74: =G72+H72+I72 -> 4189 | L74: =L72+M72+N72 -> 1446
B75: 合計配置數 | C75: =C73+D73+E73+F73 -> 73002 | G75: =G73+H73+I73 -> 5842 | L75: =L73+M73+N73 -> 3120
B76: 使用率 | C76: =C74/C75 -> 0.85982576 | G76: =G74/G75 -> 0.71704896 | L76: =L74/L75 -> 0.46346154 | O76: =O72/O73 -> 0.99224806 | P76: =P72/P73 -> 0.8348093 | Q76: =Q72/Q73 -> 0.88807786 | T76: =T72/T73 -> 0.74109854 | U76: =U72/U73 -> 0.47710571 | V76: =V72/V73 -> 0.53921569 | W76: =W72/W73 -> 0.92857143 | X76: =X72/X73 -> 0.71244131 | Y76: =Y72/Y73 -> 0.80729167 | Z76: =Z72/Z73 -> 0.59756098 | AB76: =AB72/AB73 -> 0.760737 | AC76: =AC72/AC73 -> 0.82320431 | AD76: =AD72/$AG$292 -> 10 | AE76: =AE72/$AG$292 -> 3 | AF76: =AF72/$AG$292 -> 8 | AG76: =AG72/$AG$292 -> 21
A77: 2020年 3月 | B77: 點數(i) | C77: 8457 | D77: 32868 | E77: 4407 | F77: 17296 | G77: 1538 | H77: 1303 | I77: 1366 | L77: 688 | M77: 652 | N77: 283 | O77: 129 | P77: =SUM(C77:O77) -> 68987 | Q77: 1049 | R77: 3049 | S77: 1750 | T77: 2498 | U77: 1772 | V77: 55 | W77: 247 | X77: 610 | Y77: 173 | Z77: 98 | AB77: =SUM(Q77:AA77) -> 11301 | AC77: =P77+AB77 -> 80288 | AD77: 10 | AE77: 4 | AF77: 7 | AG77: =SUM(AD77:AF77) -> 21 | AH77: 2388 | AI77: 2422 | AJ77: 1566 | AK77: =SUM(AH77:AJ82) -> 6376
B78: 延伸庫位 | C78: 84.57 | D78: 657.36 | E78: 88.14 | F78: 345.92 | G78: 0 | H78: 0 | I78: 0 | L78: 13.76 | M78: 13.04 | N78: 19.81 | O78: 0 | P78: =SUM(C78:O78) -> 1222.6 | Q78: 0 | R78: 0 | S78: 0 | T78: 199.84 | U78: 35.44 | V78: 0 | W78: 0 | X78: 144 | Y78: 0 | Z78: 39.2 | AB78: =SUM(Q78:AA78) -> 418.48 | AC78: =P78+AB78 -> 1641.08
B79: 配置數 | C79: 9252 | D79: 37456 | E79: 4675 | F79: 21619 | G79: 1602 | H79: 2770 | I79: 1470 | L79: 1097 | M79: 876 | N79: 1147 | O79: 129 | P79: =SUM(C79:O79) -> 82093 | Q79: 1233 | R79: 3200 | S79: 2081 | T79: 3623 | U79: 3538 | V79: 102 | W79: 266 | X79: 852 | Y79: 192 | Z79: 164 | AB79: =SUM(Q79:AA79) -> 15251 | AC79: =P79+AB79 -> 97344
B80: 合計點數 | C80: =C77+D77+E77+F77+C78+D78+E78+F78 -> 64203.99 | G80: =G77+H77+I77+G78+H78+I78 -> 4207 | L80: =L77+M77+N77+L78+M78+N78 -> 1669.61 | Q80: =Q77+R77+S77+Q78+R78+S78 -> 5848
B81: 合計配置數 | C81: =C79+D79+E79+F79 -> 73002 | G81: =G79+H79+I79 -> 5842 | L81: =L79+M79+N79 -> 3120 | Q81: =Q79+R79+S79 -> 6514
B82: 使用率 | C82: =C80/C81 -> 0.87948262 | G82: =G80/G81 -> 0.72013009 | L82: =L80/L81 -> 0.53513141 | O82: 1 | P82: =(P77+P78)/P79 -> 0.85524466 | Q82: =Q80/Q81 -> 0.89775867 | T82: =(T77+T78)/T79 -> 0.74464256 | U82: =(U77+U78)/U79 -> 0.5108649 | V82: =(V77+V78)/V79 -> 0.53921569 | W82: =(W77+W78)/W79 -> 0.92857143 | X82: =(X77+X78)/X79 -> 0.88497653 | Y82: =(Y77+Y78)/Y79 -> 0.90104167 | Z82: =(Z77+Z78)/Z79 -> 0.83658537 | AB82: =(AB77+AB78)/AB79 -> 0.7684401 | AC82: =(AC77+AC78)/AC79 -> 0.84164489 | AD82: =AD77/$AG$291 -> #DIV/0! | AE82: =AE77/$AG$291 -> #DIV/0! | AF82: =AF77/$AG$291 -> #DIV/0! | AG82: =AG77/$AG$291 -> #DIV/0!
A83: 2020年 4月 | B83: 點數(i) | C83: 8338 | D83: 33389 | E83: 4203 | F83: 17666 | G83: 1549 | H83: 1888 | I83: 1397 | L83: 47 | M83: 667 | N83: 530 | O83: 129 | P83: =SUM(C83:O83) -> 69803 | Q83: 1048 | R83: 3093 | S83: 1723 | T83: 2576 | U83: 1746 | V83: 680 | W83: 249 | X83: 616 | Y83: 176 | Z83: 100 | AB83: =SUM(Q83:AA83) -> 12007 | AC83: =P83+AB83 -> 81810 | AD83: 9 | AE83: 8 | AF83: 4 | AG83: =SUM(AD83:AF83) -> 21 | AH83: 1864 | AI83: 310 | AJ83: 2603 | AK83: =SUM(AH83:AJ88) -> 4777
B84: 延伸庫位 | C84: 83.38 | D84: 333.89 | E84: 42.03 | F84: 176.66 | G84: 0 | H84: 0 | I84: 0 | L84: 0 | M84: 13.34 | N84: 10.6 | O84: 0 | P84: =SUM(C84:O84) -> 659.9 | Q84: 0 | R84: 0 | S84: 0 | T84: 128.8 | U84: 17.46 | V84: 0 | W84: 0 | X84: 123.2 | Y84: 0 | Z84: 35 | AB84: =SUM(Q84:AA84) -> 304.46 | AC84: =P84+AB84 -> 964.36
B85: 配置數 | C85: 9252 | D85: 37456 | E85: 4675 | F85: 21619 | G85: 1602 | H85: 2770 | I85: 1670 | L85: 102 | M85: 876 | N85: 1147 | O85: 129 | P85: =SUM(C85:O85) -> 81298 | Q85: 1233 | R85: 3200 | S85: 2159 | T85: 3598 | U85: 3538 | V85: 851 | W85: 266 | X85: 852 | Y85: 192 | Z85: 164 | AB85: =SUM(Q85:AA85) -> 16053 | AC85: =P85+AB85 -> 97351
B86: 合計點數 | C86: =C83+D83+E83+F83+C84+D84+E84+F84 -> 64231.96 | G86: =G83+H83+I83+G84+H84+I84 -> 4834 | L86: =L83+M83+N83+L84+M84+N84 -> 1267.94 | Q86: =Q83+R83+S83+Q84+R84+S84 -> 5864
B87: 合計配置數 | C87: =C85+D85+E85+F85 -> 73002 | G87: =G85+H85+I85 -> 6042 | L87: =L85+M85+N85 -> 2125 | Q87: =Q85+R85+S85 -> 6592
B88: 使用率 | C88: =C86/C87 -> 0.87986576 | G88: =G86/G87 -> 0.8000662 | L88: =L86/L87 -> 0.59667765 | O88: =(O83+O84)/O85 -> 1 | P88: =(P83+P84)/P85 -> 0.86672366 | Q88: =Q86/Q87 -> 0.88956311 | T88: =(T83+T84)/T85 -> 0.75175097 | U88: =(U83+U84)/U85 -> 0.49843414 | V88: =(V83+V84)/V85 -> 0.79905993 | W88: =(W83+W84)/W85 -> 0.93609023 | X88: =(X83+X84)/X85 -> 0.86760563 | Y88: =(Y83+Y84)/Y85 -> 0.91666667 | Z88: =(Z83+Z84)/Z85 -> 0.82317073 | AB88: =(AB83+AB84)/AB85 -> 0.76692581 | AC88: =(AC83+AC84)/AC85 -> 0.85026718 | AD88: =AD83/$AG$290 -> #DIV/0! | AE88: =AE83/$AG$290 -> #DIV/0! | AF88: =AF83/$AG$290 -> #DIV/0! | AG88: =AG83/$AG$290 -> #DIV/0!
A89: 2020年 5月 | B89: 點數(i) | C89: 8154 | D89: 32403 | E89: 4127 | F89: 17138 | G89: 1551 | H89: 2085 | I89: 1406 | L89: 67 | M89: 685 | N89: 537 | O89: 129 | P89: =SUM(C89:O89) -> 68282 | Q89: 1047 | R89: 3006 | S89: 1728 | T89: 2518 | U89: 1585 | V89: 688 | W89: 252 | X89: 620 | Y89: 176 | Z89: 101 | AB89: =SUM(Q89:AA89) -> 11721 | AC89: =P89+AB89 -> 80003 | AD89: 9 | AE89: 9 | AF89: 3 | AG89: =SUM(AD89:AF89) -> 21 | AH89: 1682 | AI89: 3495 | AJ89: 2599 | AK89: =SUM(AH89:AJ94) -> 7776
B90: 延伸庫位 | C90: 81.54 | D90: 324.03 | E90: 41.27 | F90: 171.38 | G90: 0 | H90: 0 | I90: 0 | L90: 0 | M90: 13.7 | N90: 10.74 | O90: 0 | P90: =SUM(C90:O90) -> 642.66 | Q90: 0 | R90: 0 | S90: 0 | T90: 188.85 | U90: 15.85 | V90: 0 | W90: 0 | X90: 124 | Y90: 0 | Z90: 35.35 | AB90: =SUM(Q90:AA90) -> 364.05 | AC90: =P90+AB90 -> 1006.71
B91: 配置數 | C91: 9252 | D91: 37456 | E91: 4675 | F91: 21619 | G91: 1602 | H91: 2770 | I91: 1670 | L91: 102 | M91: 876 | N91: 1147 | O91: 129 | P91: =SUM(C91:O91) -> 81298 | Q91: 1233 | R91: 3200 | S91: 2159 | T91: 3598 | U91: 3538 | V91: 851 | W91: 266 | X91: 852 | Y91: 192 | Z91: 164 | AB91: =SUM(Q91:AA91) -> 16053 | AC91: =P91+AB91 -> 97351
B92: 合計點數 | C92: =C89+D89+E89+F89+C90+D90+E90+F90 -> 62440.22 | G92: =G89+H89+I89+G90+H90+I90 -> 5042 | L92: =L89+M89+N89+L90+M90+N90 -> 1313.44 | Q92: =Q89+R89+S89+Q90+R90+S90 -> 5781
B93: 合計配置數 | C93: =C91+D91+E91+F91 -> 73002 | G93: =G91+H91+I91 -> 6042 | L93: =L91+M91+N91 -> 2125 | Q93: =Q91+R91+S91 -> 6592
B94: 使用率 | C94: =C92/C93 -> 0.85532205 | G94: =G92/G93 -> 0.83449189 | L94: =L92/L93 -> 0.61808941 | O94: =(O89+O90)/O91 -> 1 | P94: =(P89+P90)/P91 -> 0.84780265 | Q94: =Q92/Q93 -> 0.87697209 | T94: =(T89+T90)/T91 -> 0.75232073 | U94: =(U89+U90)/U91 -> 0.45247315 | V94: =(V89+V90)/V91 -> 0.80846063 | W94: =(W89+W90)/W91 -> 0.94736842 | X94: =(X89+X90)/X91 -> 0.87323944 | Y94: =(Y89+Y90)/Y91 -> 0.91666667 | Z94: =(Z89+Z90)/Z91 -> 0.83140244 | AB94: =(AB89+AB90)/AB91 -> 0.7528219 | AC94: =(AC89+AC90)/AC91 -> 0.8321405 | AD94: =AD89/$AG$289 -> #DIV/0! | AE94: =AE89/$AG$289 -> #DIV/0! | AF94: =AF89/$AG$289 -> #DIV/0! | AG94: =AG89/$AG$289 -> #DIV/0!
A95: 2020年 6月 | B95: 點數 (i) | C95: 8115 | D95: 31842 | E95: 4128 | F95: 16813 | G95: 1563 | H95: 2562 | I95: 1442 | L95: 70 | M95: 697 | N95: 544 | O95: 129 | P95: =SUM(C95:O95) -> 67905 | Q95: 1054 | R95: 3004 | S95: 1736 | T95: 2360 | U95: 1772 | V95: 689 | W95: 253 | X95: 627 | Y95: 170 | Z95: 102 | AB95: =SUM(Q95:AA95) -> 11767 | AC95: =P95+AB95 -> 79672 | AD95: 8 | AE95: 10 | AF95: 3 | AG95: =SUM(AD95:AF95) -> 21 | AH95: 2050 | AI95: 2394 | AJ95: 1972 | AK95: =SUM(AH95:AJ100) -> 6416
B96: 延伸庫位 | C96: 40.575 | D96: 159.21 | E96: 20.64 | F96: 84.065 | G96: 0 | H96: 0 | I96: 0 | L96: 0 | M96: 13.94 | N96: 10.88 | O96: 0 | P96: =SUM(C96:O96) -> 329.31 | Q96: 0 | R96: 0 | S96: 0 | T96: 118 | U96: 0 | V96: 0 | W96: 0 | X96: 94.05 | Y96: 0 | Z96: 35.7 | AB96: =SUM(Q96:AA96) -> 247.75 | AC96: =P96+AB96 -> 577.06
B97: 配置數 | C97: 9252 | D97: 37456 | E97: 4675 | F97: 21619 | G97: 1602 | H97: 3014 | I97: 1854 | L97: 102 | M97: 876 | N97: 1147 | O97: 129 | P97: =SUM(C97:O97) -> 81726 | Q97: 1171 | R97: 3193 | S97: 2043 | T97: 3147 | U97: 2777 | V97: 851 | W97: 292 | X97: 852 | Y97: 204 | Z97: 164 | AB97: =SUM(Q97:AA97) -> 14694 | AC97: =P97+AB97 -> 96420
B98: 合計點數 | C98: =C95+D95+E95+F95+C96+D96+E96+F96 -> 61202.49 | G98: =G95+H95+I95+G96+H96+I96 -> 5567 | L98: =L95+M95+N95+L96+M96+N96 -> 1335.82 | Q98: =Q95+R95+S95+Q96+R96+S96 -> 5794
B99: 合計配置數 | C99: =C97+D97+E97+F97 -> 73002 | G99: =G97+H97+I97 -> 6470 | L99: =L97+M97+N97 -> 2125 | Q99: =Q97+R97+S97 -> 6407
B100: 使用率 | C100: =C98/C99 -> 0.83836731 | G100: =G98/G99 -> 0.86043277 | L100: =L98/L99 -> 0.62862118 | O100: =(O95+O96)/O97 -> 1 | P100: =(P95+P96)/P97 -> 0.83491557 | Q100: =Q98/Q99 -> 0.9043234 | T100: =(T95+T96)/T97 -> 0.78741659 | U100: =(U95+U96)/U97 -> 0.63809867 | V100: =(V95+V96)/V97 -> 0.80963572 | W100: =(W95+W96)/W97 -> 0.86643836 | X100: =(X95+X96)/X97 -> 0.84630282 | Y100: =(Y95+Y96)/Y97 -> 0.83333333 | Z100: =(Z95+Z96)/Z97 -> 0.83963415 | AB100: =(AB95+AB96)/AB97 -> 0.81766367 | AC100: =(AC95+AC96)/AC97 -> 0.83228646 | AD100: =AD95/$AG$288 -> #DIV/0! | AE100: =AE95/$AG$288 -> #DIV/0! | AF100: =AF95/$AG$288 -> #DIV/0! | AG100: =AG95/$AG$288 -> #DIV/0!
A101: 2020年 7月 | B101: 點數 (i) | C101: 8165 | D101: 32018 | E101: 3695 | F101: 16678 | G101: 1563 | H101: 2658 | I101: 1869 | L101: 77 | M101: 709 | N101: 546 | O101: 129 | P101: =SUM(C101:O101) -> 68107 | Q101: 1077 | R101: 2952 | S101: 1786 | T101: 2371 | U101: 1751 | V101: 667 | W101: 261 | X101: 637 | Y101: 173 | Z101: 102 | AB101: =SUM(Q101:AA101) -> 11777 | AC101: =P101+AB101 -> 79884 | AD101: 10 | AE101: 8 | AF101: 3 | AG101: =SUM(AD101:AF101) -> 21 | AH101: 1936 | AI101: 1565 | AJ101: 1131 | AK101: =SUM(AH101:AJ106) -> 4632
...

Sheet 庫位使用率 (202608變更)
A2: 2015年10月 ~ 2015年12月 楊 梅 倉 庫 各 零 件 保 管 庫 區 使 用 狀 況
AG3: 2016/01/06 | AI3: 製表.
A4: 管 理 別 | C4: 中 小 物 庫 區 ( 材 敏 ) | P4: 大 物 庫 區 ( 和 泰 ) | AA4: 小 計 | AB4: 庫 區 保 管 狀 況 | AH4: 合 計 | AI4: 新 卡 | AJ4: 空庫位 取消 | AK4: 不適當 遷移
A5: 區 域 別 | C5: 積 層 庫 區 | J5: 專 區 | M5: 小 計 | N5: 高 層 架 庫 區 | U5: 專 區 | Y5: 小 計 | Z5: 三倉 | AC5: 小 計 | AD5: 合 計 | AE5: ▲ | AF5: ◎ | AG5: ▽ | AH5: 小 計 | AI5: 新卡 | AJ5: 空庫位取消 | AK5: 不適當遷移 | AL5: 合 計
A6: 庫 區 | C6: A | D6: B | E6: D | F6: E | G6: P | H6: T | I6: U | J6: R | K6: S | L6: J | N6: F | O6: N | P6: G | Q6: H | R6: I | S6: M、Q | T6: L | U6: K | V6: V | W6: Y | X6: Z | Z6: 2 | AA6: 3 | AB6: 4 | AE6: 過高 >85% | AF6: 正常 75~85% | AG6: 過低 <75%
A7: 保管類別 | C7: 高 銷 中 物 | D7: 高 銷 中小物 | E7: 低 銷 中小物 | F7: 暢 銷 量物區 | G7: 低、滯 銷區 | H7: 中 銷 量物區 | I7: 低銷區 | J7: 精品區 | K7: 高價 品區 | L7: 精品區 | N7: 高中銷 大 物 | O7: 中低銷 大 物 | P7: 高中銷 大中物 | Q7: 金屬區 | R7: 大鈑金件 | S7: 低、滯 銷區 | T7: 玻璃 庫區 | U7: 電、化 品區 | V7: 保桿區 | W7: 輪胎區 | X7: 油品區 | Z7: 2F | AA7: 3F | AB7: 4F
A8: 2026年 8月 | B8: 點數 (i) | C8: 3802 | D8: 1199 | E8: 752 | F8: 1319 | G8: 4236 | H8: 2058 | I8: 1552 | J8: 365 | K8: 337 | L8: 1496 | M8: =SUM(C8:L8) -> 17116 | N8: 1169 | O8: 2510 | P8: 1976 | Q8: 2990 | R8: 79 | S8: 2378 | T8: 792 | U8: 338 | V8: 784 | W8: 238 | X8: 130 | Y8: =SUM(N8:X8) -> 13384 | Z8: 13518 | AA8: 16923 | AB8: 33901 | AC8: =SUM(Z8:AB8) -> 64342 | AD8: =M8+Y8+AC8 -> 94842 | AE8: 12 | AF8: 7 | AG8: 5 | AH8: =SUM(AE8:AG8) -> 24 | AI8: 1949 | AJ8: 2901 | AK8: 2600 | AL8: =SUM(AI8:AK13) -> 7450
B9: 延伸庫位 | C9: 17.109 | D9: 5.3955 | E9: 3.384 | F9: 0 | G9: 0 | H9: 0 | I9: 0 | J9: 259 | K9: 1.5165 | L9: 6.732 | M9: =SUM(C9:L9) -> 293.137 | N9: 32.69 | O9: 0 | P9: 0 | Q9: 29.9 | S9: 0 | T9: 0 | U9: 0 | V9: 156.8 | W9: 0 | X9: 0 | Y9: =SUM(N9:X9) -> 219.39 | Z9: 0 | AA9: 0 | AB9: 0 | AC9: =SUM(Z9:AB9) -> 0 | AD9: =M9+Y9+AC9 -> 512.527
B10: 配置數 | C10: 4541 | D10: 1601 | E10: 913 | F10: 1710 | G10: 4268 | H10: 2553 | I10: 1576 | J10: 624 | K10: 470 | L10: 2470 | M10: =SUM(C10:L10) -> 20726 | N10: 1403 | O10: 2766 | P10: 2020 | Q10: 3192 | R10: 81 | S10: 2378 | T10: 859 | U10: 338 | V10: 990 | W10: 252 | X10: 164 | Y10: =SUM(N10:X10) -> 14443 | Z10: 44786 | AA10: 25216 | AB10: 52576 | AC10: =SUM(Z10:AB10) -> 122578 | AD10: =M10+Y10+AC10 -> 157747
B11: 合計點數 | C11: =C8+D8+E8+C9+D9+E9 -> 5778.8885 | F11: =F8+G8+H8+I8+F9+G9+H9+I9 -> 9165 | J11: =J8+K8+L8+J9+K9+L9 -> 2465.2485 | N11: =N8+O8+P8+N9+O9+P9 -> 5687.69 | Z11: =Z8+AA8+AB8+Z9+AA9+AB9 -> 64342
B12: 合計配置數 | C12: =C10+D10+E10 -> 7055 | F12: =F10+G10+H10+I10 -> 10107 | J12: =J10+K10+L10 -> 3564 | N12: =N10+O10+P10 -> 6189 | Z12: =Z10+AA10+AB10 -> 122578
B13: 使用率 | C13: =C11/C12 -> 0.81911956 | F13: =F11/F12 -> 0.90679727 | J13: =J11/J12 -> 0.69170833 | M13: =(M8+M9)/M10 -> 0.83996608 | N13: =N11/N12 -> 0.91899984 | Q13: =(Q8+Q9)/Q10 -> 0.94608396 | R13: =(R8+R9)/R10 -> 0.97530864 | S13: =(S8+S9)/S10 -> 1 | T13: =(T8+T9)/T10 -> 0.92200233 | U13: =(U8+U9)/U10 -> 1 | V13: =(V8+V9)/V10 -> 0.95030303 | W13: =(W8+W9)/W10 -> 0.94444444 | X13: =(X8+X9)/X10 -> 0.79268293 | Y13: =(Y8+Y9)/Y10 -> 0.94186734 | Z13: =Z11/Z12 -> 0.52490659 | AC13: =(AC8+AC9)/AC10 -> 0.52490659 | AD13: =(AD8+AD9)/AD10 -> 0.60447759 | AE13: =AE8/AH8 -> 0.5 | AF13: =AF8/AH8 -> 0.29166667 | AG13: =AG8/AH8 -> 0.20833333 | AH13: =SUM(AE13:AG13) -> 1
A14: 2026年 9月 | B14: 點數 (i) | C14: 3858 | D14: 1184 | E14: 749 | F14: 1356 | G14: 4234 | H14: 2058 | I14: 1544 | J14: 577 | K14: 343 | L14: 1501 | M14: =SUM(C14:L14) -> 17404 | N14: 1166 | O14: 2502 | P14: 1981 | Q14: 2910 | R14: 79 | S14: 2378 | T14: 790 | U14: 338 | V14: 785 | W14: 240 | X14: 130 | Y14: =SUM(N14:X14) -> 13299 | Z14: 16141 | AA14: 16923 | AB14: 31665 | AC14: =SUM(Z14:AB14) -> 64729 | AD14: =M14+Y14+AC14 -> 95432 | AE14: 12 | AF14: 6 | AG14: 6 | AH14: =SUM(AE14:AG14) -> 24 | AI14: 1960 | AJ14: 2045 | AK14: 3283 | AL14: =SUM(AI14:AK19) -> 7288
B15: 延伸庫位 | C15: 17.361 | D15: 5.328 | E15: 3.3705 | F15: 0 | G15: 0 | H15: 0 | I15: 0 | J15: 47 | K15: 1.5435 | L15: 6.7545 | M15: =SUM(C15:L15) -> 81.3575 | N15: 32.66 | O15: 0 | P15: 0 | Q15: 29.1 | R15: 0 | S15: 0 | T15: 0 | U15: 0 | V15: 157 | W15: 0 | X15: 0 | Y15: =SUM(N15:X15) -> 218.76 | Z15: 0 | AA15: 0 | AB15: 0 | AC15: =SUM(Z15:AB15) -> 0 | AD15: =M15+Y15+AC15 -> 300.1175
B16: 配置數 | C16: 4541 | D16: 1601 | E16: 913 | F16: 1710 | G16: 4268 | H16: 2553 | I16: 1576 | J16: 624 | K16: 470 | L16: 2470 | M16: =SUM(C16:L16) -> 20726 | N16: 1403 | O16: 2766 | P16: 2020 | Q16: 3192 | R16: 81 | S16: 2378 | T16: 859 | U16: 338 | V16: 990 | W16: 252 | X16: 164 | Y16: =SUM(N16:X16) -> 14443 | Z16: 44786 | AA16: 25216 | AB16: 52576 | AC16: =SUM(Z16:AB16) -> 122578 | AD16: =M16+Y16+AC16 -> 157747
B17: 合計點數 | C17: =C14+D14+E14+C15+D15+E15 -> 5817.0595 | F17: =F14+G14+H14+I14+F15+G15+H15+I15 -> 9192 | J17: =J14+K14+L14+J15+K15+L15 -> 2476.298 | N17: =N14+O14+P14+N15+O15+P15 -> 5681.66 | Z17: =Z14+AA14+AB14+Z15+AA15+AB15 -> 64729
B18: 合計配置數 | C18: =C16+D16+E16 -> 7055 | F18: =F16+G16+H16+I16 -> 10107 | J18: =J16+K16+L16 -> 3564 | N18: =N16+O16+P16 -> 6189 | Z18: =Z16+AA16+AB16 -> 122578
B19: 使用率 | C19: =C17/C18 -> 0.82453005 | F19: =F17/F18 -> 0.90946869 | J19: =J17/J18 -> 0.69480864 | M19: =(M14+M15)/M16 -> 0.84364361 | N19: =N17/N18 -> 0.91802553 | Q19: =(Q14+Q15)/Q16 -> 0.92077068 | R19: =(R14+R15)/R16 -> 0.97530864 | S19: =(S14+S15)/S16 -> 1 | T19: =(T14+T15)/T16 -> 0.91967404 | U19: =(U14+U15)/U16 -> 1 | V19: =(V14+V15)/V16 -> 0.95151515 | W19: =(W14+W15)/W16 -> 0.95238095 | X19: =(X14+X15)/X16 -> 0.79268293 | Y19: =(Y14+Y15)/Y16 -> 0.93593852 | Z19: =Z17/Z18 -> 0.52806376 | AC19: =(AC14+AC15)/AC16 -> 0.52806376 | AD19: =(AD14+AD15)/AD16 -> 0.60687124 | AE19: =AE14/AH14 -> 0.5 | AF19: =AF14/AH14 -> 0.25 | AG19: =AG14/AH14 -> 0.25 | AH19: =SUM(AE19:AG19) -> 1

Sheet 包材回收(同期比)
A2: 項目 | D2: 一月 | E2: 二月 | F2: 三月 | G2: 四月 | H2: 五月 | I2: 六月 | J2: 七月 | K2: 八月 | L2: 九月 | M2: 十月 | N2: 十一月 | O2: 十二月 | P2: 合計
A3: 2014包材回收 | B3: 重量 | C3: 國內 | D3: 5209 | E3: 3910 | F3: 3825 | G3: 5081 | H3: 4373 | I3: 4412 | J3: 4886 | K3: 3851 | L3: 3918 | M3: 3585 | N3: 4418 | O3: 2901 | P3: 50369
C4: 國外 | D4: 9072 | E4: 10025 | F4: 15303 | G4: 14948 | H4: 8755 | I4: 10066 | J4: 10998 | K4: 7788 | L4: 10408 | M4: 15447 | N4: 11424 | O4: 11286 | P4: 135520
C5: 合計 | D5: =SUM(D3:D4) -> 14281 | E5: =SUM(E3:E4) -> 13935 | F5: =SUM(F3:F4) -> 19128 | G5: =SUM(G3:G4) -> 20029 | H5: =SUM(H3:H4) -> 13128 | I5: =SUM(I3:I4) -> 14478 | J5: =SUM(J3:J4) -> 15884 | K5: =SUM(K3:K4) -> 11639 | ... P5: =SUM(P3:P4) -> 185889
B7: 金額 (萬元) | C7: 國內 | D7: 27.3 | E7: 21.5 | F7: 38.2 | G7: 44.6 | H7: 27.2 | I7: 34.8 | J7: 36.1 | K7: 22.5 | L7: 20.7 | M7: 24.5 | N7: 21 | O7: 32 | P7: 350.4
C8: 國外 | D8: 33.4 | E8: 35.4 | F8: 71.3 | G8: 70.4 | H8: 33.2 | I8: 40.4 | J8: 43.1 | K8: 26.9 | L8: 39.5 | M8: 53.4 | N8: 52 | O8: 54.6 | P8: =SUM(D8:O8) -> 553.6
C9: 合計 | D9: =SUM(D7:D8) -> 60.7 | E9: =SUM(E7:E8) -> 56.9 | F9: =SUM(F7:F8) -> 109.5 | G9: =SUM(G7:G8) -> 115 | H9: =SUM(H7:H8) -> 60.4 | I9: =SUM(I7:I8) -> 75.2 | J9: =SUM(J7:J8) -> 79.2 | K9: =SUM(K7:K8) -> 49.4 | ... O9: =SUM(O7:O8) -> 86.6 | P9: =SUM(D9:O9) -> 904
A11: 2015包材回收 | B11: 重量 | C11: 國內 | D11: 3682 | E11: 2836 | F11: 5003 | G11: 3897 | H11: 3875 | I11: 4322 | J11: 5970 | K11: 2327 | L11: 3296 | M11: 4341 | N11: 3640 | O11: 3880 | P11: =SUM(D11:O11) -> 47069
C12: 國外 | D12: 21027 | E12: 11097 | F12: 19367 | G12: 17626 | H12: 17245 | I12: 17245 | J12: 14879 | K12: 9229 | L12: 21318 | M12: 13625 | N12: 24016 | O12: 22278 | P12: =SUM(D12:O12) -> 208952
C13: 合計 | D13: =SUM(D11:D12) -> 24709 | E13: =SUM(E11:E12) -> 13933 | F13: =SUM(F11:F12) -> 24370 | G13: =SUM(G11:G12) -> 21523 | H13: =SUM(H11:H12) -> 21120 | I13: =SUM(I11:I12) -> 21567 | J13: =SUM(J11:J12) -> 20849 | K13: =SUM(K11:K12) -> 11556 | ... O13: =SUM(O11:O12) -> 26158 | P13: =SUM(D13:O13) -> 256021
C14: 同期比 | D14: =D13/D5 -> 1.730201 | E14: =E13/E5 -> 0.99985648 | F14: =F13/F5 -> 1.2740485 | G14: =G13/G5 -> 1.0745918 | H14: =H13/H5 -> 1.6087751 | I14: =I13/I5 -> 1.4896395 | J14: =J13/J5 -> 1.3125787 | K14: =K13/K5 -> 0.9928688 | ... O14: =O13/O5 -> 1.8438007 | P14: =SUM(D14:O14) -> 16.734224
B15: 金額 (萬元) | C15: 國內 | D15: 17.7 | E15: 45.5 | F15: 70 | G15: 36 | H15: 53 | I15: 46 | J15: 29.4 | K15: 11.8 | L15: 39.6 | M15: 26.6 | N15: 21.8 | O15: 35.9 | P15: =SUM(D15:O15) -> 433.3
C16: 國外 | D16: 102.9 | E16: 54 | F16: 80.9 | G16: 83.5 | H16: 75.2 | I16: 82.8 | J16: 65.6 | K16: 42 | L16: 110.6 | M16: 56 | N16: 109.7 | O16: 109.7 | P16: =SUM(D16:O16) -> 972.9
C17: 合計 | D17: =SUM(D15:D16) -> 120.6 | E17: =SUM(E15:E16) -> 99.5 | F17: =SUM(F15:F16) -> 150.9 | G17: =SUM(G15:G16) -> 119.5 | H17: =SUM(H15:H16) -> 128.2 | I17: =SUM(I15:I16) -> 128.8 | J17: =SUM(J15:J16) -> 95 | K17: =SUM(K15:K16) -> 53.8 | ... O17: =SUM(O15:O16) -> 145.6 | P17: =SUM(D17:O17) -> 1406.2
C18: 同期比 | D18: =D17/D9 -> 1.9868204 | E18: =E17/E9 -> 1.7486819 | F18: =F17/F9 -> 1.3780822 | G18: =G17/G9 -> 1.0391304 | H18: =H17/H9 -> 2.1225166 | I18: =I17/I9 -> 1.712766 | J18: =J17/J9 -> 1.1994949 | K18: =K17/K9 -> 1.0890688 | ... P18: =P17/P9 -> 1.555531 | Q18: =SUM(D18:P18) -> 20.870106 | R18: =Q18/12 -> 1.7391755
A19: 2016包材回收 | B19: 重量 | C19: 國內 | D19: 3338 | E19: 3751 | F19: 3605 | G19: 1456 | H19: 2994 | I19: 4268 | J19: 3994 | K19: 3873 | L19: 5975 | M19: 3747 | N19: 5619 | O19: 3012 | P19: =SUM(D19:O19) -> 45632
C20: 國外 | D20: 19493 | E20: 15955 | F20: 25893 | G20: 13272 | H20: 23488 | I20: 20366 | J20: 18294 | K20: 15565 | L20: 17423 | M20: 17599 | N20: 19639 | O20: 22475 | P20: =SUM(D20:O20) -> 229462
C21: 合計 | D21: 22831 | E21: 19706 | F21: 29498 | G21: 14728 | H21: 24648 | I21: 24634 | J21: 22288 | K21: 19438 | L21: 23398 | M21: 21346 | N21: 25258 | O21: =SUM(O19:O20) -> 25487 | P21: =SUM(D21:O21) -> 273260
C22: 同期比 | D22: =D21/D13 -> 0.92399531 | E22: =E21/E13 -> 1.4143401 | F22: =F21/F13 -> 1.2104227 | G22: =G21/G13 -> 0.68429122 | H22: =H21/H13 -> 1.1670455 | I22: =I21/I13 -> 1.142208 | J22: =J21/J13 -> 1.0690201 | K22: =K21/K13 -> 1.6820699 | ... O22: =O21/O13 -> 0.97434819 | P22: =SUM(D22:O22) -> 13.319763
B23: 金額 (萬元) | C23: 國內 | D23: 16.2 | E23: 22.1 | F23: 18.1 | G23: 6.7 | H23: 15.2 | I23: 23.9 | J23: 31.5 | K23: 19 | L23: 26.2 | M23: 29.1 | N23: 35.1 | O23: 32.3 | P23: =SUM(D23:O23) -> 275.4
C24: 國外 | D24: 95.5 | E24: 73.2 | F24: 116.3 | G24: 58.8 | H24: 110.5 | I24: 90.5 | J24: 85.3 | K24: 70.8 | L24: 83 | M24: 90 | N24: 96.1 | O24: 110.1 | P24: =SUM(D24:O24) -> 1080.1
C25: 合計 | D25: 111.7 | E25: 95.3 | F25: 134.4 | G25: 65.5 | H25: 125.7 | I25: 114.4 | J25: 116.8 | K25: 89.8 | L25: 109.2 | M25: 119.1 | N25: 131.2 | O25: =SUM(O23:O24) -> 142.4 | P25: =SUM(D25:O25) -> 1355.5
C26: 同期比 | D26: =D25/D17 -> 0.92620232 | E26: =E25/E17 -> 0.95778894 | F26: =F25/F17 -> 0.89065606 | G26: =G25/G17 -> 0.54811715 | H26: =H25/H17 -> 0.98049922 | I26: =I25/I17 -> 0.88819876 | J26: =J25/J17 -> 1.2294737 | K26: =K25/K17 -> 1.669145 | ... P26: =P25/P17 -> 0.96394538
A27: 2017包材回收 | B27: 重量 | C27: 國內 | D27: 2876 | E27: 2359 | F27: 4705 | G27: 2973 | H27: 3131 | I27: 4878 | J27: 4725 | K27: 3367 | L27: 2448 | M27: 2792 | N27: 6921 | O27: 5847 | P27: =SUM(D27:O27) -> 47022
C28: 國外 | D28: 23333 | E28: 20020 | F28: 23623 | G28: 11484 | H28: 22607 | I28: 22292 | J28: 19945 | K28: 21619 | L28: 19035 | M28: 13170 | N28: 13418 | O28: 12391 | P28: =SUM(D28:O28) -> 222937
C29: 合計 | D29: =SUM(D27:D28) -> 26209 | E29: 22379 | F29: 28328 | G29: 14457 | H29: 25738 | I29: 27170 | J29: 24670 | K29: 24986 | L29: 21483 | M29: 15962 | N29: 20339 | O29: 18238 | P29: =SUM(D29:O29) -> 269959
C30: 同期比 | D30: =D29/D21 -> 1.1479567 | E30: =E29/E21 -> 1.135644 | F30: =F29/F21 -> 0.96033629 | G30: =G29/G21 -> 0.98159967 | H30: =H29/H21 -> 1.0442227 | I30: =I29/I21 -> 1.1029471 | J30: =J29/J21 -> 1.1068737 | K30: =K29/K21 -> 1.2854203 | ... O30: =O29/O21 -> 0.71558049 | P30: =SUM(D30:O30) -> 11.951761
B31: 金額 (萬元) | C31: 國內 | D31: 28.9 | E31: 32.1 | F31: 36.9 | G31: 23.4 | H31: 26.8 | I31: 25.1 | J31: 29.6 | K31: 28.3 | L31: 28.6 | M31: 21.6 | N31: 40.4 | O31: 34.1 | P31: =SUM(D31:O31) -> 355.8
C32: 國外 | D32: 113.3 | E32: 92.9 | F32: 111.3 | G32: 49.4 | H32: 97.6 | I32: 108.2 | J32: 100.7 | K32: 103.3 | L32: 88.3 | M32: 62.8 | N32: 59 | O32: 62 | P32: =SUM(D32:O32) -> 1048.8
C33: 合計 | D33: 142.2 | E33: 125 | F33: 148.2 | G33: 72.8 | H33: 124.4 | I33: 133.3 | J33: 130.3 | K33: 131.6 | L33: 116.9 | M33: 84.4 | N33: 99.4 | O33: 96.1 | P33: =SUM(D33:O33) -> 1404.6
C34: 同期比 | D34: =D33/D25 -> 1.2730528 | E34: =E33/E25 -> 1.3116474 | F34: =F33/F25 -> 1.1026786 | G34: =G33/G25 -> 1.1114504 | H34: =H33/H25 -> 0.98965792 | I34: =I33/I25 -> 1.1652098 | J34: =J33/J25 -> 1.1155822 | K34: =K33/K25 -> 1.4654788 | ... P34: =P33/P25 -> 1.0362228
A35: 2018包材回收 | B35: 重量 | C35: 國內 | D35: 6404 | E35: 5279 | F35: 7157 | G35: 3367 | H35: 9871 | I35: 9953 | J35: 9618 | K35: 9544 | L35: 9712 | M35: 8041 | N35: 3313 | O35: 7407 | P35: =SUM(D35:O35) -> 89666
C36: 國外 | D36: 18721 | E36: 9937 | F36: 21946 | G36: 10583 | H36: 13259 | I36: 11654 | J36: 8581 | K36: 3900 | L36: 8800 | M36: 18008 | N36: 23826 | O36: 16269 | P36: =SUM(D36:O36) -> 165484
C37: 合計 | D37: =SUM(D35:D36) -> 25125 | E37: =SUM(E35:E36) -> 15216 | F37: 29103 | G37: 13950 | H37: 23130 | I37: 21607 | J37: 18199 | K37: 13444 | L37: 18512 | M37: 26049 | N37: 27139 | O37: 23676 | P37: =SUM(D37:O37) -> 255150
C38: 同期比 | D38: =D37/D29 -> 0.95864016 | E38: =E37/E29 -> 0.67992314 | F38: =F37/F29 -> 1.0273581 | G38: =G37/G29 -> 0.96493048 | H38: =H37/H29 -> 0.89867123 | I38: =I37/I29 -> 0.79525212 | J38: =J37/J29 -> 0.73769761 | K38: =K37/K29 -> 0.53806131 | ... O38: =O37/O29 -> 1.2981687 | P38: =SUM(D38:O38) -> 11.726679
B39: 金額 (萬元) | C39: 國內 | D39: 37 | E39: 33 | F39: 40.1 | G39: 21.9 | H39: 56.7 | I39: 56.9 | J39: 56.4 | K39: 55.8 | L39: 56 | M39: 48.8 | N39: 12.3 | O39: 31.9 | P39: =SUM(D39:O39) -> 506.8
C40: 國外 | D40: 89.3 | E40: 46.3 | F40: 96.2 | G40: 53.9 | H40: 69 | I40: 70 | J40: 50 | K40: 22 | L40: 35.4 | M40: 81 | N40: 100 | O40: 98 | P40: =SUM(D40:O40) -> 811.1
C41: 合計 | D41: =SUM(D39:D40) -> 126.3 | E41: =SUM(E39:E40) -> 79.3 | F41: 136.3 | G41: 75.8 | H41: 125.7 | I41: 126.9 | J41: 106.4 | K41: 77.8 | L41: 91.4 | M41: 129.8 | N41: 112.3 | O41: 98.4 | P41: =SUM(D41:O41) -> 1286.4
C42: 同期比 | D42: =D41/D33 -> 0.88818565 | E42: =E41/E33 -> 0.6344 | F42: =F41/F33 -> 0.9197031 | G42: =G41/G33 -> 1.0412088 | H42: =H41/H33 -> 1.0104502 | I42: =I41/I33 -> 0.951988 | J42: =J41/J33 -> 0.81657713 | K42: =K41/K33 -> 0.59118541 | ... P42: =P41/P33 -> 0.91584793
A43: 2019包材回收 | B43: 重量 | C43: 國內 | D43: 4564 | E43: 5089 | F43: 5015 | G43: 3895 | H43: 3866 | I43: 6300 | J43: 4003 | K43: 3024 | L43: 3113 | M43: 3984 | N43: 3524 | O43: 4305 | P43: =SUM(D43:O43) -> 50682
C44: 國外 | D44: 23836 | E44: 14342 | F44: 19241 | G44: 12389 | H44: 17152 | I44: 18450 | J44: 17574 | K44: 8395 | L44: 4972 | M44: 6507 | N44: 11980 | O44: 14732 | P44: =SUM(D44:O44) -> 169570
C45: 合計 | D45: =SUM(D43:D44) -> 28400 | E45: 19431 | F45: 24256 | G45: 16284 | H45: 21018 | I45: 24750 | J45: 21577 | K45: 11419 | L45: 8085 | M45: 10491 | N45: 15504 | O45: 19037 | P45: =SUM(D45:O45) -> 220252
C46: 同期比 | D46: =D45/D37 -> 1.1303483 | E46: =E45/E37 -> 1.277011 | F46: =F45/F37 -> 0.8334536 | G46: =G45/G37 -> 1.1673118 | H46: =H45/H37 -> 0.90869001 | I46: =I45/I37 -> 1.1454621 | J46: =J45/J37 -> 1.1856146 | K46: =K45/K37 -> 0.84937519 | ... O46: =O45/O37 -> 0.80406319 | P46: =SUM(D46:O46) -> 10.712096
B47: 金額 (萬元) | C47: 國內 | D47: 20.2 | E47: 22 | F47: 21.6 | G47: 17.8 | H47: 16.4 | I47: 30.8 | J47: 17.8 | K47: 13.4 | L47: 14.2 | M47: 17.7 | N47: 14.8 | O47: 19.9 | P47: =SUM(D47:O47) -> 226.6
C48: 國外 | D48: 101 | E48: 59.3 | F48: 88.7 | G48: 66.9 | H48: 78.8 | I48: 88.2 | J48: 72.1 | K48: 31.6 | L48: 17.2 | M48: 27 | N48: 50.3 | O48: 70.8 | P48: =SUM(D48:O48) -> 751.9
C49: 合計 | D49: =SUM(D47:D48) -> 121.2 | E49: 63 | F49: 105 | G49: 84.7 | H49: 95.2 | I49: 119 | J49: 89.9 | K49: 45 | L49: 31.4 | M49: 44.7 | N49: 65.1 | O49: 90.7 | P49: =SUM(D49:O49) -> 954.9
C50: 同期比 | D50: =D49/D41 -> 0.95961995 | E50: =E49/E41 -> 0.79445145 | F50: =F49/F41 -> 0.7703595 | G50: =G49/G41 -> 1.1174142 | H50: =H49/H41 -> 0.75735879 | I50: =I49/I41 -> 0.93774626 | J50: =J49/J41 -> 0.84492481 | K50: =K49/K41 -> 0.57840617 | ... P50: =P49/P41 -> 0.7423041
A51: 2020包材回收 | B51: 重量 | C51: 國內 | D51: 3874 | E51: 4947 | F51: 4143 | G51: 3519 | H51: 2224 | I51: 2959 | J51: 7689 | K51: 3480 | L51: 4066 | M51: 4991 | N51: 4955 | O51: 5402 | P51: =SUM(D51:O51) -> 52249
C52: 國外 | D52: 12133 | E52: 12456 | F52: 12256 | G52: 11028 | H52: 4459 | I52: 4914 | J52: 5066 | K52: 4372 | L52: 10745 | M52: 16151 | N52: 18793 | O52: 19903 | P52: =SUM(D52:O52) -> 132276
C53: 合計 | D53: 16007 | E53: 17403 | F53: 16339 | G53: 14547 | H53: 6683 | I53: 7873 | J53: 12755 | K53: 7852 | L53: 14811 | M53: 21142 | N53: 23748 | O53: 25305 | P53: =SUM(D53:O53) -> 184465
C54: 同期比 | D54: =D53/D45 -> 0.56362676 | E54: =E53/E45 -> 0.89563069 | F54: =F53/F45 -> 0.67360653 | G54: =G53/G45 -> 0.89333088 | H54: =H53/H45 -> 0.31796555 | I54: =I53/I45 -> 0.31810101 | J54: =J53/J45 -> 0.59113871 | K54: =K53/K45 -> 0.68762589 | ... O54: =O53/O45 -> 1.3292536 | P54: =SUM(D54:O54) -> 11.649175
B55: 金額 (萬元) | C55: 國內 | D55: 16.9 | E55: 21.7 | F55: 17.1 | G55: 15.3 | H55: 10.3 | I55: 13.5 | J55: 32.3 | K55: 14.7 | L55: 18.4 | M55: 22.8 | N55: 20.9 | O55: 22.9 | P55: =SUM(D55:O55) -> 226.8
C56: 國外 | D56: 55.9 | E56: 50.5 | F56: 50.3 | G56: 40.3 | H56: 17 | I56: 18.3 | J56: 18.6 | K56: 17.8 | L56: 39.7 | M56: 71.2 | N56: 77.8 | O56: 85.4 | P56: =SUM(D56:O56) -> 542.8
C57: 合計 | D57: 72.8 | E57: 72.2 | F57: 67.4 | G57: 55.6 | H57: 27.3 | I57: 31.8 | J57: 50.9 | K57: 32.5 | L57: 58.1 | M57: 94 | N57: 98.7 | O57: 108.3 | P57: =SUM(D57:O57) -> 769.6
C58: 同期比 | D58: =D57/D49 -> 0.60066007 | E58: =E57/E49 -> 1.1460317 | F58: =F57/F49 -> 0.64190476 | G58: =G57/G49 -> 0.65643447 | H58: =H57/H49 -> 0.28676471 | I58: =I57/I49 -> 0.26722689 | J58: =J57/J49 -> 0.56618465 | K58: =K57/K49 -> 0.72222222 | ... P58: =P57/P49 -> 0.80594827
A59: 2021包材回收 | B59: 重量 | C59: 國內 | D59: 5105 | E59: 4555 | F59: 4663 | G59: 4021 | H59: 5285 | I59: 3297 | J59: 4209 | K59: 3945 | L59: 3737 | M59: 3770 | N59: 3881 | O59: 9441 | P59: =SUM(D59:O59) -> 55909
C60: 國外 | D60: 18325 | E60: 9898 | F60: 22148 | G60: 19405 | H60: 15438 | I60: 15001 | J60: 13303 | K60: 14344 | L60: 15267 | M60: 16951 | N60: 12224 | O60: 11751 | P60: =SUM(D60:O60) -> 184055
C61: 合計 | D61: 23426 | E61: 14453 | F61: 26811 | G61: 23426 | H61: 20723 | I61: 18298 | J61: 17512 | K61: 18289 | L61: 19004 | M61: 20721 | N61: 16035 | O61: 21192 | P61: =SUM(D61:O61) -> 239890
C62: 同期比 | D62: =D61/D53 -> 1.4634847 | E62: =E61/E53 -> 0.830489 | F62: =F61/F53 -> 1.6409205 | G62: =G61/G53 -> 1.6103664 | H62: =H61/H53 -> 3.1008529 | I62: =I61/I53 -> 2.3241458 | J62: =J61/J53 -> 1.3729518 | K62: =K61/K53 -> 2.3292155 | ... O62: =O61/O53 -> 0.83746295 | P62: =SUM(D62:O62) -> 18.448292
B63: 金額 (萬元) | C63: 國內 | D63: 22.2 | E63: 20.1 | F63: 21 | G63: 17.7 | H63: 22.5 | I63: 14.2 | J63: 18.5 | K63: 17.6 | L63: 16 | M63: 16.6 | N63: 16 | O63: 42 | P63: =SUM(D63:O63) -> 244.4
C64: 國外 | D64: 81.8 | E64: 42.7 | F64: 99.2 | G64: 79.7 | H64: 61.8 | I64: 60.1 | J64: 60.5 | K64: 68.3 | L64: 70.6 | M64: 86.3 | N64: 62.8 | O64: 50.3 | P64: =SUM(D64:O64) -> 824.1
C65: 合計 | D65: 104 | E65: 62.8 | F65: 120.2 | G65: 97.4 | H65: 84.3 | I65: 74.3 | J65: 79 | K65: 85.9 | L65: 86.6 | M65: 102.9 | N65: 78.8 | O65: 92.3 | P65: =SUM(D65:O65) -> 1068.5
C66: 同期比 | D66: =D65/D57 -> 1.4285714 | E66: =E65/E57 -> 0.86980609 | F66: =F65/F57 -> 1.7833828 | G66: =G65/G57 -> 1.7517986 | H66: =H65/H57 -> 3.0879121 | I66: =I65/I57 -> 2.336478 | J66: =J65/J57 -> 1.5520629 | K66: =K65/K57 -> 2.6430769 | ... P66: =P65/P57 -> 1.3883836
A67: 2022包材回收 | B67: 重量 | C67: 國內 | D67: 5184 | E67: 3630 | F67: 4808 | G67: 4138 | H67: 4506 | I67: 3522 | J67: 5615 | K67: 6319 | L67: 4900 | M67: 3488 | N67: 4209 | O67: 4829 | P67: =SUM(D67:O67) -> 55148
C68: 國外 | D68: 13189 | E68: 9456 | F68: 11064 | G68: 12074 | H68: 15562 | I68: 24745 | J68: 21388 | K68: 15255 | L68: 11893 | M68: 19725 | N68: 22584 | O68: 19757 | P68: =SUM(D68:O68) -> 196692
C69: 合計 | D69: 18373 | E69: 13086 | F69: 15872 | G69: 16212 | H69: 20068 | I69: 28267 | J69: 27003 | K69: 21574 | L69: 16793 | M69: 23213 | N69: 26793 | O69: 24586 | P69: =SUM(D69:O69) -> 251840
C70: 同期比 | D70: =D69/D61 -> 0.7842995 | E70: =E69/E61 -> 0.90541756 | F70: =F69/F61 -> 0.59199582 | G70: =G69/G61 -> 0.69205157 | H70: =H69/H61 -> 0.96839261 | I70: =I69/I61 -> 1.5448136 | J70: =J69/J61 -> 1.5419712 | K70: =K69/K61 -> 1.1796162 | ... O70: =O69/O61 -> 1.1601548 | P70: =SUM(D70:O70) -> 13.043541
B71: 金額 (萬元) | C71: 國內 | D71: 21.6 | E71: 15.8 | F71: 20.8 | G71: 17.5 | H71: 19.1 | I71: 15.4 | J71: 24 | K71: 26.7 | L71: 20.5 | M71: 15.4 | N71: 23.8 | O71: 22 | P71: =SUM(D71:O71) -> 242.6
C72: 國外 | D72: 48.7 | E72: 34.5 | F72: 38.8 | G72: 47 | H72: 56.6 | I72: 99.2 | J72: 87.9 | K72: 58.8 | L72: 47.3 | M72: 85.9 | N72: 94.6 | O72: 89.3 | P72: =SUM(D72:O72) -> 788.6
C73: 合計 | D73: 70.3 | E73: 50.3 | F73: 59.6 | G73: 64.5 | H73: 75.7 | I73: 114.6 | J73: 111.9 | K73: 85.5 | L73: 67.8 | M73: 101.3 | N73: 118.4 | O73: 111.3 | P73: =SUM(D73:O73) -> 1031.2
C74: 同期比 | D74: =D73/D65 -> 0.67596154 | E74: =E73/E65 -> 0.80095541 | F74: =F73/F65 -> 0.49584027 | G74: =G73/G65 -> 0.66221766 | H74: =H73/H65 -> 0.89798339 | I74: =I73/I65 -> 1.5423957 | J74: =J73/J65 -> 1.4164557 | K74: =K73/K65 -> 0.99534342 | ... P74: =P73/P65 -> 0.96509125
A75: 2023包材回收 | B75: 重量 | C75: 國內 | D75: 3326 | E75: 3436 | F75: 4801 | G75: 4862 | H75: 5295 | I75: 3902 | J75: 4638 | K75: 5421 | L75: 4525 | M75: 5495 | N75: 5418 | O75: 5089 | P75: =SUM(D75:O75) -> 56208
C76: 國外 | D76: 12689 | E76: 16151 | F76: 25682 | G76: 17945 | H76: 26863 | I76: 24155 | J76: 23086 | K76: 15512 | L76: 24465 | M76: 27306 | N76: 25550 | O76: 28195 | P76: =SUM(D76:O76) -> 267599
C77: 合計 | D77: 16015 | E77: 19587 | F77: 30483 | G77: 22807 | H77: =SUM(H75:H76) -> 32158 | I77: 23045 | J77: =J75+J76 -> 27724 | K77: =K75+K76 -> 20933 | L77: =L75+L76 -> 28990 | M77: =M75+M76 -> 32801 | N77: =N75+N76 -> 30968 | O77: =O75+O76 -> 33284 | P77: =SUM(D77:O77) -> 318795
C78: 同期比 | D78: =D77/D69 -> 0.8716595 | E78: =E77/E69 -> 1.4967905 | F78: =F77/F69 -> 1.9205519 | G78: =G77/G69 -> 1.4067974 | H78: =H77/H69 -> 1.6024517 | I78: =I77/I69 -> 0.81526161 | J78: =J77/J69 -> 1.0267007 | K78: =K77/K69 -> 0.97028831 | ... O78: =O77/O69 -> 1.3537786 | P78: =SUM(D78:O78) -> 15.759463
B79: 金額 (萬元) | C79: 國內 | D79: 15.1 | E79: 15.6 | F79: 21.7 | G79: 22.1 | H79: 24.3 | I79: 18.1 | J79: 21.2 | K79: 25.1 | L79: 20.7 | M79: 25.2 | N79: 24.9 | O79: 23.2 | P79: =SUM(D79:O79) -> 257.2
C80: 國外 | D80: 54.4 | E80: 66.2 | F80: 104.1 | G80: 71.6 | H80: 100.6 | I80: 93.9 | J80: 89.6 | K80: 62.6 | L80: 97.5 | M80: 118.8 | N80: 98.7 | O80: 122.3 | P80: =SUM(D80:O80) -> 1080.3
C81: 合計 | D81: 69.5 | E81: 81.8 | F81: 125.8 | G81: 93.7 | H81: 124.9 | I81: 112 | J81: 110.8 | K81: =K79+K80 -> 87.7 | L81: =L79+L80 -> 118.2 | M81: =M79+M80 -> 144 | N81: =N79+N80 -> 123.6 | O81: =O79+O80 -> 145.5 | P81: =SUM(D81:O81) -> 1337.5
C82: 同期比 | D82: =D81/D73 -> 0.9886202 | E82: =E81/E73 -> 1.6262425 | F82: =F81/F73 -> 2.1107383 | G82: =G81/G73 -> 1.4527132 | H82: =H81/H73 -> 1.6499339 | I82: =I81/I73 -> 0.97731239 | J82: =J81/J73 -> 0.99016979 | K82: =K81/K73 -> 1.025731 | ... P82: =P81/P73 -> 1.2970326
A83: 2024包材回收 | B83: 重量 | C83: 國內 | D83: 4823 | E83: 3211 | F83: 4561 | G83: 4282 | H83: 4205 | I83: 3612 | J83: 4443 | K83: 3218 | L83: 3546 | M83: 3690 | N83: 3413 | O83: 4247 | P83: =SUM(D83:O83) -> 47251
C84: 國外 | D84: 30646 | E84: 14741 | F84: 28584 | G84: 22237 | H84: 23832 | I84: 27875 | J84: 24512 | K84: 20063 | L84: 25264.5 | M84: 24707 | N84: 20032 | O84: 22602 | P84: =SUM(D84:O84) -> 285095.5
C85: 合計 | D85: =D83+D84 -> 35469 | E85: =E83+E84 -> 17952 | F85: =F83+F84 -> 33145 | G85: =G83+G84 -> 26519 | H85: =H83+H84 -> 28037 | I85: =I83+I84 -> 31487 | J85: =J83+J84 -> 28955 | K85: =K83+K84 -> 23281 | ... O85: =O83+O84 -> 26849 | P85: =SUM(D85:O85) -> 332346.5
C86: 同期比 | D86: =D85/D77 -> 2.2147362 | E86: =E85/E77 -> 0.91652627 | F86: =F85/F77 -> 1.0873274 | G86: =G85/G77 -> 1.162757 | H86: =H85/H77 -> 0.87185148 | I86: =I85/I77 -> 1.3663268 | J86: =J85/J77 -> 1.044402 | K86: =K85/K77 -> 1.1121674 | ... O86: =O85/O77 -> 0.80666386 | P86: =SUM(D86:O86) -> 13.199374
B87: 金額 (萬元) | C87: 國內 | D87: 22.2 | E87: 14.6 | F87: 20.5 | G87: 19.6 | H87: 19.3 | I87: 16.7 | J87: 20.1 | K87: 14.8 | L87: 16.6 | M87: 17.1 | N87: 16.1 | O87: 19.7 | P87: =SUM(D87:O87) -> 217.3
C88: 國外 | D88: 121.16 | E88: 61.5 | F88: 123.1 | G88: 91.6 | H88: 89.7 | I88: 119.8 | J88: 88 | K88: 77.3 | L88: 103.5 | M88: 88.5 | N88: 67.6 | O88: 76.9 | P88: =SUM(D88:O88) -> 1108.66
C89: 合計 | D89: =D87+D88 -> 143.36 | E89: =E87+E88 -> 76.1 | F89: =F87+F88 -> 143.6 | G89: =G87+G88 -> 111.2 | H89: =H87+H88 -> 109 | I89: =I87+I88 -> 136.5 | J89: =J87+J88 -> 108.1 | K89: =K87+K88 -> 92.1 | ... O89: =O87+O88 -> 96.6 | P89: =SUM(D89:O89) -> 1325.96
C90: 同期比 | D90: =D89/D81 -> 2.0627338 | E90: =E89/E81 -> 0.93031785 | F90: =F89/F81 -> 1.1414944 | G90: =G89/G81 -> 1.1867663 | H90: =H89/H81 -> 0.87269816 | I90: =I89/I81 -> 1.21875 | J90: =J89/J81 -> 0.97563177 | K90: =K89/K81 -> 1.050171 | ... P90: =P89/P81 -> 0.99137196
A91: 2025包材回收 | B91: 重量 | C91: 國內 | D91: 3049 | E91: 3344 | F91: 3925 | G91: 3494 | H91: 3212 | I91: 3261 | J91: 3267 | K91: 2520 | L91: 2855 | M91: 2511 | N91: 2135 | O91: 2603 | P91: =SUM(D91:O91) -> 36176
C92: 國外 | D92: 14198 | E92: 22052 | F92: 23449 | G92: 27357.5 | H92: 18891 | I92: 29006 | J92: 23905 | K92: 12130 | L92: 22098 | M92: 18740 | N92: 18324 | O92: 19024 | P92: =SUM(D92:O92) -> 249174.5
C93: 合計 | D93: =D91+D92 -> 17247 | E93: =E91+E92 -> 25396 | F93: =F91+F92 -> 27374 | G93: =G91+G92 -> 30851.5 | H93: =H91+H92 -> 22103 | I93: =I91+I92 -> 32267 | J93: =J91+J92 -> 27172 | K93: =K91+K92 -> 14650 | ... O93: =O91+O92 -> 21627 | P93: =SUM(D93:O93) -> 285350.5
C94: 同期比 | D94: =D93/D85 -> 0.4862556 | E94: =E93/E85 -> 1.4146613 | F94: =F93/F85 -> 0.82588626 | G94: =G93/G85 -> 1.1633734 | H94: =H93/H85 -> 0.78835111 | I94: =I93/I85 -> 1.0247721 | J94: =J93/J85 -> 0.93842169 | K94: =K93/K85 -> 0.6292685 | ... P94: =P93/P85 -> 0.85859337
B95: 金額 (萬元) | C95: 國內 | D95: 13.7 | E95: 15.6 | F95: 18 | G95: 16.1 | H95: 14.9 | I95: 15.3 | J95: 15.2 | K95: 11.7 | L95: 13.3 | M95: 11.6 | N95: 9.8 | O95: 11.9 | P95: =SUM(D95:O95) -> 167.1
C96: 國外 | D96: 47.5 | E96: 89.7 | F96: 96 | G96: 143.5 | H96: 84.3 | I96: 146.8 | J96: 123.1 | K96: 53.9 | L96: 94.8 | M96: 75.2 | N96: 76 | O96: 79.3 | P96: =SUM(D96:O96) -> 1110.1
C97: 合計 | D97: =D95+D96 -> 61.2 | E97: =E95+E96 -> 105.3 | F97: =F95+F96 -> 114 | G97: =G95+G96 -> 159.6 | H97: =H95+H96 -> 99.2 | I97: =I95+I96 -> 162.1 | J97: =J95+J96 -> 138.3 | K97: =K95+K96 -> 65.6 | ... O97: =O95+O96 -> 91.2 | P97: =SUM(D97:O97) -> 1277.2
C98: 同期比 | D98: =D97/D89 -> 0.42689732 | E98: =E97/E89 -> 1.3837057 | F98: =F97/F89 -> 0.79387187 | G98: =G97/G89 -> 1.4352518 | H98: =H97/H89 -> 0.91009174 | I98: =I97/I89 -> 1.1875458 | J98: =J97/J89 -> 1.279371 | K98: =K97/K89 -> 0.71226927 | ... P98: =P97/P89 -> 0.96322664
A99: 2026包材回收 | B99: 重量 | C99: 國內 | D99: 2155 | E99: 1805 | F99: 2723 | G99: 2055 | H99: 2345 | I99: 2275 | J99: 2205 | K99: 2135 | L99: 1859 | P99: =SUM(D99:O99) -> 19557
C100: 國外 | D100: 15318 | E100: 12213 | F100: 21784 | G100: 15884 | H100: 16660 | I100: 15063 | J100: 18170 | K100: 16408 | L100: 20939 | P100: =SUM(D100:O100) -> 152439
C101: 合計 | D101: =D99+D100 -> 17473 | E101: =E99+E100 -> 14018 | F101: =F99+F100 -> 24507 | G101: =G99+G100 -> 17939 | H101: =H99+H100 -> 19005 | I101: =I99+I100 -> 17338 | J101: =J99+J100 -> 20375 | K101: =K99+K100 -> 18543 | ... O101: =O99+O100 -> 0 | P101: =SUM(D101:O101) -> 171996
C102: 同期比 | D102: =D101/D93 -> 1.0131037 | E102: =E101/E93 -> 0.55197669 | F102: =F101/F93 -> 0.89526558 | G102: =G101/G93 -> 0.58146281 | H102: =H101/H93 -> 0.85983803 | I102: =I101/I93 -> 0.53732916 | J102: =J101/J93 -> 0.74985279 | K102: =K101/K93 -> 1.2657338 | ... P102: =P101/P93 -> 0.60275346
B103: 金額 (萬元) | C103: 國內 | D103: 9.8 | E103: 8.4 | F103: 12.4 | G103: 9.4 | H103: 10.8 | I103: 10.4 | J103: 10.1 | K103: 9.7 | L103: 8.3 | P103: =SUM(D103:O103) -> 89.3
...

Sheet 加班時數
A1: 月份/類別 | B1: 一 | C1: 二 | D1: 三 | E1: 四 | F1: 五 | G1: 六 | H1: 七 | I1: 八 | J1: 九 | K1: 十 | L1: 十一 | M1: 十二
A2: 大物進貨 | B2: 91.8 | C2: 89.7 | D2: 153 | E2: 128.8 | F2: 49 | G2: 109 | H2: 112 | I2: 169 | J2: 141
A3: 中小物進貨 | B3: 122 | C3: 132 | D3: 141 | E3: 275 | F3: 272 | G3: 849 | H3: 711.5 | I3: 922 | J3: 688
A4: 改善支援上架 | B4: 23.5 | C4: 20 | D4: 16.5 | E4: 11 | F4: 6 | G4: 26 | H4: 22
A5: 支援補充上架作業(中小物) | B5: 80 | C5: 32 | H5: 41.7
A6: 中小物進貨空運檢查支援＆加班
A7: 進貨合計 | B7: =SUM(B2:B6) -> 317.3 | C7: =SUM(C2:C6) -> 273.7 | D7: =SUM(D2:D6) -> 310.5 | E7: =SUM(E2:E6) -> 414.8 | F7: =SUM(F2:F6) -> 327 | G7: =SUM(G2:G6) -> 984 | H7: =SUM(H2:H6) -> 887.2 | I7: =SUM(I2:I6) -> 1091 | ... M7: =SUM(M2:M6) -> 0
A9: 大物出貨 | B9: 443.5 | C9: 163 | D9: 391.5 | E9: 380.5 | F9: 340.5 | G9: 284 | H9: 420.5 | I9: 355.5 | J9: 354.5
A10: 中小物出貨 | B10: 876.5 | C10: =52+256 -> 308 | D10: 782 | E10: 969 | F10: 1137.5 | G10: 1151 | H10: 1100 | I10: 999.5 | J10: 958
A11: 月台理貨 | B11: 168.5 | C11: =57+32 -> 89 | D11: 163 | E11: 52 | F11: 177.5 | G11: 168.5 | H11: 167.5 | I11: 148 | J11: 135
A12: 精品出貨 | I12: 97 | J12: 96
A13: AGV理貨段取(支援) | G13: 13
A14: 改善人員/週六出勤封箱補充支援周六出貨(補充) | D14: 64 | E14: 72 | F14: 64 | G14: 50 | H14: 64 | I14: 95 | J14: 99.5
A15: 支援段取到月台 | B15: 20 | C15: 14 | D15: 25 | E15: 153 | F15: 23 | I15: 22.5 | J15: 20.5
A16: 中小物出貨W庫支援&加班 | B16: 84.5 | C16: 34.5 | D16: 83 | E16: 44
A17: 幹線疊貨作業
A18: 出貨合計 | B18: =SUM(B9:B17) -> 1593 | C18: =SUM(C9:C17) -> 608.5 | D18: =SUM(D9:D17) -> 1508.5 | E18: =SUM(E9:E17) -> 1670.5 | F18: =SUM(F9:F17) -> 1742.5 | G18: =SUM(G9:G17) -> 1666.5 | H18: =SUM(H9:H17) -> 1752 | I18: =SUM(I9:I17) -> 1717.5 | ... M18: =SUM(M9:M17) -> 0
A20: 包裝大物進貨
A21: 包裝中小物進貨 | B21: 4 | C21: 16 | D21: 20 | E21: 12 | F21: 32 | G21: 40 | H21: 44 | I21: 16 | J21: 18
A22: 包裝 | B22: 79.5 | C22: 145 | D22: 120 | E22: 178.5 | F22: 241 | G22: 675 | H22: 695.5 | I22: 642.5 | J22: 689
A23: 保桿
A24: 輸出 | B24: 104.5 | C24: 58 | D24: 195.5 | E24: 62.5 | F24: 82 | G24: 25.5 | H24: 190 | I24: 110 | J24: 220
A25: 其他:對應KZ盤點.打切零件.事務.手冊 | B25: 25.3 | C25: 19 | D25: 11.3 | E25: 53.8 | F25: 27 | G25: 50 | H25: 50.2 | I25: 69.3 | J25: 25
A26: 包裝合計 | B26: =SUM(B20:B25) -> 213.3 | C26: =SUM(C20:C25) -> 238 | D26: =SUM(D20:D25) -> 346.8 | E26: =SUM(E20:E25) -> 306.8 | F26: =SUM(F20:F25) -> 382 | G26: =SUM(G20:G25) -> 790.5 | H26: =SUM(H20:H25) -> 979.7 | I26: =SUM(I20:I25) -> 837.8 | ... M26: =SUM(M20:M25) -> 0
A28: 總計 | B28: =B26+B18+B7 -> 2123.6 | C28: =C26+C18+C7 -> 1120.2 | D28: =D26+D18+D7 -> 2165.8 | E28: =E26+E18+E7 -> 2392.1 | F28: =F26+F18+F7 -> 2451.5 | G28: =G26+G18+G7 -> 3441 | H28: =H26+H18+H7 -> 3618.9 | I28: =I26+I18+I7 -> 3646.3 | ... M28: =M26+M18+M7 -> 0

Sheet 優開SQL(中小物)
A1: --優開--
A2: SELECT CAST(CRTDT AS DATE) AS CRTDT,COUNT(*) AS CNT
A3: FROM VPMTSNO
A4: WHERE REJECTCD=' ' AND SNOTYPE='C'
A5: AND CONVERT(VARCHAR,CRTDT,112) BETWEEN '20260701' AND '20260731'
A6: GROUP BY CAST(CRTDT AS DATE)
A7: ORDER BY CAST(CRTDT AS DATE)
